incident_id,confidence,is_correct,confidence_bin
55035,0.6211982650756835,0,50-60%
54433,0.6057367010116577,0,50-60%
55033,0.6986280961036682,0,60-70%
63717,0.545029723962148,0,40-50%
54432,0.5288937651316324,0,40-50%
55032,0.6677552742958068,0,60-70%
63538,0.5981919132868448,0,50-60%
63924,0.554411614259084,0,40-50%
63587,0.554411614259084,0,40-50%
63725,0.554411614259084,0,40-50%
63641,0.5476458314259847,0,40-50%
63680,0.6974559707641601,0,60-70%
63449,0.554411614259084,0,40-50%
63704,0.554411614259084,0,40-50%
63610,0.554411614259084,0,40-50%
63893,0.6974559707641601,0,60-70%
63847,0.5409974419275919,0,40-50%
63442,0.6073684337933858,0,50-60%
63743,0.6064608338673909,0,50-60%
63485,0.5796704573631286,0,50-60%
63727,0.554411614259084,0,40-50%
63591,0.6550775133768717,0,60-70%
63919,0.5544114950497945,0,40-50%
63584,0.6633868498802185,0,60-70%
63798,0.5544114950497945,0,40-50%
63568,0.5544114950497945,0,40-50%
63553,0.6615975184440612,0,60-70%
63645,0.6633868498802185,0,60-70%
63886,0.5544114950497945,0,40-50%
63612,0.554411614259084,0,40-50%
63906,0.554411614259084,0,40-50%
63601,0.554411614259084,0,40-50%
63496,0.6615975184440612,0,60-70%
63770,0.554411614259084,0,40-50%
63448,0.6615975184440612,0,60-70%
63833,0.5544114950497945,0,40-50%
55026,0.6986280961036682,0,60-70%
63750,0.5544114950497945,0,40-50%
54426,0.4298775437672933,0,20-30%
63684,0.5544114950497945,0,40-50%
63912,0.6420086585680643,0,60-70%
63487,0.5468359235127767,0,40-50%
55018,0.6677552742958068,0,60-70%
63552,0.4508320930798848,0,30-40%
63923,0.6545445008277893,0,60-70%
63444,0.6323329491615295,0,50-60%
63497,0.6615975184440612,0,60-70%
63845,0.5544114950497945,0,40-50%
63920,0.6106038374900817,0,50-60%
63609,0.5544114950497945,0,40-50%
63841,0.5544114950497945,0,40-50%
63848,0.554411614259084,0,40-50%
63901,0.5544114950497945,0,40-50%
68924,0.4665217939217885,0,30-40%
63780,0.5251828991572062,0,40-50%
63686,0.4587646666367849,0,30-40%
63892,0.6738510095278422,0,60-70%
63816,0.5544114950497945,0,40-50%
63726,0.5544114950497945,0,40-50%
63896,0.554411614259084,0,40-50%
63670,0.660712031841278,0,60-70%
63859,0.554411614259084,0,40-50%
63900,0.554411614259084,0,40-50%
63818,0.660712031841278,0,60-70%
63486,0.554411614259084,0,40-50%
63626,0.554411614259084,0,40-50%
63476,0.6643569750785827,0,60-70%
63757,0.5544114950497945,0,40-50%
63521,0.5544114950497945,0,40-50%
63768,0.5544114950497945,0,40-50%
63834,0.5544114950497945,0,40-50%
63616,0.554411614259084,0,40-50%
63555,0.6633868498802185,0,60-70%
63599,0.660712031841278,0,60-70%
63543,0.5544114950497945,0,40-50%
63520,0.660712031841278,0,60-70%
63471,0.5544114950497945,0,40-50%
63453,0.5544114950497945,0,40-50%
63783,0.5544114950497945,0,40-50%
63617,0.5544114950497945,0,40-50%
63625,0.5544114950497945,0,40-50%
63562,0.5544114950497945,0,40-50%
63744,0.5544114950497945,0,40-50%
63679,0.5544114950497945,0,40-50%
63460,0.6643569750785827,0,60-70%
63730,0.5544114950497945,0,40-50%
63529,0.660712031841278,0,60-70%
63731,0.5544114950497945,0,40-50%
63648,0.5544114950497945,0,40-50%
63510,0.6643569750785827,0,60-70%
63582,0.5544114950497945,0,40-50%
63819,0.5544114950497945,0,40-50%
63855,0.5544114950497945,0,40-50%
63463,0.5544114950497945,0,40-50%
63490,0.5544114950497945,0,40-50%
63836,0.5544114950497945,0,40-50%
63878,0.5544114950497945,0,40-50%
63638,0.5544114950497945,0,40-50%
63653,0.554411614259084,0,40-50%
63918,0.4980423115889231,0,30-40%
63917,0.5296826604207356,0,40-50%
63869,0.5760989152590433,0,50-60%
63738,0.5544114950497945,0,40-50%
63657,0.5544114950497945,0,40-50%
63662,0.6295327507654825,0,50-60%
63512,0.5563241206804911,0,40-50%
63559,0.660712031841278,0,60-70%
63771,0.554411614259084,0,40-50%
63567,0.5544114950497945,0,40-50%
63509,0.5544114950497945,0,40-50%
63481,0.6633868498802185,0,60-70%
63699,0.554411614259084,0,40-50%
63663,0.554411614259084,0,40-50%
63740,0.5544114950497945,0,40-50%
63573,0.5544114950497945,0,40-50%
63556,0.5544114950497945,0,40-50%
63646,0.5544114950497945,0,40-50%
63647,0.554411614259084,0,40-50%
63903,0.5544114950497945,0,40-50%
63737,0.5544114950497945,0,40-50%
63804,0.5537359360059102,0,40-50%
63673,0.5544114950497945,0,40-50%
63767,0.4925249758561452,0,30-40%
63605,0.554411614259084,0,40-50%
63462,0.5544114950497945,0,40-50%
63564,0.6643569750785827,0,60-70%
63447,0.554411614259084,0,40-50%
63576,0.554411614259084,0,40-50%
60709,0.610617304166158,0,50-60%
63644,0.5544114950497945,0,40-50%
63466,0.5544114950497945,0,40-50%
63468,0.5544114950497945,0,40-50%
63877,0.5544114950497945,0,40-50%
63693,0.5387147052288055,0,40-50%
63810,0.5708955171902974,0,40-50%
68925,0.5544114950497945,0,40-50%
63637,0.5921334905624389,0,50-60%
63824,0.6502358876864115,0,60-70%
63519,0.5856598261197408,0,50-60%
63766,0.6158377809524536,0,50-60%
63751,0.5956578218142191,0,50-60%
63524,0.5021241548856099,0,30-40%
59520,0.5817520860036214,0,50-60%
59754,0.6697097980181376,0,60-70%
59724,0.5091802123387654,0,40-50%
59605,0.5387873295148213,0,40-50%
60312,0.6364175640741984,0,50-60%
59568,0.5346278789838155,0,40-50%
59993,0.5196428540547688,0,40-50%
59719,0.6642350517908732,0,60-70%
59361,0.6098965091705322,0,50-60%
59964,0.5793493353525797,0,50-60%
60059,0.5855040791829427,0,50-60%
60134,0.5831851922671,0,50-60%
59104,0.642087304910024,0,60-70%
59183,0.6619432531992594,0,60-70%
59524,0.5457442644437154,0,40-50%
59641,0.5504333618481954,0,40-50%
68927,0.5876730047861735,0,50-60%
68928,0.5609507802327474,0,40-50%
68929,0.6116303168932596,0,50-60%
68930,0.6229511184692382,0,50-60%
64970,0.5491993072827657,0,40-50%
68931,0.6249423904418945,0,50-60%
68932,0.647187439918518,0,60-70%
68933,0.528448605855306,0,40-50%
68934,0.6277865413029988,0,50-60%
68935,0.6183797402381896,0,50-60%
59102,0.5752917173703511,0,50-60%
59230,0.5571000539461771,0,40-50%
59340,0.5865680856704711,0,50-60%
59353,0.5410709662437438,0,40-50%
60396,0.5430568102200826,0,40-50%
59391,0.5639589392344156,0,40-50%
59939,0.5122458580334981,0,40-50%
59609,0.5541554672718048,0,40-50%
59387,0.5904999338785807,0,50-60%
59162,0.5356195532480875,0,40-50%
59712,0.5369635465939839,0,40-50%
59554,0.6549088044166564,0,60-70%
60300,0.5911984089215596,0,50-60%
59995,0.6681476794878641,0,60-70%
59376,0.5571000539461771,0,40-50%
63692,0.554411614259084,0,40-50%
63885,0.6694147868156433,0,60-70%
63747,0.5737310611406962,0,50-60%
63721,0.554411614259084,0,40-50%
63690,0.6870737357139587,0,60-70%
63507,0.6516248269081115,0,60-70%
63790,0.6401314380963643,0,50-60%
68936,0.4894089940388997,0,30-40%
68937,0.6574188434282938,0,60-70%
68938,0.5385410431226094,0,40-50%
68939,0.5753900372187296,0,50-60%
68940,0.5591363870302836,0,40-50%
68941,0.706315128326416,0,60-70%
68942,0.6208891514142354,0,50-60%
68943,0.572275007088979,0,40-50%
68944,0.59646165005366,0,50-60%
68945,0.5658982359568278,0,40-50%
68946,0.5783068183263143,0,50-60%
68947,0.6180341803232828,0,50-60%
68948,0.6522660536766052,0,60-70%
68949,0.6268546862602233,0,50-60%
68950,0.5713808499972025,0,40-50%
68951,0.6228002591133117,0,50-60%
68952,0.6202434582710266,0,50-60%
68953,0.6156202518145243,0,50-60%
68954,0.5777828656832377,0,50-60%
68955,0.5185986998875936,0,40-50%
68956,0.5945024135907491,0,50-60%
68957,0.5887005888621012,0,50-60%
68958,0.5265587213834126,0,40-50%
68959,0.5838125907580057,0,50-60%
68960,0.584937151590983,0,50-60%
68961,0.6091130061149597,0,50-60%
68962,0.60949134461085,0,50-60%
68963,0.5826850179036458,0,50-60%
68964,0.6486546638806661,0,60-70%
68965,0.7925282680193583,0,80-90%
68966,0.597739156405131,0,50-60%
68967,0.54295929702123,0,40-50%
68968,0.6240222417513529,0,50-60%
68969,0.6508024298350016,0,60-70%
68970,0.682786608060201,0,60-70%
68971,0.6060466729799906,0,50-60%
68972,0.5919862353006998,0,50-60%
68973,0.6025792005856832,0,50-60%
68974,0.6142380797068278,0,50-60%
68975,0.6140445156097412,0,50-60%
68976,0.6533234678904215,0,60-70%
68977,0.5923629048665364,0,50-60%
68978,0.6145243926048278,0,50-60%
68979,0.6276212894121805,0,50-60%
68980,0.5805137399037679,0,50-60%
68981,0.5402679684956868,0,40-50%
68982,0.7225199901262919,0,70-80%
68983,0.6467797441482543,0,60-70%
68984,0.5849915110270182,0,50-60%
68985,0.529597902615865,0,40-50%
68986,0.6070441567103068,0,50-60%
68987,0.5772453192075093,0,50-60%
63523,0.4989736341635386,0,30-40%
63792,0.5447503609657287,0,40-50%
63484,0.5695765856107076,0,40-50%
63870,0.5351990146636962,0,40-50%
63807,0.4949628078142802,0,30-40%
63922,0.5623684210777282,0,40-50%
63483,0.6675636135737101,0,60-70%
63711,0.5544114950497945,0,40-50%
63649,0.6116938554445902,0,50-60%
63899,0.5544114950497945,0,40-50%
63758,0.4687848630746206,0,30-40%
63850,0.6248250885009765,0,50-60%
63749,0.6290534380276998,0,50-60%
68988,0.5455792827606201,0,40-50%
63594,0.558766627629598,0,40-50%
63650,0.645544016679128,0,60-70%
63660,0.5912462158203124,0,50-60%
64975,0.5856594406763712,0,50-60%
63504,0.5395019892056783,0,40-50%
68989,0.6252109093666076,0,50-60%
63537,0.6321509443918863,0,50-60%
63772,0.5425147059758504,0,40-50%
63642,0.6409648024241129,0,50-60%
63739,0.5639512502352396,0,40-50%
63800,0.6299438161849975,0,50-60%
63664,0.6254756692250569,0,50-60%
63867,0.6171899123191833,0,50-60%
63823,0.5478814485867818,0,40-50%
63774,0.5554974658489227,0,40-50%
63451,0.6714264435768127,0,60-70%
63802,0.6039099656740824,0,50-60%
63871,0.5465435627301534,0,40-50%
63880,0.6935404820442199,0,60-70%
63577,0.5654580834706624,0,40-50%
68990,0.5451991521517435,0,40-50%
63815,0.5619919541676839,0,40-50%
63624,0.5647925976117452,0,40-50%
63775,0.5974961204528808,0,50-60%
63604,0.577253365834554,0,50-60%
63795,0.6725001020431518,0,60-70%
63580,0.5314298831621805,0,40-50%
63797,0.5647259596188863,0,40-50%
63586,0.4437102917035421,0,30-40%
63840,0.6397626363436381,0,50-60%
63761,0.4662622752984365,0,30-40%
63890,0.5162086728413899,0,40-50%
65545,0.5297694447835286,0,40-50%
63857,0.6284920536677042,0,50-60%
63723,0.5541655662854512,0,40-50%
63866,0.554411614259084,0,40-50%
63526,0.556736791451772,0,40-50%
63874,0.6348809563318888,0,50-60%
63794,0.5302383863131205,0,40-50%
63735,0.5435902717908223,0,40-50%
63455,0.6796952131589253,0,60-70%
63861,0.5982750895818074,0,50-60%
63652,0.5705773475964864,0,40-50%
63762,0.3844432198206584,0,20-30%
68991,0.4985376857916514,0,30-40%
63788,0.6021097544034322,0,50-60%
63712,0.6675636135737101,0,60-70%
63849,0.4978122356732686,0,30-40%
66656,0.5630591157277425,0,40-50%
63654,0.5950837694803873,0,50-60%
63806,0.6847233417828877,0,60-70%
63872,0.6068489832878112,0,50-60%
63713,0.5046016815503438,0,40-50%
63674,0.5860669258435567,0,50-60%
63445,0.4859822634061178,0,30-40%
63813,0.630600210348765,0,50-60%
63915,0.5976103507677714,0,50-60%
63651,0.479977393468221,0,30-40%
63709,0.4813190642197927,0,30-40%
63677,0.5617819670041402,0,40-50%
63779,0.5710706078211466,0,40-50%
63516,0.4452114962736765,0,30-40%
63630,0.5813618583679199,0,50-60%
63715,0.5980354232788085,0,50-60%
63879,0.4691858255068461,0,30-40%
63534,0.5826170090039571,0,50-60%
65546,0.5808436555862426,0,50-60%
63741,0.6502782665888468,0,60-70%
63633,0.6499259713490804,0,60-70%
63661,0.6541239304542541,0,60-70%
64974,0.5424668156305948,0,40-50%
68992,0.5878715200424194,0,50-60%
63551,0.6762467308044433,0,60-70%
63827,0.6536022666295369,0,60-70%
63596,0.6451607031822204,0,60-70%
63863,0.5770758035977681,0,50-60%
63852,0.5672701838811238,0,40-50%
63666,0.5163258555730184,0,40-50%
63689,0.584070738474528,0,50-60%
68993,0.6353190782864888,0,50-60%
68994,0.5966474695205688,0,50-60%
68995,0.5870892368952433,0,50-60%
68996,0.6248786134719848,0,50-60%
68997,0.6360040866533915,0,50-60%
68998,0.6029946171442667,0,50-60%
68999,0.5086206439336141,0,40-50%
69000,0.6333515329360961,0,50-60%
69001,0.6678671204249064,0,60-70%
69002,0.578810835202535,0,50-60%
69003,0.5944526755015055,0,50-60%
69004,0.9158826751708984,0,90-100%
69005,0.584287520567576,0,50-60%
69006,0.7311447226206461,0,70-80%
69007,0.5988850835164388,0,50-60%
69008,0.6004741433461507,0,50-60%
64976,0.5907111131350199,0,50-60%
64977,0.4762137773831685,0,30-40%
64973,0.5833398663202921,0,50-60%
69009,0.6785704735120137,0,60-70%
69010,0.6213838739395141,0,50-60%
64972,0.5954599939982096,0,50-60%
69011,0.633318122545878,0,50-60%
69012,0.6685565991401672,0,60-70%
69013,0.5824630502065022,0,50-60%
69014,0.547167535940806,0,40-50%
69015,0.5539325717290242,0,40-50%
69016,0.6205690188407897,0,50-60%
69017,0.6404454949696858,0,50-60%
69018,0.548514569123586,0,40-50%
69019,0.5568253361384073,0,40-50%
69020,0.6503884477615356,0,60-70%
69021,0.6032199544906616,0,50-60%
69022,0.5396786573727925,0,40-50%
69023,0.5501399281819661,0,40-50%
69024,0.6146861556371053,0,50-60%
69025,0.6312177144686381,0,50-60%
69026,0.6446814222335815,0,60-70%
69027,0.6025311592419942,0,50-60%
69028,0.6122954729398091,0,50-60%
69029,0.5725406053860982,0,40-50%
69030,0.6008864008585612,0,50-60%
69031,0.6290061119397481,0,50-60%
69032,0.5945262276331583,0,50-60%
69033,0.6038165334065755,0,50-60%
69034,0.584287520567576,0,50-60%
69035,0.5991385542551676,0,50-60%
69036,0.5930098258654276,0,50-60%
69037,0.577502811272939,0,50-60%
69038,0.6539153420130411,0,60-70%
69039,0.5704493764241536,0,40-50%
69040,0.5308976414998372,0,40-50%
69041,0.5758186820348103,0,50-60%
69042,0.6044165137608846,0,50-60%
69043,0.5977460705439249,0,50-60%
64978,0.590063596089681,0,50-60%
69044,0.5457225683530171,0,40-50%
69045,0.5985912048021952,0,50-60%
69046,0.5730983856519063,0,50-60%
69047,0.6456028186480204,0,60-70%
69048,0.6158738099733988,0,50-60%
69049,0.5823596679369608,0,50-60%
69050,0.4906507674058278,0,30-40%
69051,0.5768713914553324,0,50-60%
69052,0.5695444904963175,0,40-50%
69053,0.6456370317141215,0,60-70%
69054,0.6660031639734904,0,60-70%
69055,0.6426461898485819,0,60-70%
69056,0.5323699358304341,0,40-50%
69057,0.6249111576080322,0,50-60%
69058,0.5401569250424703,0,40-50%
69059,0.6028268896738688,0,50-60%
69060,0.5840558969179789,0,50-60%
69061,0.5925468169848124,0,50-60%
69062,0.5979682170550028,0,50-60%
69063,0.7145830356280009,0,70-80%
69064,0.5419244729677836,0,40-50%
69065,0.7251363677978515,0,70-80%
69066,0.520817065556844,0,40-50%
69067,0.6377460323969523,0,50-60%
69068,0.6462970657348632,0,60-70%
69069,0.542280757745107,0,40-50%
69070,0.6522966904640197,0,60-70%
69071,0.6184389236768086,0,50-60%
69072,0.5759255253473917,0,50-60%
69073,0.6131976488431294,0,50-60%
69074,0.5896918141047159,0,50-60%
69075,0.5755323731104532,0,50-60%
69076,0.5212520006497701,0,40-50%
69077,0.5808367692629496,0,50-60%
69078,0.5665209534962972,0,40-50%
64988,0.5391299370129903,0,40-50%
69079,0.5950258019765218,0,50-60%
69080,0.6735260171890258,0,60-70%
69081,0.6050027294158935,0,50-60%
69082,0.5458863023122151,0,40-50%
69083,0.591929936726888,0,50-60%
69084,0.5891933404604593,0,50-60%
69085,0.5768713914553324,0,50-60%
69086,0.5768713914553324,0,50-60%
69087,0.6322276277542114,0,50-60%
69088,0.5555774811108907,0,40-50%
69089,0.5808306578000386,0,50-60%
69090,0.7327909154891967,0,70-80%
69091,0.5786966644922892,0,50-60%
69092,0.6207651777267456,0,50-60%
69093,0.5670078638394673,0,40-50%
69094,0.5947872959772745,0,50-60%
69095,0.5768713914553324,0,50-60%
69096,0.5434591415723165,0,40-50%
64987,0.6822957359949747,0,60-70%
69097,0.6488044225374857,0,60-70%
69098,0.5868825558026631,0,50-60%
69099,0.5912831389109293,0,50-60%
69100,0.5397538188298543,0,40-50%
69101,0.5864674690564473,0,50-60%
69102,0.5931744538942972,0,50-60%
69103,0.5565601828893025,0,40-50%
64986,0.5764756444295247,0,50-60%
69104,0.5300113204320271,0,40-50%
69105,0.6221975925763448,0,50-60%
69106,0.5969904028574625,0,50-60%
69107,0.5927973949114481,0,50-60%
63722,0.5335396769841512,0,40-50%
63789,0.4815742019017537,0,30-40%
63700,0.5443680528004964,0,40-50%
63868,0.6071534716288248,0,50-60%
63450,0.6061774455706278,0,50-60%
63763,0.2906895223458608,0,0-10%
63493,0.7092061324119567,0,60-70%
63814,0.4875029567082723,0,30-40%
63659,0.4502753558953603,0,30-40%
63531,0.4690982642968496,0,30-40%
63627,0.5719325188000997,0,40-50%
63734,0.5671198927561442,0,40-50%
63701,0.5494008027712504,0,40-50%
63839,0.4945823513666789,0,30-40%
63479,0.5464065316518147,0,40-50%
63547,0.6997840089797973,0,60-70%
63889,0.6997840089797973,0,60-70%
63600,0.697830705165863,0,60-70%
63897,0.6997840089797973,0,60-70%
63540,0.6997840089797973,0,60-70%
63694,0.554411614259084,0,40-50%
63678,0.554411614259084,0,40-50%
63495,0.6997840089797973,0,60-70%
63608,0.554411614259084,0,40-50%
63776,0.554411614259084,0,40-50%
63505,0.554411614259084,0,40-50%
63542,0.697830705165863,0,60-70%
63635,0.554411614259084,0,40-50%
63602,0.697830705165863,0,60-70%
63473,0.6994185729026794,0,60-70%
63688,0.6994185729026794,0,60-70%
63876,0.6997840089797973,0,60-70%
63873,0.6994185729026794,0,60-70%
63728,0.697830705165863,0,60-70%
69108,0.4667256437937419,0,30-40%
63513,0.589175665696462,0,50-60%
63482,0.6478937549591064,0,60-70%
63707,0.5932466351191202,0,50-60%
60748,0.5564196073214213,0,40-50%
63632,0.6256580594380696,0,50-60%
63492,0.5514125469525655,0,40-50%
63826,0.5658550504048665,0,40-50%
63545,0.7242057604789733,0,70-80%
63623,0.5604823791186014,0,40-50%
65001,0.4551772716840108,0,30-40%
63443,0.5754319670995076,0,50-60%
63875,0.6506389025052388,0,60-70%
63571,0.5012391769091288,0,30-40%
63746,0.5358979665438334,0,40-50%
63805,0.5877334121068318,0,50-60%
63628,0.485402757247289,0,30-40%
69109,0.4510359409650167,0,30-40%
69110,0.6443597359657287,0,60-70%
63489,0.4847490731080373,0,30-40%
63578,0.5232646110852559,0,40-50%
63829,0.5555121862093607,0,40-50%
63854,0.5912487470308939,0,50-60%
63585,0.6049488428433736,0,50-60%
63710,0.6571772061983744,0,60-70%
63622,0.5986303650538126,0,50-60%
63853,0.6118348800341288,0,50-60%
63736,0.5400183442433675,0,40-50%
63720,0.6323807481129964,0,50-60%
63683,0.554411614259084,0,40-50%
64088,0.6585217995643615,0,60-70%
63672,0.5571897271474202,0,40-50%
63502,0.5837592724164327,0,50-60%
63820,0.6181617024739583,0,50-60%
66665,0.415162587483724,0,20-30%
63461,0.5307881477673848,0,40-50%
63799,0.4755856060187022,0,30-40%
63550,0.6268400831222534,0,50-60%
63595,0.5336490852832794,0,40-50%
63669,0.5367796662648519,0,40-50%
63817,0.4362859669526418,0,30-40%
63803,0.5831561926205953,0,50-60%
69111,0.5252034905751546,0,40-50%
63716,0.55997749598821,0,40-50%
63583,0.5217423084576924,0,40-50%
63598,0.5603310111363728,0,40-50%
63590,0.557195628007253,0,40-50%
69112,0.6578884406089782,0,60-70%
63548,0.5683667623202006,0,40-50%
63503,0.5939449353218078,0,50-60%
63457,0.4947184267838796,0,30-40%
63916,0.5556253436406453,0,40-50%
63756,0.558984752813975,0,40-50%
63708,0.6511384808222452,0,60-70%
63665,0.5710354410807291,0,40-50%
63691,0.554411614259084,0,40-50%
63801,0.4958088341554006,0,30-40%
63574,0.5412759426434834,0,40-50%
63830,0.6290921532313029,0,50-60%
63812,0.4701043907006582,0,30-40%
63733,0.4651026967366536,0,30-40%
63904,0.5580787304242452,0,40-50%
63882,0.6146289947827657,0,50-60%
69113,0.5173287633260091,0,40-50%
63572,0.5708174351056416,0,40-50%
63446,0.6598730368614196,0,60-70%
63837,0.5481659415562947,0,40-50%
63883,0.501820532798767,0,30-40%
63488,0.6134121063550313,0,50-60%
63541,0.5755848569869995,0,50-60%
69114,0.6082250439325968,0,50-60%
63759,0.5338914635976155,0,40-50%
63724,0.5893087350527445,0,50-60%
63675,0.6240690910021464,0,50-60%
63506,0.518942499478658,0,40-50%
63864,0.5308338367144266,0,40-50%
63985,0.5494639836947123,0,40-50%
63655,0.4701839629014333,0,30-40%
63514,0.5151117089589436,0,40-50%
63581,0.5151117089589436,0,40-50%
63754,0.5151117089589436,0,40-50%
63838,0.5151117089589436,0,40-50%
63764,0.5151117089589436,0,40-50%
63454,0.5151117089589436,0,40-50%
63494,0.5151117089589436,0,40-50%
63991,0.5516337139606475,0,40-50%
63831,0.4836874547799428,0,30-40%
63753,0.590895502090454,0,50-60%
64229,0.5901923143068949,0,50-60%
63697,0.4292399528821309,0,20-30%
63968,0.5563216172854105,0,40-50%
63887,0.5138000491460164,0,40-50%
63640,0.5481528285344441,0,40-50%
63634,0.5269218646685282,0,40-50%
64119,0.6496159715652465,0,60-70%
63932,0.6561883969306945,0,60-70%
63911,0.5662098490397135,0,40-50%
69115,0.6890727841059366,0,60-70%
65008,0.5473800543149312,0,40-50%
69116,0.5922862850824991,0,50-60%
69117,0.5757129433949788,0,50-60%
69118,0.6929778420130411,0,60-70%
69119,0.6226426048278808,0,50-60%
69120,0.6206041259765624,0,50-60%
69121,0.5702869537671407,0,40-50%
69122,0.5676224473317464,0,40-50%
69123,0.5803748928705851,0,50-60%
69124,0.5668913367589314,0,40-50%
69125,0.6850081049601237,0,60-70%
69126,0.5923011266390482,0,50-60%
69127,0.5570028069814046,0,40-50%
69128,0.5757516585985819,0,50-60%
69129,0.582187648932139,0,50-60%
69130,0.5776518824895223,0,50-60%
69131,0.631935028553009,0,50-60%
69132,0.6369110309282938,0,50-60%
69133,0.6129685325622558,0,50-60%
69134,0.5395918730099996,0,40-50%
69135,0.7156455758412679,0,70-80%
69136,0.6168339811960856,0,50-60%
69137,0.5181046965916951,0,40-50%
69138,0.6672571582794189,0,60-70%
69139,0.5431782844861348,0,40-50%
69140,0.6025672796567281,0,50-60%
63844,0.5546720587412516,0,40-50%
69141,0.6449349168141683,0,60-70%
69142,0.613581474939982,0,50-60%
69143,0.5621741655667623,0,40-50%
69144,0.5676470640500386,0,40-50%
69145,0.5655003431638082,0,40-50%
69146,0.71605872742335,0,70-80%
69147,0.7306783758799235,0,70-80%
69148,0.543408835252126,0,40-50%
69149,0.625145789305369,0,50-60%
69150,0.6322717351913452,0,50-60%
69151,0.5755323731104532,0,50-60%
69152,0.6023206674257914,0,50-60%
69153,0.6446814222335815,0,60-70%
69154,0.5651424172719319,0,40-50%
69155,0.5716270171801249,0,40-50%
69156,0.6291856451034545,0,50-60%
69157,0.6686107479731241,0,60-70%
69158,0.544655287583669,0,40-50%
69159,0.6337595227559407,0,50-60%
64994,0.6266338470776875,0,50-60%
64993,0.6018505059878031,0,50-60%
69160,0.5796745065053304,0,50-60%
69161,0.6223477684656779,0,50-60%
69162,0.5681978109677632,0,40-50%
69163,0.5852538588841756,0,50-60%
69164,0.6170766634941101,0,50-60%
64989,0.6339576485951741,0,50-60%
69165,0.6527279578844706,0,60-70%
69166,0.5320726874669393,0,40-50%
69167,0.6131678783098856,0,50-60%
69168,0.5166787746747334,0,40-50%
64997,0.5519989970525105,0,40-50%
69169,0.6783871335983276,0,60-70%
64999,0.5750600063006083,0,50-60%
69170,0.6020724140803019,0,50-60%
69171,0.6150955839157104,0,50-60%
69172,0.5846224668820699,0,50-60%
65548,0.5462612751324971,0,40-50%
65006,0.5907483064333597,0,50-60%
69173,0.6723290327390035,0,60-70%
65004,0.6078491492271423,0,50-60%
69174,0.703368989944458,0,60-70%
69175,0.599267689704895,0,50-60%
69176,0.6075181606610616,0,50-60%
69177,0.586315238793691,0,50-60%
69178,0.5683766845067342,0,40-50%
65000,0.5939878466924031,0,50-60%
69179,0.6002696437835693,0,50-60%
69180,0.5822984817822774,0,50-60%
69181,0.619496580282847,0,50-60%
69182,0.6078487598101298,0,50-60%
69183,0.5349682532946268,0,40-50%
69184,0.5966773274739583,0,50-60%
65002,0.6254483742713928,0,50-60%
69185,0.609046038309733,0,50-60%
69186,0.5755323731104532,0,50-60%
65005,0.617659954547882,0,50-60%
69187,0.6379179321924845,0,50-60%
64991,0.5282921436627706,0,40-50%
69188,0.6023853980700175,0,50-60%
69189,0.5784695111910502,0,50-60%
69190,0.6395230574607849,0,50-60%
69191,0.5659900549252828,0,40-50%
69192,0.6030296646753946,0,50-60%
69193,0.5525342467625936,0,40-50%
69194,0.5880140307744344,0,50-60%
69195,0.5157833360830942,0,40-50%
64128,0.4819629731973012,0,30-40%
63793,0.5797437671025594,0,50-60%
63895,0.6028334779739379,0,50-60%
63615,0.5749078634579976,0,50-60%
63702,0.5182192587057749,0,40-50%
64091,0.4509461505413055,0,30-40%
63828,0.4907665792306264,0,30-40%
64044,0.4588831030527751,0,30-40%
64037,0.5705073717435201,0,40-50%
63561,0.5201060417493184,0,40-50%
63937,0.4750385526021322,0,30-40%
64073,0.5958390795389811,0,50-60%
63960,0.6050359252293904,0,50-60%
63687,0.5588284694353739,0,40-50%
64078,0.5114268922011057,0,40-50%
63558,0.5924941860834757,0,50-60%
63535,0.5076114180882771,0,40-50%
64156,0.5594892465273539,0,40-50%
63592,0.5068608167966207,0,40-50%
63517,0.5544114950497945,0,40-50%
63965,0.4244871083100637,0,20-30%
64215,0.6825009547869364,0,60-70%
64211,0.5316925886472066,0,40-50%
66676,0.5012716892560323,0,30-40%
64239,0.6536022666295369,0,60-70%
69196,0.5054183287620544,0,40-50%
64125,0.5184262636502583,0,40-50%
63773,0.4525414052804311,0,30-40%
64151,0.5703770163853963,0,40-50%
69197,0.550928914864858,0,40-50%
64240,0.4569998029073079,0,30-40%
64241,0.5812676512400309,0,50-60%
66667,0.5302939080397288,0,40-50%
69198,0.4267189764181773,0,20-30%
64242,0.4876397791703542,0,30-40%
66679,0.6018892490069071,0,50-60%
64243,0.5810178799629211,0,50-60%
64244,0.6548970305124918,0,60-70%
64245,0.6469100081125895,0,60-70%
64246,0.5327897631327311,0,40-50%
63785,0.4822847190697988,0,30-40%
64247,0.5229973756472269,0,40-50%
66673,0.7395918650627136,0,70-80%
63656,0.6157249493598937,0,50-60%
69199,0.59987300268809,0,50-60%
64014,0.6227476242383321,0,50-60%
64248,0.584070738474528,0,50-60%
69200,0.5979835354487101,0,50-60%
69201,0.634710280418396,0,50-60%
69202,0.623943146387736,0,50-60%
69203,0.594335790793101,0,50-60%
69204,0.5891620162328084,0,50-60%
65013,0.6244197173118591,0,50-60%
65012,0.6378982904752095,0,50-60%
69205,0.5816727840105692,0,50-60%
69206,0.5721018277804056,0,40-50%
69207,0.5669908169110616,0,40-50%
69208,0.5623257997830708,0,40-50%
69209,0.5936758481661478,0,50-60%
69210,0.6367724183400472,0,50-60%
69211,0.5851707421938578,0,50-60%
69212,0.5930999759038289,0,50-60%
69213,0.6319726351102193,0,50-60%
69214,0.6157653573354085,0,50-60%
69215,0.6050582491556803,0,50-60%
69216,0.6207624955177307,0,50-60%
69217,0.7268153074582417,0,70-80%
69218,0.5321319940884908,0,40-50%
69219,0.543772662003835,0,40-50%
69220,0.5483232978185018,0,40-50%
69221,0.5490623358090718,0,40-50%
69222,0.5680963956514994,0,40-50%
69223,0.6325825734138488,0,50-60%
69224,0.6037235819498697,0,50-60%
69225,0.628492649714152,0,50-60%
69226,0.6123136563301086,0,50-60%
69227,0.5917577706972758,0,50-60%
69228,0.5760863068898519,0,50-60%
65007,0.5272045694986979,0,40-50%
69229,0.6344033761024475,0,50-60%
69230,0.6140651984214782,0,50-60%
69231,0.5787630322774251,0,50-60%
69232,0.5810234192212422,0,50-60%
69233,0.5409879329999288,0,40-50%
69234,0.6259705983797709,0,50-60%
69235,0.6154415292739868,0,50-60%
69236,0.6299130601882934,0,50-60%
69237,0.6140738371213277,0,50-60%
69238,0.658201094786326,0,60-70%
69239,0.6329540851910909,0,50-60%
69240,0.5491132977803548,0,40-50%
69241,0.5498529318173726,0,40-50%
69242,0.5846323612531026,0,50-60%
65020,0.6080014669100443,0,50-60%
69243,0.6597545110384623,0,60-70%
69244,0.628316426595052,0,50-60%
69245,0.5775735619862874,0,50-60%
65011,0.5696111284891764,0,40-50%
69246,0.604065323193868,0,50-60%
69247,0.6105988585154215,0,50-60%
69248,0.5307716988722483,0,40-50%
69249,0.5810243132909139,0,50-60%
69250,0.5917131864229838,0,50-60%
65009,0.5890611691474914,0,50-60%
69251,0.6172606630325317,0,50-60%
69252,0.5873245242436727,0,50-60%
69253,0.6070165279706319,0,50-60%
65015,0.5652098301251729,0,40-50%
69254,0.5958354436556498,0,50-60%
69255,0.6074358188311259,0,50-60%
65016,0.6359287463823954,0,50-60%
69256,0.4878832641442617,0,30-40%
65017,0.5465135219891866,0,40-50%
65018,0.611610321521759,0,50-60%
65003,0.6021832469304402,0,50-60%
69257,0.6205755117734273,0,50-60%
64996,0.6239804906845092,0,50-60%
69258,0.5725848956108093,0,40-50%
69259,0.6475092414220174,0,60-70%
69260,0.6248392426172892,0,50-60%
69261,0.6169175469080607,0,50-60%
69262,0.6267707311312357,0,50-60%
63921,0.568954166094462,0,40-50%
64235,0.5373887661298116,0,40-50%
64249,0.5284113529523213,0,40-50%
69263,0.4384115599791209,0,30-40%
64250,0.6055842283566792,0,50-60%
64251,0.4998829904397329,0,30-40%
69264,0.6492771191596984,0,60-70%
64252,0.6294485890070597,0,50-60%
63501,0.4854837897618612,0,30-40%
63781,0.5641181432406107,0,40-50%
64253,0.5775979124704996,0,50-60%
64122,0.4422958734830221,0,30-40%
69265,0.4581191523075104,0,30-40%
64254,0.5980368498166402,0,50-60%
64255,0.612615549882253,0,50-60%
64256,0.5629173480669657,0,40-50%
64257,0.6049488428433736,0,50-60%
64258,0.602391088326772,0,50-60%
64259,0.5864714069366455,0,50-60%
64058,0.6026799642244974,0,50-60%
64260,0.6905634684562683,0,60-70%
64016,0.4384714328447978,0,30-40%
69266,0.4801835957368215,0,30-40%
69267,0.5976650678316752,0,50-60%
64261,0.6401282790501912,0,50-60%
64150,0.580500420252482,0,50-60%
64262,0.6369093341827392,0,50-60%
64263,0.5429692231814066,0,40-50%
64264,0.5554550253550211,0,40-50%
64265,0.501316869576772,0,30-40%
64266,0.5275087002118428,0,40-50%
64267,0.5548399074077606,0,40-50%
64268,0.5456829054355621,0,40-50%
64269,0.6233128272692362,0,50-60%
64270,0.617750728448232,0,50-60%
64271,0.521179581006368,0,40-50%
64272,0.6161122285525004,0,50-60%
64273,0.3435987475713094,0,10-20%
69268,0.553686642964681,0,40-50%
64274,0.3641774597962697,0,10-20%
69269,0.3540456258455912,0,10-20%
63629,0.6096527261734008,0,50-60%
64130,0.5837421658833821,0,50-60%
63992,0.5536781791051228,0,40-50%
64276,0.579340752283732,0,50-60%
64277,0.5955779515902201,0,50-60%
64278,0.5242545846303304,0,40-50%
64279,0.5952713452974955,0,50-60%
64280,0.5535058024724324,0,40-50%
62366,0.6677552742958068,0,60-70%
64281,0.5887931230862935,0,50-60%
60977,0.6677552742958068,0,60-70%
60428,0.6677552742958068,0,60-70%
60954,0.6677552742958068,0,60-70%
62238,0.6677552742958068,0,60-70%
60815,0.6677552742958068,0,60-70%
61652,0.6677552742958068,0,60-70%
62383,0.6986280961036682,0,60-70%
64282,0.476209664662679,0,30-40%
64031,0.560205455938975,0,40-50%
64284,0.3618552052179972,0,10-20%
64285,0.6076444350878397,0,50-60%
64286,0.6308335347175598,0,50-60%
64287,0.4500533881982168,0,30-40%
64288,0.5900109969774882,0,50-60%
64289,0.5705700798034667,0,40-50%
64290,0.5433519128163655,0,40-50%
64291,0.5617057922681172,0,40-50%
64292,0.6408906820615132,0,50-60%
69270,0.5863363706270853,0,50-60%
64293,0.5556623899141947,0,40-50%
64294,0.5047351959546407,0,40-50%
69271,0.5486251953442891,0,40-50%
65549,0.5327301266988118,0,40-50%
64295,0.6572343392372131,0,60-70%
64296,0.658037631034851,0,60-70%
64297,0.4642639997800191,0,30-40%
69272,0.4312472585042318,0,20-30%
64824,0.5991705341339111,0,50-60%
64825,0.46519189508756,0,30-40%
64300,0.5290411356290181,0,40-50%
64301,0.6517046375274658,0,60-70%
65055,0.5488390568097432,0,40-50%
64519,0.6040164473851521,0,50-60%
64302,0.513973975499471,0,40-50%
64303,0.6768758856455485,0,60-70%
64304,0.6609289331436157,0,60-70%
64305,0.5067654215494791,0,40-50%
66680,0.6838139576911926,0,60-70%
64306,0.5991641246477762,0,50-60%
64307,0.595760282198588,0,50-60%
69273,0.4938934706846873,0,30-40%
64308,0.5573301000595092,0,40-50%
64613,0.5244818571408589,0,40-50%
66696,0.5742425564130147,0,50-60%
64309,0.5395485404332478,0,40-50%
64310,0.6632209383646647,0,60-70%
69274,0.4145622216860453,0,20-30%
64311,0.579115744749705,0,50-60%
64312,0.4861538949807485,0,30-40%
64313,0.5737535638809204,0,50-60%
66692,0.4667025152047475,0,30-40%
64314,0.5649903658231099,0,40-50%
64315,0.549606287797292,0,40-50%
60477,0.6986280961036682,0,60-70%
61396,0.6677552742958068,0,60-70%
62357,0.7005185766220092,0,60-70%
61556,0.5554521643320719,0,40-50%
62064,0.6677552742958068,0,60-70%
61273,0.6986280961036682,0,60-70%
61487,0.7018305344581603,0,60-70%
61999,0.6244421286582946,0,50-60%
62196,0.701151816368103,0,60-70%
69275,0.6145768129030863,0,50-60%
64316,0.5396715048154195,0,40-50%
64317,0.4570939186414083,0,30-40%
64318,0.5088001731236775,0,40-50%
64007,0.6206320169766744,0,50-60%
64319,0.5855157616933186,0,50-60%
63760,0.5556354506015777,0,40-50%
64474,0.5866631828943888,0,50-60%
65550,0.5245168450673421,0,40-50%
69276,0.4766362849076589,0,30-40%
64320,0.5609396937688191,0,40-50%
64321,0.4951767865022023,0,30-40%
64322,0.5251996162732442,0,40-50%
64323,0.6014302058219909,0,50-60%
64324,0.6207997484207153,0,50-60%
64325,0.5919473134676615,0,50-60%
63607,0.5786911530494689,0,50-60%
65551,0.5196696761449178,0,40-50%
64326,0.5612067543665568,0,40-50%
64327,0.5005962494214375,0,30-40%
69277,0.6658779346148173,0,60-70%
64328,0.5712592843373616,0,40-50%
69278,0.5789449774424235,0,50-60%
64227,0.5247067454655965,0,40-50%
64329,0.609069403330485,0,50-60%
58603,0.595812555472056,0,50-60%
58605,0.7544411702156066,0,70-80%
64111,0.5410284959475199,0,40-50%
58604,0.7006742321650187,0,60-70%
58606,0.7432636303901672,0,70-80%
63579,0.5548682454427083,0,40-50%
64330,0.5479354225794474,0,40-50%
64331,0.5178389194806416,0,40-50%
64043,0.6260542236963907,0,50-60%
64332,0.5733945929209391,0,50-60%
64333,0.6129828654925028,0,50-60%
64334,0.4472111109097799,0,30-40%
69279,0.4806431177457174,0,30-40%
63464,0.5132870915730794,0,40-50%
69280,0.5078253987630208,0,40-50%
64336,0.4896149876912435,0,30-40%
65059,0.4833706262906392,0,30-40%
64337,0.5678395870526631,0,40-50%
69281,0.5497688296635945,0,40-50%
64338,0.4736189785798391,0,30-40%
64339,0.6828060987790425,0,60-70%
64340,0.5970061066945394,0,50-60%
64194,0.4670482221444448,0,30-40%
64341,0.447732383330663,0,30-40%
64342,0.6211968623797098,0,50-60%
64343,0.4814026597340902,0,30-40%
65058,0.5482650362650553,0,40-50%
64344,0.6877952459653218,0,60-70%
64345,0.6032321694691976,0,50-60%
64346,0.6034676674207051,0,50-60%
69282,0.6153569184939066,0,50-60%
69283,0.6025654637018839,0,50-60%
64347,0.5385310017267863,0,40-50%
64348,0.6929987036387125,0,60-70%
64349,0.5116467121442159,0,40-50%
63745,0.5614953878720601,0,40-50%
64350,0.6310127658843994,0,50-60%
69284,0.5591429713567098,0,40-50%
65079,0.5090897940794626,0,40-50%
63983,0.5391654613812764,0,40-50%
69285,0.617102412700653,0,50-60%
64353,0.5740074200630187,0,50-60%
64354,0.6061905585924784,0,50-60%
64355,0.3527180794080098,0,10-20%
64356,0.5361195448239644,0,40-50%
69286,0.4794588926633199,0,30-40%
64357,0.5333261453310648,0,40-50%
69287,0.4917693379720052,0,30-40%
64358,0.5667357428073883,0,40-50%
64359,0.5963225328127543,0,50-60%
64202,0.5656830055713653,0,40-50%
64360,0.5368491056760152,0,40-50%
64361,0.5139855388005574,0,40-50%
64362,0.5406852924029032,0,40-50%
64363,0.4133766833146413,0,20-30%
64364,0.5444485786755879,0,40-50%
64061,0.501283967812856,0,30-40%
64365,0.5237777474721272,0,40-50%
64172,0.5519524776140848,0,40-50%
64366,0.6193359179496765,0,50-60%
64367,0.65381347767512,0,60-70%
65086,0.4968932214577993,0,30-40%
64368,0.4634188953240712,0,30-40%
64369,0.5580787304242452,0,40-50%
64370,0.5310898068745931,0,40-50%
64203,0.5410744233131408,0,40-50%
64371,0.4415359738667806,0,30-40%
64372,0.578899467309316,0,50-60%
64162,0.5740986151695251,0,50-60%
64373,0.5554550253550211,0,40-50%
64374,0.6537021083831787,0,60-70%
64375,0.6055636965433756,0,50-60%
64376,0.5940743648211161,0,50-60%
64377,0.5399156454404195,0,40-50%
69288,0.5015574339230855,0,30-40%
64378,0.6220391356150309,0,50-60%
64379,0.4716466906865438,0,30-40%
64380,0.5546720587412516,0,40-50%
64381,0.5568618419965108,0,40-50%
64383,0.5938290917078654,0,50-60%
64384,0.5300845745404561,0,40-50%
64385,0.5026212596098582,0,30-40%
64386,0.5502225124041239,0,40-50%
69289,0.4948052707513173,0,30-40%
64387,0.5337261203130086,0,40-50%
66710,0.4610234740575155,0,30-40%
64388,0.5030190590222676,0,30-40%
69290,0.5374898277918497,0,40-50%
64389,0.543802376906077,0,40-50%
64390,0.5539479238986968,0,40-50%
64391,0.4955893400510152,0,30-40%
64392,0.5863429271380106,0,50-60%
65097,0.5748828930854797,0,50-60%
64393,0.5200023018519083,0,40-50%
64639,0.5366260054906209,0,40-50%
64394,0.5642352067629496,0,40-50%
69291,0.5317158364454905,0,40-50%
64395,0.5816488547325134,0,50-60%
64396,0.5507417284647623,0,40-50%
63975,0.5004748069445292,0,30-40%
64397,0.6020168943405151,0,50-60%
63742,0.5721349679629008,0,40-50%
64398,0.6440408471425374,0,60-70%
64399,0.5792067292531331,0,50-60%
64521,0.5670512599945068,0,40-50%
64400,0.6063266359965006,0,50-60%
69292,0.6696518623034159,0,60-70%
64053,0.5618394298553466,0,40-50%
64401,0.5970633867581685,0,50-60%
69293,0.5858971161842346,0,50-60%
65552,0.497374797185262,0,30-40%
64402,0.374946648200353,0,20-30%
64403,0.5689514242808024,0,40-50%
64404,0.5568308197657267,0,40-50%
65100,0.5445638858477274,0,40-50%
64405,0.5950151049296061,0,50-60%
69294,0.5115747117201487,0,40-50%
64406,0.5563091281255086,0,40-50%
69295,0.5050630830923716,0,40-50%
64407,0.5653096400896708,0,40-50%
63858,0.5664463006655375,0,40-50%
64408,0.5339666250546773,0,40-50%
65553,0.5258118771711985,0,40-50%
69296,0.577194714864095,0,50-60%
64409,0.6359892133076985,0,50-60%
64410,0.5279632452329,0,40-50%
64411,0.5525445325374603,0,40-50%
64412,0.5870011094411214,0,50-60%
64413,0.4441474619706472,0,30-40%
64414,0.5169950965245564,0,40-50%
64415,0.6367234869003295,0,50-60%
64416,0.3989427331288656,0,20-30%
64417,0.6457347555160522,0,60-70%
63856,0.5359056833585103,0,40-50%
64418,0.5701284054120381,0,40-50%
64419,0.4712244513829549,0,30-40%
64420,0.4745070897738139,0,30-40%
64826,0.5044409874280293,0,40-50%
69297,0.4851038717428843,0,30-40%
65554,0.5153835975329081,0,40-50%
64421,0.5268058422406514,0,40-50%
64422,0.6476974132855733,0,60-70%
69298,0.6613741162618001,0,60-70%
69299,0.6022284868558248,0,50-60%
64672,0.6274206005732218,0,50-60%
69300,0.488420152982076,0,30-40%
64423,0.5589119755427042,0,40-50%
65555,0.485915327390035,0,30-40%
66706,0.5468877199490865,0,40-50%
69301,0.5697427355448405,0,40-50%
69302,0.5141441487471262,0,40-50%
65556,0.6602090282440185,0,60-70%
64671,0.5391089283625284,0,40-50%
64763,0.5550054553349812,0,40-50%
64425,0.5219929777781168,0,40-50%
69303,0.5528212431271871,0,40-50%
69304,0.4857565426031748,0,30-40%
64751,0.5086045506795247,0,40-50%
64426,0.5513469818433125,0,40-50%
64690,0.5083636287053426,0,40-50%
64802,0.5770040713946024,0,50-60%
64427,0.6313908341725667,0,50-60%
64062,0.6338356696764628,0,50-60%
64428,0.5642352067629496,0,40-50%
69305,0.5857467892964681,0,50-60%
64429,0.6045056266784667,0,50-60%
69306,0.4881830198764801,0,30-40%
64634,0.5866706334749857,0,50-60%
69307,0.664974956035614,0,60-70%
64430,0.5871690157254537,0,50-60%
69308,0.4198839906056722,0,20-30%
64431,0.5696041825612386,0,40-50%
64015,0.4686822238763173,0,30-40%
64590,0.4992862903277079,0,30-40%
64433,0.5361545923550923,0,40-50%
64434,0.5653832796414693,0,40-50%
64104,0.5608688238461812,0,40-50%
64435,0.6007245424588521,0,50-60%
64436,0.6189145409266154,0,50-60%
58597,0.7510622703234354,0,70-80%
64437,0.5898184421857198,0,50-60%
64523,0.577057266553243,0,50-60%
64438,0.5855325105985005,0,50-60%
69309,0.635615194161733,0,50-60%
64439,0.6871392412185668,0,60-70%
69310,0.540719056447347,0,40-50%
64440,0.4906875454584757,0,30-40%
64077,0.5706787668863932,0,40-50%
64441,0.5515293442408243,0,40-50%
64623,0.443409109433492,0,30-40%
64442,0.5749013665517171,0,50-60%
64443,0.4931689444382985,0,30-40%
65557,0.524948621114095,0,40-50%
64444,0.5463371518452962,0,40-50%
64445,0.4266869965394338,0,20-30%
64447,0.5297380927403768,0,40-50%
64448,0.6807751936912536,0,60-70%
64642,0.4949863794644674,0,30-40%
65558,0.5923694613774617,0,50-60%
62068,0.4802265408833822,0,30-40%
62390,0.5774431788126627,0,50-60%
64563,0.4937750044663747,0,30-40%
64449,0.5652974807421366,0,40-50%
64028,0.6796995682716369,0,60-70%
69312,0.5127744936148325,0,40-50%
64707,0.537015283425649,0,40-50%
64790,0.5410103443463643,0,40-50%
66727,0.4736695551077525,0,30-40%
64024,0.5140520575841268,0,40-50%
64616,0.5732861720720926,0,50-60%
64643,0.5308801177342732,0,40-50%
64205,0.5342847390174865,0,40-50%
64625,0.6454559845924377,0,60-70%
64688,0.4290708247025808,0,20-30%
64641,0.5368244293530782,0,40-50%
64524,0.6330889108975728,0,50-60%
65559,0.4835994207064311,0,30-40%
64687,0.5369600040912628,0,40-50%
64689,0.6527515335083007,0,60-70%
65113,0.5252615474859873,0,40-50%
63905,0.5672297123273213,0,40-50%
64651,0.4494179132779439,0,30-40%
64544,0.5460634473164876,0,40-50%
65560,0.5681275966962178,0,40-50%
69313,0.5829443895022074,0,50-60%
65561,0.5370472315152486,0,40-50%
64813,0.4617438279787699,0,30-40%
64571,0.5130484941800435,0,40-50%
64708,0.5315266513029734,0,40-50%
64543,0.572021866162618,0,40-50%
64807,0.4910805466969808,0,30-40%
64450,0.5642352067629496,0,40-50%
64640,0.5321999433835347,0,40-50%
64522,0.5197403672536214,0,40-50%
64191,0.3921794576644897,0,20-30%
64026,0.4709095600446065,0,30-40%
64599,0.5964860283533732,0,50-60%
65562,0.4886151495774587,0,30-40%
64764,0.6533990743954976,0,60-70%
64774,0.624597275575002,0,50-60%
65563,0.5495223048528035,0,40-50%
64546,0.5787674430211385,0,50-60%
65564,0.485733145793279,0,30-40%
64063,0.4793639146486918,0,30-40%
64636,0.5379684530893961,0,40-50%
69314,0.5863681399027506,0,50-60%
64809,0.4972674492200216,0,30-40%
64626,0.5714686794281005,0,40-50%
64752,0.4895468297799428,0,30-40%
64112,0.4920845571358999,0,30-40%
69315,0.4626704099973043,0,30-40%
64693,0.4701009038289388,0,30-40%
64674,0.5980829559961954,0,50-60%
64525,0.5325800422032674,0,40-50%
69316,0.5001106801827748,0,30-40%
64709,0.6098619384765624,0,50-60%
64068,0.5329276584784189,0,40-50%
64547,0.5936251842180887,0,50-60%
65123,0.5424618088404337,0,40-50%
65565,0.5081549528439839,0,40-50%
64637,0.5762096010843912,0,50-60%
64710,0.5871780478159586,0,50-60%
65566,0.5301111582120259,0,40-50%
64600,0.5588187816937764,0,40-50%
64788,0.5874732696215311,0,50-60%
64653,0.6121121012369791,0,50-60%
64624,0.569368684609731,0,40-50%
63928,0.6455081068674723,0,60-70%
63933,0.5147660616238912,0,40-50%
69317,0.5981479250590006,0,50-60%
64451,0.5748926642735799,0,50-60%
64564,0.5204248093763987,0,40-50%
69318,0.5424337032636006,0,40-50%
64452,0.5090239011446634,0,40-50%
65567,0.5456998589833577,0,40-50%
69319,0.5781040472984313,0,50-60%
63989,0.4569759610493978,0,30-40%
64548,0.5779845081965128,0,50-60%
64820,0.3077326976458231,0,10-20%
64652,0.4796502851645152,0,30-40%
64528,0.6428007725079854,0,60-70%
64603,0.519408488591512,0,40-50%
64545,0.528671229203542,0,40-50%
64692,0.483530696551005,0,30-40%
64808,0.567641373793284,0,40-50%
64673,0.554899359067281,0,40-50%
64604,0.6407754662831624,0,50-60%
64645,0.558786390542984,0,40-50%
65131,0.5798921230634053,0,50-60%
69320,0.6141954305966695,0,50-60%
69321,0.5353409611384073,0,40-50%
69322,0.5705717447598775,0,40-50%
64526,0.5008552912076314,0,30-40%
64773,0.6773806495666503,0,60-70%
64668,0.5336962325572967,0,40-50%
64694,0.573325364112854,0,50-60%
64527,0.4767931345303853,0,30-40%
64453,0.5958739760716756,0,50-60%
64691,0.4993959608872731,0,30-40%
64711,0.5838335994084676,0,50-60%
63566,0.5728378259340922,0,40-50%
64598,0.5540099385579427,0,40-50%
65568,0.5532146337827046,0,40-50%
63929,0.5451880935033162,0,40-50%
64549,0.5384194218317667,0,40-50%
64682,0.5760948025385538,0,50-60%
65569,0.664270933787028,0,60-70%
64712,0.6508858167330424,0,60-70%
64676,0.5498316847483317,0,40-50%
64627,0.5324669443766276,0,40-50%
64622,0.6123689098358154,0,50-60%
64569,0.4798036459287008,0,30-40%
64812,0.596433250427246,0,50-60%
64749,0.4723370316823324,0,30-40%
64811,0.5535877588589986,0,40-50%
66738,0.673949237982432,0,60-70%
69323,0.6003537419637044,0,50-60%
65570,0.472159201224645,0,30-40%
64168,0.6643175446192423,0,60-70%
65571,0.5557670556704203,0,40-50%
64654,0.5500234924952189,0,40-50%
64777,0.6181566400527954,0,50-60%
64814,0.5625079833666483,0,40-50%
69324,0.5278698447545369,0,40-50%
65572,0.627675291220347,0,50-60%
64454,0.4734813812573751,0,30-40%
65142,0.5744512640635172,0,50-60%
64683,0.4591341598033905,0,30-40%
64605,0.5048221909205118,0,40-50%
69325,0.6266920212109883,0,50-60%
64552,0.6248652024269103,0,50-60%
64555,0.5430417302449544,0,40-50%
64577,0.5162562373479207,0,40-50%
64713,0.6892078800201416,0,60-70%
69326,0.6104146801630655,0,50-60%
69327,0.5468908511797587,0,40-50%
64776,0.5995112024943033,0,50-60%
64678,0.6325587871869405,0,50-60%
69328,0.526648843606313,0,40-50%
64695,0.5266793333689371,0,40-50%
64455,0.5521901809374491,0,40-50%
64611,0.5439002795219421,0,40-50%
69329,0.5737210475603739,0,50-60%
64782,0.5697853806813558,0,40-50%
64606,0.5236218813260396,0,40-50%
64550,0.5170078837076822,0,40-50%
69330,0.6193038784662882,0,50-60%
64677,0.6263731999397277,0,50-60%
64099,0.5033303164641062,0,30-40%
64580,0.4978103283246358,0,30-40%
65574,0.54693719180425,0,40-50%
69331,0.6208752953211466,0,50-60%
64696,0.6042627655665079,0,50-60%
64554,0.5999154133796691,0,50-60%
64579,0.6386031750043233,0,50-60%
64757,0.5263327323595682,0,40-50%
69332,0.5826804005304972,0,50-60%
65575,0.6282696409225463,0,50-60%
64628,0.5713842156728108,0,40-50%
64775,0.3911128285725911,0,20-30%
64783,0.5048320535024007,0,40-50%
65576,0.5000545922120412,0,30-40%
64553,0.6182637774149576,0,50-60%
64551,0.6215678416887919,0,50-60%
65577,0.6240005456606547,0,50-60%
64607,0.536548221429189,0,40-50%
69333,0.5263129734198252,0,40-50%
64102,0.5805712583859761,0,50-60%
64821,0.3435987475713094,0,10-20%
65578,0.6069515628814697,0,50-60%
65579,0.5548965894381205,0,40-50%
65580,0.5777544342676798,0,50-60%
64167,0.5809015595118204,0,50-60%
64530,0.4766327682336171,0,30-40%
65581,0.6207531971931457,0,50-60%
65582,0.5105186942418416,0,40-50%
69334,0.5409670713742574,0,40-50%
64158,0.557067720413208,0,40-50%
65583,0.5890538655916849,0,50-60%
64684,0.5810825510025024,0,50-60%
64758,0.5750474297205607,0,50-60%
65584,0.5903414451281229,0,50-60%
64803,0.5288428329626719,0,40-50%
65585,0.5294331553777059,0,40-50%
65586,0.5745701157251993,0,50-60%
69335,0.4661574903329213,0,30-40%
64533,0.5209755264918009,0,40-50%
64034,0.5950566493670145,0,50-60%
65587,0.547535477399826,0,40-50%
65588,0.5291679147084554,0,40-50%
64124,0.4513692799409231,0,30-40%
64781,0.5205242875417073,0,40-50%
69336,0.606405075709025,0,50-60%
64532,0.5145900491078694,0,40-50%
65158,0.4391444269021352,0,30-40%
64778,0.3870465401013692,0,20-30%
65589,0.6683492345809936,0,60-70%
65590,0.525694456020991,0,40-50%
65591,0.5083531382878621,0,40-50%
64531,0.6135461015701293,0,50-60%
65592,0.6040550115903218,0,50-60%
64791,0.6228305342992146,0,50-60%
63613,0.5869060996373494,0,50-60%
65593,0.60334827931722,0,50-60%
63931,0.5582283380826314,0,40-50%
64456,0.565684138059616,0,40-50%
65594,0.5430867317517598,0,40-50%
64792,0.6122876051266988,0,50-60%
64147,0.4793155454794566,0,30-40%
65595,0.5039096140066782,0,30-40%
69337,0.4649419449965159,0,30-40%
65596,0.6464835090637207,0,60-70%
64457,0.5912773294448852,0,50-60%
63981,0.554411614259084,0,40-50%
64163,0.5544114950497945,0,40-50%
64060,0.5544114950497945,0,40-50%
64004,0.6622564477920532,0,60-70%
63902,0.4969025495847066,0,30-40%
64018,0.5544114950497945,0,40-50%
64143,0.5544114950497945,0,40-50%
64228,0.578764911810557,0,50-60%
64214,0.5544114950497945,0,40-50%
63953,0.5544114950497945,0,40-50%
64458,0.4746429863770803,0,30-40%
64180,0.6622564477920532,0,60-70%
64000,0.554411614259084,0,40-50%
64081,0.554411614259084,0,40-50%
63996,0.6622564477920532,0,60-70%
64192,0.661277262687683,0,60-70%
64154,0.6622564477920532,0,60-70%
65597,0.365442538579305,0,10-20%
65598,0.5306470357577006,0,40-50%
64055,0.5544114950497945,0,40-50%
64123,0.5544114950497945,0,40-50%
64009,0.5544114950497945,0,40-50%
64121,0.5491334441502889,0,40-50%
64170,0.6622564477920532,0,60-70%
64109,0.5544114950497945,0,40-50%
65599,0.6365820411046346,0,50-60%
65600,0.3565765562852224,0,10-20%
65601,0.4924057069619497,0,30-40%
65602,0.5248259567419687,0,40-50%
69338,0.5160030964215596,0,40-50%
63536,0.3807459139029185,0,20-30%
64087,0.5290451013247172,0,40-50%
63962,0.434083873351415,0,20-30%
65603,0.4863251709143321,0,30-40%
63643,0.6268950068155924,0,50-60%
64459,0.4663306716283162,0,30-40%
65604,0.5419349315961202,0,40-50%
65146,0.5301002823511759,0,40-50%
64591,0.5569835268656412,0,40-50%
69339,0.4729102793534597,0,30-40%
65605,0.6414968056678771,0,60-70%
69340,0.5889270269076029,0,50-60%
69341,0.4931142273743947,0,30-40%
65606,0.6010480764706929,0,50-60%
65607,0.3610860648949941,0,10-20%
65608,0.6091345512072245,0,50-60%
65609,0.5044925792217254,0,40-50%
65610,0.5554550253550211,0,40-50%
65611,0.4789333604971568,0,30-40%
65612,0.6907158775329589,0,60-70%
65613,0.5776009523073832,0,50-60%
65391,0.5645717941919962,0,40-50%
65614,0.6377791407903035,0,50-60%
69342,0.5563805344899495,0,40-50%
65615,0.5575900041262308,0,40-50%
65616,0.6800943298339843,0,60-70%
69343,0.6233755631446838,0,50-60%
65617,0.6511384212176005,0,60-70%
65178,0.5874002221425374,0,50-60%
65619,0.5458690169652303,0,40-50%
65620,0.5034215095837911,0,30-40%
69344,0.6149276458422342,0,50-60%
65621,0.5441729071935018,0,40-50%
64556,0.592701371828715,0,50-60%
65622,0.4984261039098104,0,30-40%
65623,0.5693807565371195,0,40-50%
65624,0.5942119323412577,0,50-60%
69345,0.680346246878306,0,60-70%
65625,0.577594634215037,0,50-60%
64080,0.4751213136514028,0,30-40%
64169,0.5544114950497945,0,40-50%
65626,0.5473169071674346,0,40-50%
69346,0.5881745500564575,0,50-60%
65627,0.6399878226915995,0,50-60%
66721,0.6277487559318542,0,50-60%
65628,0.5558819416364034,0,40-50%
69347,0.4445041063626607,0,30-40%
65629,0.577261058807373,0,50-60%
65630,0.535903895219167,0,40-50%
64578,0.5374367796579996,0,40-50%
65631,0.5396481397946675,0,40-50%
65632,0.617810690720876,0,50-60%
65633,0.5250831229686737,0,40-50%
65634,0.4922791066964467,0,30-40%
65635,0.5512986742655436,0,40-50%
65636,0.5776854716936747,0,50-60%
64185,0.5313871744473775,0,40-50%
64856,0.537866318543752,0,40-50%
64656,0.5589931292533874,0,40-50%
64570,0.5600208921432495,0,40-50%
65637,0.4259856882890065,0,20-30%
65638,0.6336111389795939,0,50-60%
65639,0.6242745482126871,0,50-60%
65204,0.5852187835375467,0,50-60%
63938,0.5265534165700276,0,40-50%
65640,0.8830045742988586,0,90-100%
65641,0.5413781367937723,0,40-50%
64208,0.5984898451169332,0,50-60%
64829,0.5084772073427836,0,40-50%
64136,0.4667008164723714,0,30-40%
65642,0.573974188486735,0,50-60%
64534,0.6537494344711303,0,60-70%
63986,0.6580313407580057,0,60-70%
65226,0.5504156910578409,0,40-50%
64796,0.5466748717625936,0,40-50%
64218,0.4310932997067769,0,20-30%
65186,0.5401043537457784,0,40-50%
65643,0.569914007504781,0,40-50%
64042,0.537027740796407,0,40-50%
65644,0.5374023281733195,0,40-50%
63952,0.5544114950497945,0,40-50%
64094,0.4496101382573446,0,30-40%
65645,0.5107085668245951,0,40-50%
63973,0.5161706450780232,0,40-50%
69348,0.3862867298920949,0,20-30%
64089,0.5161558372974395,0,40-50%
65646,0.5581031683286031,0,40-50%
65647,0.4627730491956075,0,30-40%
65191,0.6723760011990865,0,60-70%
63947,0.433892005999883,0,20-30%
64236,0.4635416808923085,0,30-40%
64231,0.3647223952611287,0,10-20%
64040,0.7370923720995585,0,70-80%
64039,0.6752420349121093,0,60-70%
69349,0.4476390722592672,0,30-40%
65214,0.6067826433181762,0,50-60%
64115,0.5837990287144978,0,50-60%
64831,0.3787765148480733,0,20-30%
64048,0.638654200553894,0,50-60%
65648,0.4998398982683817,0,30-40%
69350,0.5312699321111043,0,40-50%
64120,0.5453832708994547,0,40-50%
69351,0.4142701291243235,0,20-30%
65649,0.5442087891896565,0,40-50%
64714,0.5607421361605326,0,40-50%
64140,0.5412815454800923,0,40-50%
64021,0.5600616895357767,0,40-50%
65650,0.5454448703130086,0,40-50%
65651,0.7830326242446899,0,80-90%
64022,0.5395171287854512,0,40-50%
65205,0.5220595243771871,0,40-50%
65652,0.580390032450358,0,50-60%
64237,0.6461680216789245,0,60-70%
64221,0.4948857111930847,0,30-40%
69352,0.519735420068105,0,40-50%
65170,0.5540682915051778,0,40-50%
64210,0.5861141327222188,0,50-60%
64108,0.5994773748715718,0,50-60%
64655,0.5525321645736694,0,40-50%
64032,0.5736706498463948,0,50-60%
64101,0.6223213040033976,0,50-60%
64142,0.51346444718043,0,40-50%
63925,0.6535613500277201,0,60-70%
69353,0.5540870073636373,0,40-50%
63936,0.5510819795926412,0,40-50%
64025,0.6253737770716349,0,50-60%
65653,0.4574967288176219,0,30-40%
63995,0.5212797764142354,0,40-50%
65349,0.6419736706415812,0,60-70%
64177,0.6191365086237589,0,50-60%
64806,0.5610333326657613,0,40-50%
64614,0.475110256989797,0,30-40%
64815,0.545391941388448,0,40-50%
65654,0.5441166721979777,0,40-50%
64117,0.5147758685747782,0,40-50%
65655,0.629701940536499,0,50-60%
64144,0.6012255234718322,0,50-60%
64035,0.6498450918197631,0,60-70%
65280,0.5849952939351399,0,50-60%
65229,0.6594718062082926,0,60-70%
65274,0.5974248015085856,0,50-60%
64138,0.5219466927846272,0,40-50%
65656,0.7222858034769694,0,70-80%
66798,0.6064953767458597,0,50-60%
63958,0.6588471813201904,0,60-70%
64148,0.4818150940736135,0,30-40%
64010,0.4840161465803782,0,30-40%
66801,0.5897586905161539,0,50-60%
69354,0.5297962072690328,0,40-50%
65657,0.528875315507253,0,40-50%
64680,0.575656620979309,0,50-60%
65658,0.4645582698980967,0,30-40%
65285,0.5554482582410176,0,40-50%
64207,0.5544114950497945,0,40-50%
65659,0.6104814095497131,0,50-60%
64110,0.3632330540021261,0,10-20%
63575,0.5358647349675496,0,40-50%
64033,0.4916752520402273,0,30-40%
64832,0.553363943417867,0,40-50%
66806,0.5667554699579874,0,40-50%
65314,0.6197153889338175,0,50-60%
64145,0.6079995317459106,0,50-60%
63926,0.457910146633784,0,30-40%
65246,0.6311823371251424,0,50-60%
69355,0.6152703725496927,0,50-60%
64056,0.4891977551778158,0,30-40%
64074,0.6443917992909749,0,60-70%
63954,0.5685131831169128,0,40-50%
66814,0.5327024423281351,0,40-50%
64834,0.5212616307735443,0,40-50%
69356,0.5763182285626729,0,50-60%
63994,0.5451566540400187,0,40-50%
66799,0.57013028494517,0,40-50%
65660,0.6377791407903035,0,50-60%
64092,0.6271830164591471,0,50-60%
65661,0.5776305162111918,0,50-60%
65662,0.5326998495260874,0,40-50%
65215,0.4409331920941671,0,30-40%
63990,0.5508566462198893,0,40-50%
64795,0.6306883656183878,0,50-60%
69357,0.5104175491333007,0,40-50%
64520,0.4859175625642141,0,30-40%
64065,0.5235298537413279,0,40-50%
64226,0.6854845566749572,0,60-70%
69358,0.5125191493034362,0,40-50%
64184,0.635671969572703,0,50-60%
69359,0.6216202937761942,0,50-60%
66827,0.7234688046773274,0,70-80%
69360,0.558719122727712,0,40-50%
64233,0.4904742482503255,0,30-40%
65341,0.6252528988520304,0,50-60%
64659,0.5774374249776204,0,50-60%
65337,0.7855291330019633,0,80-90%
65663,0.5809632225036621,0,50-60%
63971,0.6211644096374511,0,50-60%
65664,0.5632349534034728,0,40-50%
65308,0.6130495313008626,0,50-60%
64041,0.5616879426638285,0,40-50%
65359,0.5675610863367716,0,40-50%
65303,0.5312384012540181,0,40-50%
64562,0.6259406450589498,0,50-60%
69361,0.5570488217671712,0,40-50%
63945,0.6034299416542053,0,50-60%
65665,0.4710864090124766,0,30-40%
69362,0.5132176541487375,0,40-50%
64238,0.5108826998074849,0,40-50%
66823,0.5678412877718607,0,40-50%
64135,0.5274995548725128,0,40-50%
64518,0.5849296135902404,0,50-60%
65332,0.5566573702494303,0,40-50%
64179,0.4369400107065836,0,30-40%
65289,0.6974949522018432,0,60-70%
69363,0.4888637605508169,0,30-40%
63969,0.5758958144187927,0,50-60%
64762,0.478131884654363,0,30-40%
64005,0.4886969589392344,0,30-40%
65666,0.5302733424504598,0,40-50%
64602,0.5312971714337666,0,40-50%
63942,0.543442273457845,0,40-50%
69364,0.5973796490033467,0,50-60%
64086,0.5218055529594421,0,40-50%
65667,0.5910280588467915,0,50-60%
69365,0.5662504676183064,0,40-50%
65425,0.5462978723843892,0,40-50%
65413,0.8318274302482604,0,80-90%
65343,0.6213074289957682,0,50-60%
64224,0.5843200647036234,0,50-60%
63939,0.5759803020159403,0,50-60%
64047,0.6136582179069519,0,50-60%
63935,0.5083784742355346,0,40-50%
65326,0.5805939995447794,0,50-60%
64209,0.3892712834676107,0,20-30%
65669,0.5652645471890767,0,40-50%
65405,0.5173083189328511,0,40-50%
64012,0.6602735761006673,0,60-70%
65670,0.5813962502479553,0,50-60%
64460,0.4664651695092519,0,30-40%
65671,0.6397465152740478,0,50-60%
64049,0.5771357380549113,0,50-60%
64020,0.4946703278223673,0,30-40%
63979,0.5509732925097147,0,40-50%
63982,0.5906214359601338,0,50-60%
65411,0.5748145543734232,0,50-60%
64596,0.7391497456232706,0,70-80%
65672,0.5870214664141337,0,50-60%
64090,0.5040531717936197,0,30-40%
65437,0.5366756303310394,0,40-50%
64663,0.4663450065453847,0,30-40%
64661,0.4663450065453847,0,30-40%
64662,0.4663450065453847,0,30-40%
63588,0.4663450065453847,0,30-40%
63456,0.4663450065453847,0,30-40%
63544,0.4663450065453847,0,30-40%
63706,0.4663450065453847,0,30-40%
64008,0.4663450065453847,0,30-40%
64461,0.4663450065453847,0,30-40%
64462,0.4663450065453847,0,30-40%
64463,0.4663450065453847,0,30-40%
64464,0.4663450065453847,0,30-40%
64465,0.4663450065453847,0,30-40%
64076,0.5954062623977661,0,50-60%
63988,0.5227403882344563,0,40-50%
69366,0.3809854649702708,0,20-30%
65673,0.5643843971888224,0,40-50%
64225,0.5249616467157999,0,40-50%
64219,0.5649945103327433,0,40-50%
65385,0.4068231824239095,0,20-30%
65674,0.595433616956075,0,50-60%
63978,0.5593167506853739,0,40-50%
64001,0.6233008467356363,0,50-60%
63976,0.4923512005011241,0,30-40%
65675,0.4802666269938151,0,30-40%
65265,0.5674520694414774,0,40-50%
64011,0.5566412173906962,0,40-50%
66826,0.4724179151852926,0,30-40%
65676,0.578775255203247,0,50-60%
65677,0.6725695096651713,0,60-70%
65678,0.4547674599488576,0,30-40%
63944,0.4671842121283213,0,30-40%
65679,0.6719227118492126,0,60-70%
65680,0.596198137919108,0,50-60%
64686,0.483030075152715,0,30-40%
65338,0.5850347522099812,0,50-60%
65681,0.5195386651357015,0,40-50%
63955,0.6281090660095214,0,50-60%
64195,0.6183916015625,0,50-60%
64070,0.4956473353703817,0,30-40%
64517,0.606514152208964,0,50-60%
65682,0.6341314001083374,0,50-60%
64601,0.4932941737969716,0,30-40%
69367,0.5796879493395487,0,50-60%
64114,0.4635350349744161,0,30-40%
64013,0.5838052315711975,0,50-60%
65683,0.6007244550387064,0,50-60%
63934,0.5870494805971781,0,50-60%
64064,0.5487244092623392,0,40-50%
65241,0.5389049294789632,0,40-50%
65684,0.4813908003966013,0,30-40%
65685,0.6069635116259257,0,50-60%
64075,0.5011539422671,0,30-40%
69368,0.5780498030980428,0,50-60%
65686,0.4582115057309469,0,30-40%
63961,0.5988176746368408,0,50-60%
64206,0.4515496733983358,0,30-40%
65477,0.608022777557373,0,50-60%
65441,0.6076131744384765,0,50-60%
64176,0.4444873276551565,0,30-40%
64096,0.4385565760930379,0,30-40%
63980,0.6140521132151285,0,50-60%
65687,0.5445127470493316,0,40-50%
69369,0.704306539217631,0,60-70%
64216,0.5520761850674947,0,40-50%
65688,0.5385880711873372,0,40-50%
65689,0.5501780155499776,0,40-50%
65690,0.4311949852307637,0,20-30%
64466,0.6060888134638468,0,50-60%
69370,0.3855675700505575,0,20-30%
64200,0.6693848056793212,0,60-70%
64183,0.6693848056793212,0,60-70%
63998,0.6693848056793212,0,60-70%
63970,0.6693848056793212,0,60-70%
64182,0.6693848056793212,0,60-70%
64181,0.6693848056793212,0,60-70%
63999,0.6693848056793212,0,60-70%
64045,0.6693848056793212,0,60-70%
64198,0.6693848056793212,0,60-70%
65390,0.6374891045888265,0,50-60%
64105,0.6643569750785827,0,60-70%
63974,0.5544114950497945,0,40-50%
64146,0.554411614259084,0,40-50%
63941,0.554411614259084,0,40-50%
63957,0.6693848056793212,0,60-70%
64030,0.6693848056793212,0,60-70%
64066,0.6693848056793212,0,60-70%
64132,0.6633868498802185,0,60-70%
64212,0.6633868498802185,0,60-70%
64050,0.5451880935033162,0,40-50%
69371,0.6643569750785827,0,60-70%
64095,0.6643569750785827,0,60-70%
64155,0.6643569750785827,0,60-70%
65691,0.4751205089886983,0,30-40%
65692,0.6721795164744059,0,60-70%
63963,0.3953808807531992,0,20-30%
65693,0.6098977290789286,0,50-60%
65694,0.5980130993525187,0,50-60%
65695,0.4872779193719228,0,30-40%
65696,0.6452919526100158,0,60-70%
65697,0.4758427980740865,0,30-40%
64220,0.4522945546309153,0,30-40%
63943,0.5430499278704325,0,40-50%
65698,0.5820399486223856,0,50-60%
65699,0.5253203752835591,0,40-50%
65700,0.5220502260526021,0,40-50%
64027,0.4869617505073547,0,30-40%
69372,0.5213509483337402,0,40-50%
65701,0.5420286897023519,0,40-50%
65702,0.5352203491528829,0,40-50%
65703,0.4955228808720907,0,30-40%
65704,0.5770668629010518,0,50-60%
65705,0.6226645989418029,0,50-60%
65706,0.5950646642049153,0,50-60%
65707,0.4941375815073649,0,30-40%
66809,0.4490796012878418,0,30-40%
65334,0.5183648708661397,0,40-50%
65708,0.5954016410509745,0,50-60%
65709,0.5998118761380513,0,50-60%
63769,0.5796410404841105,0,50-60%
63881,0.5044047497908274,0,40-50%
64467,0.5662488582928975,0,40-50%
63465,0.5356016996701558,0,40-50%
65710,0.5491658690770467,0,40-50%
63565,0.3749327901204427,0,20-30%
63475,0.6199803911844889,0,50-60%
69373,0.5235778950850168,0,40-50%
65089,0.5458472334543863,0,40-50%
64468,0.4702375196615855,0,30-40%
63508,0.4452114962736765,0,30-40%
63729,0.6633868498802185,0,60-70%
63682,0.6633868498802185,0,60-70%
63705,0.5594892465273539,0,40-50%
69374,0.5650304519335428,0,40-50%
64469,0.6200666391054789,0,50-60%
64470,0.4559304975668589,0,30-40%
69375,0.5327233039538065,0,40-50%
64472,0.4571689608891805,0,30-40%
63956,0.5555145703951517,0,40-50%
65711,0.4106842223008474,0,20-30%
63671,0.4939328375657399,0,30-40%
63909,0.4805560075441996,0,30-40%
63557,0.5930729193687438,0,50-60%
63930,0.5915391408602396,0,50-60%
69376,0.6347239259084065,0,50-60%
64995,0.5430632475217183,0,40-50%
69377,0.6141942981084187,0,50-60%
64473,0.6752091927528381,0,60-70%
63913,0.4730091336568197,0,30-40%
63636,0.5180387142499288,0,40-50%
69378,0.5404776576360066,0,40-50%
69379,0.53785755666097,0,40-50%
63631,0.5544114950497945,0,40-50%
63698,0.6272581779162089,0,50-60%
63796,0.5295163634618123,0,40-50%
63478,0.6511384212176005,0,60-70%
63808,0.5099392794768015,0,40-50%
64583,0.438105815966924,0,30-40%
64475,0.5899029019673665,0,50-60%
63718,0.4835961404641469,0,30-40%
64476,0.5278458578586578,0,40-50%
64477,0.544938977877299,0,40-50%
64204,0.6024134440422058,0,50-60%
63907,0.5771611614227294,0,50-60%
63518,0.5742930137316385,0,50-60%
65712,0.5831420385042826,0,50-60%
65713,0.6330890301068623,0,50-60%
64837,0.6144697033564249,0,50-60%
66845,0.4472331348260244,0,30-40%
65404,0.8273962421417236,0,80-90%
69380,0.6133461836179097,0,50-60%
66873,0.5352033022244771,0,40-50%
64017,0.4511194808483124,0,30-40%
69381,0.4989831689198812,0,30-40%
65714,0.5617037994861602,0,40-50%
65715,0.5441992862224578,0,40-50%
65716,0.5317544006506602,0,40-50%
65717,0.5601940138339996,0,40-50%
65718,0.5017340166568756,0,30-40%
64023,0.5544114950497945,0,40-50%
65719,0.4400735162893931,0,30-40%
65720,0.514106118996938,0,40-50%
69382,0.6212409380276998,0,50-60%
65721,0.6039410196940104,0,50-60%
65722,0.5960638486544291,0,50-60%
65723,0.5759803020159403,0,50-60%
65724,0.5798475705782572,0,50-60%
65725,0.5552621467113494,0,40-50%
65726,0.4898200574715932,0,30-40%
64608,0.5328364017804463,0,40-50%
65727,0.6617421789169311,0,60-70%
65728,0.4756933394273122,0,30-40%
65729,0.5153620484670003,0,40-50%
65730,0.5376121365229288,0,40-50%
65731,0.5956905447642008,0,50-60%
65732,0.6100161356925964,0,50-60%
65733,0.5219519995848337,0,40-50%
69383,0.534914072672526,0,40-50%
63984,0.5554355068206787,0,40-50%
65734,0.6076903584798177,0,50-60%
65735,0.5119702203273773,0,40-50%
65736,0.4685532990296682,0,30-40%
64838,0.4407078587214152,0,30-40%
65737,0.5672395788828531,0,40-50%
65738,0.602689886411031,0,50-60%
64193,0.6180747989018758,0,50-60%
65739,0.7328134738604227,0,70-80%
64134,0.4920601192315419,0,30-40%
69384,0.5377243720690409,0,40-50%
65740,0.4412957671483358,0,30-40%
64234,0.5330250504811604,0,40-50%
63967,0.56223553053538,0,40-50%
64232,0.439043099006017,0,30-40%
64196,0.5544114950497945,0,40-50%
65741,0.6213914437294006,0,50-60%
64190,0.5544114950497945,0,40-50%
65742,0.6135867201487223,0,50-60%
65743,0.5828579627672831,0,50-60%
65744,0.456744903643926,0,30-40%
65745,0.5901923143068949,0,50-60%
65746,0.4791342857678731,0,30-40%
64213,0.5544114950497945,0,40-50%
65747,0.5053039474487304,0,40-50%
63987,0.4093228243986765,0,20-30%
65748,0.5735372268358866,0,50-60%
65749,0.4436665716965993,0,30-40%
63949,0.4464842342535655,0,30-40%
65750,0.5749227089881896,0,50-60%
64085,0.5544114950497945,0,40-50%
64107,0.5544114950497945,0,40-50%
65500,0.6048319303194681,0,50-60%
64103,0.5544114950497945,0,40-50%
64046,0.5544114950497945,0,40-50%
64118,0.5544114950497945,0,40-50%
65751,0.5671809000968933,0,40-50%
64171,0.5928934497833251,0,50-60%
65752,0.5474281552632649,0,40-50%
64839,0.4201845470269521,0,20-30%
64036,0.5544114950497945,0,40-50%
65754,0.4629564824899038,0,30-40%
65755,0.6039100252787272,0,50-60%
65756,0.567588297843933,0,40-50%
65757,0.5852671229044596,0,50-60%
64069,0.6588667912483215,0,60-70%
66829,0.603758005619049,0,50-60%
65758,0.5042625629107157,0,30-40%
65759,0.368245121161143,0,20-30%
65760,0.4607715848286947,0,30-40%
65761,0.5627044720649719,0,40-50%
65762,0.6053194684982299,0,50-60%
64478,0.5780837777455647,0,50-60%
65764,0.6293051524162292,0,50-60%
65765,0.5711414181391398,0,40-50%
64759,0.4713728689352671,0,30-40%
66840,0.5951508843104044,0,50-60%
69385,0.6007969342867533,0,50-60%
69386,0.544412219842275,0,40-50%
65766,0.6070292555491129,0,50-60%
64082,0.6185316128730773,0,50-60%
64761,0.5258931163152059,0,40-50%
64149,0.6053881608645121,0,50-60%
65767,0.4651853981812795,0,30-40%
69387,0.5395320935249328,0,40-50%
65768,0.6705704016685485,0,60-70%
69388,0.6170459353129069,0,50-60%
65769,0.4550470375219981,0,30-40%
63966,0.5544114950497945,0,40-50%
65770,0.6345500313440958,0,50-60%
65771,0.5213923695882161,0,40-50%
64093,0.5283690932591756,0,40-50%
64127,0.649762865225474,0,60-70%
64175,0.5560262166659037,0,40-50%
64051,0.5544114950497945,0,40-50%
64097,0.536734102487564,0,40-50%
64217,0.5544114950497945,0,40-50%
64201,0.5544114950497945,0,40-50%
64079,0.5544114950497945,0,40-50%
64098,0.5225880109469095,0,40-50%
64230,0.5544114950497945,0,40-50%
64178,0.5544114950497945,0,40-50%
64188,0.5544114950497945,0,40-50%
63977,0.554411614259084,0,40-50%
64166,0.554411614259084,0,40-50%
64222,0.554411614259084,0,40-50%
64113,0.554411614259084,0,40-50%
64160,0.554411614259084,0,40-50%
64131,0.554411614259084,0,40-50%
63959,0.554411614259084,0,40-50%
64126,0.554411614259084,0,40-50%
63997,0.5544114950497945,0,40-50%
64084,0.5544114950497945,0,40-50%
64223,0.5544114950497945,0,40-50%
66658,0.4893172048727671,0,30-40%
64697,0.5767541491190592,0,50-60%
64164,0.5174671653111775,0,40-50%
69389,0.5369274579683939,0,40-50%
64137,0.5441508852640787,0,40-50%
65772,0.6064629518191019,0,50-60%
64002,0.5575591567357381,0,40-50%
65773,0.5714546683629353,0,40-50%
64173,0.5636797192891438,0,40-50%
65774,0.563845809618632,0,40-50%
65775,0.5561942699750264,0,40-50%
65776,0.5088779591719309,0,40-50%
65777,0.5935011469523112,0,50-60%
63948,0.6283017082214355,0,50-60%
69390,0.5318036917050679,0,40-50%
63940,0.5197390559514363,0,40-50%
64139,0.5354966166814168,0,40-50%
64129,0.6314992272059122,0,50-60%
64840,0.5146689080397288,0,40-50%
65778,0.6325536929766337,0,50-60%
64083,0.5928451064427693,0,50-60%
64157,0.6193374080657958,0,50-60%
69391,0.5544663313229878,0,40-50%
64133,0.5327838900883992,0,40-50%
64152,0.5926649533907572,0,50-60%
69392,0.4927783273855845,0,30-40%
64003,0.5369971954027811,0,40-50%
65779,0.5504715406099955,0,40-50%
64186,0.5705680214564005,0,40-50%
65780,0.5241659266948699,0,40-50%
65781,0.4841893874804179,0,30-40%
69393,0.581001456896464,0,50-60%
64841,0.5215733014742533,0,40-50%
65782,0.5697773340543111,0,40-50%
64189,0.6734344922701517,0,60-70%
64141,0.5908322893778483,0,50-60%
65783,0.4711693488756815,0,30-40%
64197,0.6012391411463419,0,50-60%
65530,0.5254861358006795,0,40-50%
65784,0.421151572783788,0,20-30%
63964,0.6873965822855631,0,60-70%
63946,0.6350955648422241,0,50-60%
66911,0.4642046931584676,0,30-40%
65786,0.3895676993529002,0,20-30%
65787,0.5678264144261678,0,40-50%
69394,0.6444315277735392,0,60-70%
69395,0.6232012195587158,0,50-60%
69396,0.4998278263409932,0,30-40%
65788,0.489228213151296,0,30-40%
64106,0.480158502181371,0,30-40%
64842,0.479882266441981,0,30-40%
64843,0.5464558842976888,0,40-50%
65789,0.5799253546396891,0,50-60%
65790,0.4736841284434001,0,30-40%
66812,0.4618961178461711,0,30-40%
64199,0.5344797932306925,0,40-50%
65791,0.3735413196881612,0,20-30%
64054,0.3632330540021261,0,10-20%
65792,0.6155371907552083,0,50-60%
65793,0.6339198632240295,0,50-60%
66646,0.5948572996457417,0,50-60%
64479,0.5599417053858439,0,40-50%
65794,0.5568028333981832,0,40-50%
65795,0.5041886213620503,0,30-40%
65796,0.401345398346583,0,20-30%
64071,0.5717694126764933,0,40-50%
65797,0.4679158571561178,0,30-40%
65798,0.6022538188298543,0,50-60%
65309,0.5588043295542399,0,40-50%
64845,0.5694815797805786,0,40-50%
65799,0.5814681016604105,0,50-60%
65800,0.5751059018770853,0,50-60%
65801,0.6133659127553304,0,50-60%
65802,0.5863348805109659,0,50-60%
65803,0.5424391272862752,0,40-50%
69397,0.4278454426129659,0,20-30%
65804,0.484002018292745,0,30-40%
65805,0.5175850354830424,0,40-50%
66899,0.458046013434728,0,30-40%
65806,0.5645468198458353,0,40-50%
69398,0.57380064757665,0,50-60%
65807,0.4070519450505575,0,20-30%
64846,0.5700949393908182,0,40-50%
69399,0.5518254283269246,0,40-50%
65808,0.5627115014394124,0,40-50%
65809,0.4993916991551717,0,30-40%
65810,0.4643773082097371,0,30-40%
65811,0.5710583610534667,0,40-50%
65812,0.6044493281046549,0,50-60%
65813,0.5448615514437357,0,40-50%
66921,0.6232135577201843,0,50-60%
69400,0.4302032553354899,0,20-30%
63898,0.4727754854361216,0,30-40%
69401,0.571462985197703,0,40-50%
69402,0.5762165430386861,0,50-60%
63498,0.5319261196454366,0,40-50%
69403,0.5001030547618865,0,30-40%
63703,0.5360816362698873,0,40-50%
63719,0.517535233815511,0,40-50%
64480,0.5621009114583333,0,40-50%
63658,0.5544114950497945,0,40-50%
65814,0.5544114950497945,0,40-50%
65816,0.5544114950497945,0,40-50%
65817,0.5544114950497945,0,40-50%
64565,0.5115362051328023,0,40-50%
63560,0.7793889923095703,0,80-90%
63532,0.559395277818044,0,40-50%
63525,0.5774259212811788,0,50-60%
64482,0.5601644161542256,0,40-50%
63563,0.622718715985616,0,50-60%
64483,0.6318851990699768,0,50-60%
63472,0.5810744725863138,0,50-60%
69404,0.4782767557303111,0,30-40%
64514,0.5731941703160603,0,50-60%
64484,0.5641526543299357,0,40-50%
64485,0.5341184698740641,0,40-50%
64847,0.5793311837514241,0,50-60%
63499,0.5802572611172994,0,50-60%
64535,0.5496966484387715,0,40-50%
69405,0.4439395013650258,0,30-40%
64486,0.5640115979512532,0,40-50%
64753,0.5517387035687764,0,40-50%
63843,0.5544114950497945,0,40-50%
63681,0.5544114950497945,0,40-50%
64487,0.554411614259084,0,40-50%
63821,0.554411614259084,0,40-50%
63842,0.5816243532498677,0,50-60%
63765,0.554411614259084,0,40-50%
63546,0.554411614259084,0,40-50%
63778,0.6615975184440612,0,60-70%
63811,0.6615975184440612,0,60-70%
63888,0.6633868498802185,0,60-70%
63696,0.554411614259084,0,40-50%
63676,0.554411614259084,0,40-50%
63777,0.554411614259084,0,40-50%
64566,0.5877394917805989,0,50-60%
65818,0.4888255837758382,0,30-40%
63755,0.5115648749669393,0,40-50%
63784,0.554411614259084,0,40-50%
63621,0.554411614259084,0,40-50%
63685,0.554411614259084,0,40-50%
63667,0.6633868498802185,0,60-70%
63511,0.6633868498802185,0,60-70%
63597,0.554411614259084,0,40-50%
63752,0.554411614259084,0,40-50%
63539,0.5488514863650004,0,40-50%
63894,0.4692811611493429,0,30-40%
63618,0.6445473078091939,0,60-70%
64488,0.5047872308095296,0,40-50%
64489,0.5901923143068949,0,50-60%
66661,0.5951321962674458,0,50-60%
64567,0.5747685674031575,0,50-60%
64490,0.5546031557718912,0,40-50%
64584,0.4880683663686117,0,30-40%
64592,0.5767371339797973,0,50-60%
64593,0.5419398191769917,0,40-50%
63910,0.4907827618916829,0,30-40%
63908,0.4928919338385264,0,30-40%
63593,0.5544114950497945,0,40-50%
63569,0.5544114950497945,0,40-50%
63491,0.5544114950497945,0,40-50%
63603,0.4634654763539632,0,30-40%
63522,0.5544114950497945,0,40-50%
63500,0.5544114950497945,0,40-50%
63714,0.5544114950497945,0,40-50%
64491,0.554411614259084,0,40-50%
64581,0.5122272613843282,0,40-50%
64585,0.5188616755803426,0,40-50%
69406,0.5762996915181477,0,50-60%
64492,0.479393178542455,0,30-40%
63470,0.5248710754712422,0,40-50%
63732,0.5679196360905965,0,40-50%
64765,0.5291540864308675,0,40-50%
64766,0.6027678492863973,0,50-60%
69407,0.5428171399434407,0,40-50%
63825,0.5274428966840108,0,40-50%
63554,0.554411614259084,0,40-50%
63832,0.661277262687683,0,60-70%
63469,0.6107812487284342,0,50-60%
63480,0.661277262687683,0,60-70%
63668,0.661277262687683,0,60-70%
63619,0.6107812487284342,0,50-60%
63748,0.661277262687683,0,60-70%
64493,0.4893381539185842,0,30-40%
63695,0.661277262687683,0,60-70%
63458,0.554411614259084,0,40-50%
63835,0.554411614259084,0,40-50%
63822,0.554411614259084,0,40-50%
64619,0.6503403428395589,0,60-70%
64620,0.5641779545148213,0,40-50%
64494,0.554411614259084,0,40-50%
63549,0.5228113773663838,0,40-50%
63452,0.6501325650215148,0,60-70%
64495,0.4805389904181162,0,30-40%
64496,0.5880247000058492,0,50-60%
64497,0.6182786467870076,0,50-60%
64498,0.554411614259084,0,40-50%
64499,0.554411614259084,0,40-50%
64500,0.4775690677960714,0,30-40%
64501,0.5300846063296,0,40-50%
69408,0.586134517510732,0,50-60%
64502,0.663193790435791,0,60-70%
69409,0.5737683458328247,0,50-60%
69410,0.6620852910677592,0,60-70%
69411,0.4861825350125631,0,30-40%
66659,0.5339644514719645,0,40-50%
63528,0.4390448871453603,0,30-40%
65819,0.5035501960118611,0,30-40%
65820,0.4794317725499471,0,30-40%
65821,0.536957168896993,0,40-50%
65822,0.493226403315862,0,30-40%
64848,0.6284637732505798,0,50-60%
69412,0.5518626812299092,0,40-50%
66832,0.5342138969103495,0,40-50%
65823,0.6185068173408508,0,50-60%
65824,0.6525068842569987,0,60-70%
65825,0.4755900743802388,0,30-40%
65826,0.5102342608769734,0,40-50%
65827,0.5926649533907572,0,50-60%
65828,0.543272702217102,0,40-50%
66669,0.5199374798138936,0,40-50%
65829,0.5503908359209696,0,40-50%
65830,0.5334540568987528,0,40-50%
65831,0.5465915166536967,0,40-50%
69413,0.6473766250610351,0,60-70%
65832,0.499282950480779,0,30-40%
65833,0.5810042304992675,0,50-60%
65834,0.6061242186228434,0,50-60%
65330,0.5631089769999186,0,40-50%
65835,0.5292001032034556,0,40-50%
65836,0.4978040102322896,0,30-40%
65837,0.401345398346583,0,20-30%
65838,0.6321558637619018,0,50-60%
65839,0.5953782482147216,0,50-60%
65840,0.4931506458123525,0,30-40%
65841,0.554411614259084,0,40-50%
64503,0.4976678136189779,0,30-40%
64504,0.4651053193410238,0,30-40%
64984,0.4480153583685557,0,30-40%
64505,0.490389999071757,0,30-40%
64506,0.5463930351734161,0,40-50%
65842,0.5329239610036214,0,40-50%
69414,0.5521084907849629,0,40-50%
64586,0.6271179877916971,0,50-60%
64716,0.4730091336568197,0,30-40%
64536,0.5474302414258321,0,40-50%
64507,0.5156891905466715,0,40-50%
64508,0.5511285904248555,0,40-50%
64850,0.3821319285233815,0,20-30%
69415,0.4537701252301534,0,30-40%
65287,0.5303632878462473,0,40-50%
65843,0.5193659308751424,0,40-50%
66750,0.6350384318033854,0,50-60%
65844,0.5347633603413899,0,40-50%
64715,0.3718595746358236,0,20-30%
65136,0.4010566118558248,0,20-30%
64853,0.449791127761205,0,30-40%
65846,0.6245412193934122,0,50-60%
65311,0.4671862684885661,0,30-40%
64610,0.576319273630778,0,50-60%
64509,0.3718595746358236,0,20-30%
65209,0.6072400771776835,0,50-60%
69416,0.5742872598965962,0,50-60%
65324,0.5484978202184041,0,40-50%
64851,0.6439364515940348,0,60-70%
65847,0.5173506382306416,0,40-50%
65848,0.5823467933336893,0,50-60%
69417,0.5583841446240743,0,40-50%
65544,0.555944141070048,0,40-50%
69418,0.6282353364626566,0,50-60%
65849,0.5666791164080301,0,40-50%
65850,0.5384028199513753,0,40-50%
65851,0.5231275819937388,0,40-50%
65543,0.4603084885279337,0,30-40%
65852,0.6237746718724568,0,50-60%
65853,0.5556989553769429,0,40-50%
69419,0.4947900417645772,0,30-40%
65855,0.5293105486234029,0,40-50%
65856,0.4437379502455393,0,30-40%
69420,0.5090279820760091,0,40-50%
65857,0.5437565687497457,0,40-50%
65858,0.560316380182902,0,40-50%
65859,0.5465021375020345,0,40-50%
65860,0.5894993507067362,0,50-60%
65861,0.5748075210253397,0,50-60%
65862,0.5085718615055084,0,40-50%
65863,0.6514992399215698,0,60-70%
65864,0.5227208995024363,0,40-50%
65865,0.5230951550801595,0,40-50%
65866,0.401345398346583,0,20-30%
66944,0.4825930558840434,0,30-40%
65867,0.6444719993273417,0,60-70%
65868,0.4891097191174825,0,30-40%
69421,0.4998781624635061,0,30-40%
69422,0.5306030157407124,0,40-50%
65869,0.4622686150868734,0,30-40%
65870,0.5543720367749532,0,40-50%
69423,0.5570599678357442,0,40-50%
65871,0.5886389576594034,0,50-60%
66943,0.7116272412935892,0,70-80%
69424,0.6233964247703552,0,50-60%
64858,0.5598351322809855,0,40-50%
65872,0.5527230464617411,0,40-50%
65873,0.6536022666295369,0,60-70%
65874,0.5809638741811116,0,50-60%
65875,0.5870112422307332,0,50-60%
65876,0.5315809491475423,0,40-50%
65877,0.584070738474528,0,50-60%
65878,0.5956023020744323,0,50-60%
64859,0.5296657327016194,0,40-50%
65879,0.4174393398761749,0,20-30%
69425,0.6286968274116516,0,50-60%
65880,0.4901823941071828,0,30-40%
65881,0.4142892006238302,0,20-30%
69426,0.5692727211316426,0,40-50%
65882,0.4725586457252502,0,30-40%
66811,0.588598752339681,0,50-60%
64860,0.4182570222218831,0,20-30%
64861,0.4332877937157949,0,20-30%
64862,0.4906248989899953,0,30-40%
65883,0.5140874627431233,0,40-50%
65884,0.6175223274230957,0,50-60%
65885,0.4964361134370168,0,30-40%
64510,0.5316059234937032,0,40-50%
64511,0.6071630679766337,0,50-60%
64512,0.5938515308698018,0,50-60%
65886,0.6894373261133829,0,60-70%
65887,0.3396684788862864,0,10-20%
64969,0.6201495809555053,0,50-60%
69427,0.5353353265126546,0,40-50%
65888,0.554560749053955,0,40-50%
65889,0.51950057776769,0,40-50%
66937,0.4650664273103078,0,30-40%
65890,0.5479040705362955,0,40-50%
65891,0.4626299980481466,0,30-40%
65892,0.5106104853947957,0,40-50%
65893,0.6025485637982686,0,50-60%
65894,0.5291526559193929,0,40-50%
64617,0.5440283381144205,0,40-50%
65895,0.4920601192315419,0,30-40%
65896,0.6272563619613647,0,50-60%
65897,0.5708662830988566,0,40-50%
69428,0.6101914329528808,0,50-60%
66824,0.5461851917902628,0,40-50%
65898,0.4993684831460317,0,30-40%
64818,0.5676943901379903,0,40-50%
65899,0.6814603490829467,0,60-70%
69429,0.4965959452788035,0,30-40%
64658,0.384423548301061,0,20-30%
65085,0.5196735504468282,0,40-50%
64648,0.5268348100980123,0,40-50%
64794,0.4606217387517293,0,30-40%
64863,0.6592722220420837,0,60-70%
69430,0.5551256222724914,0,40-50%
64557,0.5921968781153361,0,50-60%
64864,0.4800943377812703,0,30-40%
69431,0.6378239952723185,0,50-60%
65901,0.583784397761027,0,50-60%
64981,0.4857520106633504,0,30-40%
64971,0.5322518590291341,0,40-50%
69433,0.5732158664067586,0,50-60%
65194,0.5077135804494222,0,40-50%
64892,0.5153981092770894,0,40-50%
64784,0.629231953938802,0,50-60%
69434,0.7080249471664428,0,60-70%
64872,0.4889553430875142,0,30-40%
65104,0.4880397263367971,0,30-40%
64884,0.4758906327883402,0,30-40%
64516,0.5220096968809763,0,40-50%
69435,0.5730675740242004,0,50-60%
64780,0.5032548291683197,0,30-40%
64880,0.510833706776301,0,40-50%
64979,0.6285415255228678,0,50-60%
64793,0.4928509536584218,0,30-40%
64893,0.4713063779671987,0,30-40%
65159,0.5848425868352254,0,50-60%
65218,0.5196365955670674,0,40-50%
64889,0.5334328654607137,0,40-50%
65433,0.6336801333427429,0,50-60%
65076,0.5479478203455607,0,40-50%
64572,0.5378022475242614,0,40-50%
69436,0.5328995846907297,0,40-50%
64629,0.6153504215876261,0,50-60%
64647,0.5576245430310567,0,40-50%
65200,0.4848309142589569,0,30-40%
64750,0.6082157456080118,0,50-60%
64886,0.4506835006872813,0,30-40%
64887,0.3979274892012278,0,20-30%
64698,0.5003246330420176,0,30-40%
65155,0.5194011890093485,0,40-50%
64897,0.6155686659812927,0,50-60%
64898,0.5565323793093363,0,40-50%
69437,0.4776392522652944,0,30-40%
64657,0.4240870121320089,0,20-30%
64609,0.5182956698735555,0,40-50%
64867,0.4780127647717794,0,30-40%
64816,0.6411347948710123,0,50-60%
65168,0.5140507462819417,0,40-50%
64865,0.5391420963605245,0,40-50%
64646,0.5301299336751302,0,40-50%
65028,0.5016285422643025,0,30-40%
64870,0.4951669855117798,0,30-40%
69438,0.4714714828332265,0,30-40%
64560,0.5435037854512532,0,40-50%
65247,0.6111614985466003,0,50-60%
65259,0.4850075208346049,0,30-40%
64883,0.6350589040120442,0,50-60%
64817,0.5672719720204671,0,40-50%
64895,0.5565333607991536,0,40-50%
69439,0.5611212217013041,0,40-50%
65181,0.4796860757668813,0,30-40%
69440,0.504712279955546,0,40-50%
64537,0.5486757996877034,0,40-50%
64879,0.4943897091547648,0,30-40%
64699,0.5724977814356486,0,40-50%
65216,0.5205279830296834,0,40-50%
64875,0.5865204615592956,0,50-60%
64876,0.6469694935480753,0,60-70%
65369,0.7922893726030985,0,80-90%
65376,0.5902943256696065,0,50-60%
64779,0.2420108430782954,0,0-10%
64873,0.5902283155123392,0,50-60%
64874,0.4975811484654744,0,30-40%
64665,0.6200115048090616,0,50-60%
64666,0.5667744838396708,0,40-50%
65902,0.5544114950497945,0,40-50%
65903,0.5693017207781473,0,40-50%
69441,0.5595376137097676,0,40-50%
65904,0.6426420453389485,0,60-70%
65905,0.5944348537127176,0,50-60%
69442,0.5037814620335896,0,30-40%
65906,0.6439703070322672,0,60-70%
65907,0.6741250438690185,0,60-70%
65908,0.4816104117234548,0,30-40%
65909,0.5487638079325358,0,40-50%
65910,0.5441507938702901,0,40-50%
65911,0.4935263338883718,0,30-40%
65912,0.5140312555631001,0,40-50%
65913,0.6247560067176818,0,50-60%
65914,0.5342618508338928,0,40-50%
65915,0.6250175797144571,0,50-60%
65916,0.5342618508338928,0,40-50%
65917,0.6473752819697062,0,60-70%
65918,0.5457620266278584,0,40-50%
69443,0.5664184931119283,0,40-50%
69444,0.5095787289937337,0,40-50%
64899,0.5527421219348907,0,40-50%
65919,0.5235234164396921,0,40-50%
65920,0.5657160861492156,0,40-50%
69445,0.628946153640747,0,50-60%
65921,0.68449929189682,0,60-70%
69446,0.5986943804423014,0,50-60%
66804,0.561606880346934,0,40-50%
65304,0.565281176884969,0,40-50%
65922,0.584070738474528,0,50-60%
64822,0.4828035477002462,0,30-40%
65923,0.5495007001558939,0,40-50%
69447,0.6072153730392456,0,50-60%
69448,0.6334606690406799,0,50-60%
65924,0.6257168296178182,0,50-60%
65925,0.484533544699351,0,30-40%
69449,0.6561255140304565,0,60-70%
69450,0.5998550895055135,0,50-60%
66800,0.6070297045707702,0,50-60%
69451,0.6092134399414062,0,50-60%
64612,0.592665012995402,0,50-60%
65927,0.6529553178151448,0,60-70%
64900,0.5829859061241149,0,50-60%
64901,0.2656386736234029,0,0-10%
65928,0.4538969937165578,0,30-40%
65929,0.5592638813654581,0,40-50%
65930,0.6654855890274047,0,60-70%
64681,0.4626332465012868,0,30-40%
65049,0.5850166641871134,0,50-60%
65051,0.5596509539286295,0,40-50%
69452,0.6878252906799316,0,60-70%
64618,0.3564673605759939,0,10-20%
69453,0.479917552391688,0,30-40%
64787,0.6037473324139913,0,50-60%
64701,0.6611503326098124,0,60-70%
64704,0.5697461647987365,0,40-50%
64538,0.5621382239659627,0,40-50%
64685,0.5873622857729593,0,50-60%
65931,0.5512826684315999,0,40-50%
69454,0.4441916309992472,0,30-40%
64542,0.6072463674545288,0,50-60%
69455,0.5376212838490804,0,40-50%
64664,0.5253480914433797,0,40-50%
64797,0.4581463578542074,0,30-40%
64700,0.5225463751157124,0,40-50%
64767,0.5466531756718953,0,40-50%
69456,0.6069621685345967,0,50-60%
65932,0.4881809019247691,0,30-40%
64670,0.5114873889287312,0,40-50%
64574,0.48771586449941,0,30-40%
69457,0.6097103598912557,0,50-60%
64568,0.5150783323446909,0,40-50%
64703,0.5099533163706461,0,40-50%
65082,0.4198917411963145,0,20-30%
64638,0.5632554852167765,0,40-50%
64786,0.6970737857818603,0,60-70%
69458,0.6948704365094502,0,60-70%
64770,0.5812069419225057,0,50-60%
64576,0.5134365204175313,0,40-50%
64785,0.4906863235632578,0,30-40%
64669,0.6211938543319702,0,50-60%
69459,0.6662575883865356,0,60-70%
64587,0.5438886526425679,0,40-50%
64755,0.5619623902638753,0,40-50%
64754,0.5619623902638753,0,40-50%
64799,0.5492379906972249,0,40-50%
69460,0.4933212343056997,0,30-40%
64768,0.539768481572469,0,40-50%
64702,0.5528487526575724,0,40-50%
64800,0.5390244367917378,0,40-50%
64760,0.6451767924626668,0,60-70%
64632,0.5774212125142415,0,50-60%
64573,0.5838549378712972,0,50-60%
64621,0.6748054904937744,0,60-70%
64575,0.5730049255688985,0,50-60%
64801,0.5262709521452585,0,40-50%
64902,0.5344538652102152,0,40-50%
64769,0.5216435435612996,0,40-50%
64595,0.5186360719998677,0,40-50%
64804,0.308060878833135,0,10-20%
64540,0.5071909669240315,0,40-50%
64633,0.5029429438908894,0,30-40%
64594,0.5249168518384297,0,40-50%
64903,0.4680375400384267,0,30-40%
69461,0.6498782002131144,0,60-70%
69462,0.5723725838661193,0,40-50%
64589,0.573046171983083,0,50-60%
64771,0.5767220500310262,0,50-60%
64819,0.5911649111111958,0,50-60%
64805,0.6261222922007242,0,50-60%
64650,0.5145073496500651,0,40-50%
69463,0.5970783197085062,0,50-60%
64772,0.5330348852475484,0,40-50%
64649,0.5095305684407552,0,40-50%
64588,0.583341741879781,0,50-60%
65449,0.6882170402208964,0,60-70%
65934,0.4247071090539296,0,20-30%
65935,0.4644379261334737,0,30-40%
65936,0.5895316246350606,0,50-60%
65937,0.5757644735972086,0,50-60%
65938,0.4730367306073507,0,30-40%
65939,0.6610723419189453,0,60-70%
69464,0.5152459386189778,0,40-50%
69465,0.560410046895345,0,40-50%
66984,0.4501012805302938,0,30-40%
69466,0.6558197978337605,0,60-70%
66980,0.619781343460083,0,50-60%
65940,0.5882486942609151,0,50-60%
65941,0.6640273613929748,0,60-70%
69467,0.5793981197675069,0,50-60%
69468,0.4076816105047862,0,20-30%
64904,0.5642116033236185,0,40-50%
65942,0.5279558542569478,0,40-50%
64905,0.4960411432584127,0,30-40%
65943,0.5639262440999349,0,40-50%
65944,0.593264754931132,0,50-60%
65945,0.4811335169474284,0,30-40%
64906,0.5119570139249165,0,40-50%
69469,0.5846727175712585,0,50-60%
65946,0.6037016196250915,0,50-60%
65947,0.6109249555269877,0,50-60%
65948,0.5167027953465779,0,40-50%
66936,0.5315230730374654,0,40-50%
65949,0.6276655756632487,0,50-60%
65950,0.4966228845914205,0,30-40%
65951,0.5512987020810445,0,40-50%
65952,0.6626612825393676,0,60-70%
65953,0.6626612825393676,0,60-70%
65954,0.6665817184448242,0,60-70%
65955,0.6832992119789123,0,60-70%
65956,0.6665817184448242,0,60-70%
65957,0.6869989318847656,0,60-70%
65958,0.6626612825393676,0,60-70%
65959,0.5451880935033162,0,40-50%
65960,0.6665817184448242,0,60-70%
65961,0.6869989318847656,0,60-70%
65962,0.51926478377978,0,40-50%
64737,0.4755399508476257,0,30-40%
66686,0.5750735047658284,0,50-60%
66685,0.5256223363876342,0,40-50%
66678,0.5809729658762613,0,50-60%
66670,0.4759903195699056,0,30-40%
64908,0.4744976106484731,0,30-40%
64720,0.5678408705393473,0,40-50%
64705,0.5817696733474731,0,50-60%
69470,0.6677552742958068,0,60-70%
64740,0.6195838136672973,0,50-60%
64717,0.5593075119654337,0,40-50%
64743,0.5555175506273905,0,40-50%
64727,0.5134087168375651,0,40-50%
64735,0.5414872728983561,0,40-50%
69471,0.5758419596354166,0,50-60%
66704,0.6043717546463012,0,50-60%
66703,0.5373811089197794,0,40-50%
66705,0.5245293024381001,0,40-50%
69473,0.498466011206309,0,30-40%
66699,0.586727079073588,0,50-60%
65964,0.6869989318847656,0,60-70%
65965,0.6665817184448242,0,60-70%
65966,0.6626612825393676,0,60-70%
65967,0.6832992119789123,0,60-70%
69474,0.6626612825393676,0,60-70%
65968,0.5544114950497945,0,40-50%
65969,0.5544114950497945,0,40-50%
65970,0.6869989318847656,0,60-70%
65971,0.6665817184448242,0,60-70%
65972,0.6869989318847656,0,60-70%
65973,0.6626612825393676,0,60-70%
65974,0.6665817184448242,0,60-70%
65975,0.6626612825393676,0,60-70%
65976,0.6832992119789123,0,60-70%
65977,0.6665817184448242,0,60-70%
65978,0.6626612825393676,0,60-70%
69475,0.6241004748344421,0,50-60%
64739,0.5852013789812723,0,50-60%
64726,0.5758875889778137,0,50-60%
69476,0.5941132588386535,0,50-60%
64724,0.5649873855908711,0,40-50%
64746,0.5369524323145548,0,40-50%
69477,0.5612206104596456,0,40-50%
64732,0.5779449903170267,0,50-60%
64747,0.4470002594788869,0,30-40%
69478,0.4991333428223928,0,30-40%
64733,0.5151667240460713,0,40-50%
64722,0.5500183664957682,0,40-50%
64741,0.5202954970995585,0,40-50%
64744,0.6240985078811645,0,50-60%
64742,0.592943903128306,0,50-60%
69479,0.502880955060323,0,30-40%
64738,0.5313049796422322,0,40-50%
64730,0.5252010487715403,0,40-50%
64745,0.5373240950902303,0,40-50%
64736,0.5165234469572703,0,40-50%
64706,0.5469337943394978,0,40-50%
64729,0.5731720291773478,0,50-60%
64907,0.5494635942776998,0,40-50%
64723,0.4283288362820943,0,20-30%
65979,0.3576793932120005,0,10-20%
64719,0.5914793891906738,0,50-60%
64721,0.5549903475443522,0,40-50%
64728,0.5439071022669474,0,40-50%
65980,0.5544114950497945,0,40-50%
69480,0.6145492159525553,0,50-60%
65981,0.6145492159525553,0,50-60%
69481,0.55768337281545,0,40-50%
69482,0.5230168941815694,0,40-50%
65982,0.6478184742927551,0,60-70%
65983,0.6796420180002848,0,60-70%
69484,0.5310077650547027,0,40-50%
65984,0.5544114950497945,0,40-50%
65985,0.5544114950497945,0,40-50%
69485,0.5084769371350606,0,40-50%
65986,0.5336990598042806,0,40-50%
65987,0.5418393257459004,0,40-50%
65988,0.5336990598042806,0,40-50%
65989,0.5418393257459004,0,40-50%
65990,0.5418393257459004,0,40-50%
65991,0.5145879033406575,0,40-50%
65992,0.5145879033406575,0,40-50%
65993,0.5145879033406575,0,40-50%
65994,0.4719546380837758,0,30-40%
65995,0.5145879033406575,0,40-50%
65996,0.5418393257459004,0,40-50%
65997,0.5418393257459004,0,40-50%
65998,0.5544114950497945,0,40-50%
65999,0.5418393257459004,0,40-50%
66000,0.5643286946614583,0,40-50%
66001,0.6149934175809224,0,50-60%
66002,0.664180426120758,0,60-70%
66003,0.5643752458890279,0,40-50%
69486,0.4902695659001668,0,30-40%
66004,0.5996916575431823,0,50-60%
66005,0.4676210525830587,0,30-40%
66006,0.5031987670262654,0,30-40%
66007,0.5576666576862335,0,40-50%
66008,0.5104972961743672,0,40-50%
66009,0.5125171783765157,0,40-50%
66010,0.5945875608126322,0,50-60%
66011,0.5481553319295247,0,40-50%
66012,0.5459146741231282,0,40-50%
69487,0.6511384212176005,0,60-70%
66013,0.5717117431958516,0,40-50%
66014,0.5748680197397867,0,50-60%
66015,0.5492923243045806,0,40-50%
66016,0.5829810741742452,0,50-60%
66017,0.6663699709574381,0,60-70%
66018,0.6303277893066406,0,50-60%
66019,0.6137031876246134,0,50-60%
66020,0.401345398346583,0,20-30%
66021,0.6157779657046,0,50-60%
66022,0.484565788825353,0,30-40%
66023,0.4971614125569661,0,30-40%
69488,0.4471594932874044,0,30-40%
69489,0.5576473437945048,0,40-50%
66024,0.5334246400197347,0,40-50%
66025,0.378950292189916,0,20-30%
69490,0.5926797353426615,0,50-60%
66026,0.6555859727859497,0,60-70%
69491,0.5509019139607747,0,40-50%
66027,0.6607390327453613,0,60-70%
66028,0.5811864697138468,0,50-60%
69492,0.7709719184239705,0,70-80%
69493,0.5139975193341573,0,40-50%
66029,0.5340714100201924,0,40-50%
69494,0.6011972390810648,0,50-60%
69495,0.5820788386662801,0,50-60%
66030,0.5549005511601766,0,40-50%
69496,0.5160675886472066,0,40-50%
69497,0.5232891681989034,0,40-50%
69498,0.6630925817489624,0,60-70%
69499,0.6948704365094502,0,60-70%
69500,0.6124236547152201,0,50-60%
69501,0.5759072863260905,0,50-60%
69502,0.5653128269513448,0,40-50%
69503,0.463133150657018,0,30-40%
69504,0.4938592854340871,0,30-40%
69505,0.6061068418820699,0,50-60%
69506,0.4644171837170919,0,30-40%
69507,0.5159115436871846,0,40-50%
69508,0.6059888246854146,0,50-60%
69509,0.5261920336087544,0,40-50%
66733,0.6641201618512471,0,60-70%
69510,0.5032385233243306,0,30-40%
69511,0.5024590733846028,0,30-40%
69512,0.5723353269894917,0,40-50%
69513,0.5938281976381937,0,50-60%
69514,0.4910135808785756,0,30-40%
69515,0.4856577459176381,0,30-40%
69516,0.4780164900620778,0,30-40%
69517,0.4851259234746297,0,30-40%
69518,0.5301828029950459,0,40-50%
69519,0.584070738474528,0,50-60%
69520,0.2897065523465474,0,0-10%
69521,0.4843964818318685,0,30-40%
69522,0.6948704365094502,0,60-70%
69523,0.359853977282842,0,10-20%
69524,0.5776841882069905,0,50-60%
69525,0.5550069454511006,0,40-50%
69526,0.5885808431307474,0,50-60%
69527,0.5478704217274983,0,40-50%
69528,0.561535740216573,0,40-50%
69529,0.6615503075917561,0,60-70%
69530,0.613014126141866,0,50-60%
69531,0.5030896309216817,0,30-40%
69532,0.5567261222203572,0,40-50%
69533,0.5474755409558614,0,40-50%
69534,0.5527563932736714,0,40-50%
69535,0.4482150061130523,0,30-40%
69536,0.4982320311864217,0,30-40%
69537,0.4565248432954152,0,30-40%
69538,0.5171237233479817,0,40-50%
69539,0.5588827970822652,0,40-50%
69540,0.5544114950497945,0,40-50%
69541,0.5718520843187967,0,40-50%
69542,0.4509430471261342,0,30-40%
69543,0.5056664589246114,0,40-50%
69544,0.5502913557688395,0,40-50%
69545,0.4884215834935506,0,30-40%
69546,0.6077028158505757,0,50-60%
69547,0.5317679885228475,0,40-50%
66737,0.5621537807782491,0,40-50%
69548,0.5883509480158488,0,50-60%
69549,0.5192923191388448,0,40-50%
69550,0.4932711366017659,0,30-40%
69551,0.5769455674489339,0,50-60%
69552,0.4506857636769613,0,30-40%
69553,0.4122020843823751,0,20-30%
69555,0.5175514482657114,0,40-50%
69556,0.5760698877970377,0,50-60%
69557,0.5659356358846028,0,40-50%
69558,0.3542390111287435,0,10-20%
69559,0.5741647723515828,0,50-60%
69560,0.5819351040522257,0,50-60%
69561,0.4759359899361928,0,30-40%
69562,0.5864611509641011,0,50-60%
69563,0.5386725905736287,0,40-50%
66031,0.595178870677948,0,50-60%
66713,0.6155320965449015,0,50-60%
69564,0.5434491001764933,0,40-50%
69565,0.5567961298624674,0,40-50%
69566,0.5820149742762247,0,50-60%
69567,0.5725009404818217,0,40-50%
69568,0.630600210348765,0,50-60%
69569,0.6158637089729309,0,50-60%
69570,0.5091263913313547,0,40-50%
69571,0.6267463250160217,0,50-60%
69572,0.5132233742078145,0,40-50%
69573,0.6351882182757059,0,50-60%
69574,0.4876413586934408,0,30-40%
69575,0.5457598212560018,0,40-50%
69576,0.4902794006665548,0,30-40%
69577,0.5530367735226949,0,40-50%
69578,0.5097128394444783,0,40-50%
69579,0.5494145992596944,0,40-50%
69580,0.4988157990773519,0,30-40%
69581,0.3753243330319722,0,20-30%
69582,0.6806022806167602,0,60-70%
69583,0.5184409859975179,0,40-50%
69584,0.3086396419207255,0,10-20%
69585,0.9003043456077575,0,90-100%
69586,0.6400743408203124,0,50-60%
69587,0.5504329764048258,0,40-50%
66715,0.5687557422320048,0,40-50%
69588,0.6731002294222513,0,60-70%
69589,0.5883613510131835,0,50-60%
66720,0.5190792325337727,0,40-50%
69590,0.5208495500882466,0,40-50%
66740,0.5438532474835713,0,40-50%
69591,0.5184947493871053,0,40-50%
69592,0.5413548591931661,0,40-50%
69593,0.3668199125130971,0,10-20%
69594,0.5115083737373352,0,40-50%
69595,0.6306569261550903,0,50-60%
65022,0.5361834410031636,0,40-50%
69596,0.560009328842163,0,40-50%
66032,0.6125091873804728,0,50-60%
69597,0.4740033987363179,0,30-40%
66033,0.5297277831236521,0,40-50%
69598,0.5901213251749674,0,50-60%
69599,0.5625904165903727,0,40-50%
66034,0.5803897940317789,0,50-60%
66035,0.6420020742416381,0,60-70%
66036,0.5052086952527364,0,40-50%
66037,0.4462963882287343,0,30-40%
66038,0.561110373655955,0,40-50%
69600,0.5837060454686482,0,50-60%
66039,0.5786822997728983,0,50-60%
69601,0.4851911627451579,0,30-40%
66040,0.535930180867513,0,40-50%
66041,0.6641100012461344,0,60-70%
69602,0.6035346670150756,0,50-60%
66042,0.56052681239446,0,40-50%
66043,0.5769449117978414,0,50-60%
67106,0.5656354072888692,0,40-50%
69603,0.4196312669118245,0,20-30%
66045,0.4692858103116353,0,30-40%
69604,0.574602063814799,0,50-60%
69605,0.5190193894704183,0,40-50%
69606,0.4919383767445882,0,30-40%
69607,0.5684232357343038,0,40-50%
66046,0.4159542305469513,0,20-30%
66047,0.5888090971310933,0,50-60%
69608,0.5630209409395853,0,40-50%
69609,0.5365956667264302,0,40-50%
66048,0.5150450709660848,0,40-50%
66049,0.49471169145902,0,30-40%
66050,0.6477965397834777,0,60-70%
66051,0.4974564575354258,0,30-40%
66052,0.6416462941169738,0,60-70%
66053,0.4847328606446584,0,30-40%
66054,0.469407701810201,0,30-40%
67122,0.5431778394381205,0,40-50%
69611,0.5646364652315775,0,40-50%
67109,0.5249896012941996,0,40-50%
69612,0.4949270132382711,0,30-40%
67130,0.5658826513290405,0,40-50%
67134,0.6280963066418965,0,50-60%
66055,0.5919666253725687,0,50-60%
67127,0.479985767920812,0,30-40%
69613,0.3974069300492605,0,20-30%
66056,0.5584132634798685,0,40-50%
66057,0.5106045249303182,0,40-50%
66058,0.5926028731664021,0,50-60%
69614,0.5554783307711283,0,40-50%
67146,0.6387297156651814,0,50-60%
67136,0.7809250040054321,0,80-90%
69615,0.5931392871538798,0,50-60%
66059,0.5185600760777791,0,40-50%
67145,0.6484966241518656,0,60-70%
67144,0.6492487433751424,0,60-70%
69616,0.4558360818227132,0,30-40%
69617,0.7171591761906941,0,70-80%
67151,0.638516215801239,0,50-60%
67152,0.6233076734542846,0,50-60%
69618,0.4244094454447428,0,20-30%
69619,0.5249753855864207,0,40-50%
67123,0.5431855562527974,0,40-50%
67124,0.5012236479123433,0,30-40%
67125,0.5022796037991841,0,30-40%
69620,0.5746740344365437,0,50-60%
67135,0.6044009569485982,0,50-60%
67137,0.5846538189252217,0,50-60%
66060,0.5083023273150126,0,40-50%
69621,0.8774731440544128,0,90-100%
66789,0.5756135228474935,0,50-60%
66061,0.4583010915120443,0,30-40%
66761,0.4742938521703084,0,30-40%
67158,0.5470947268803914,0,40-50%
66062,0.5597448590596517,0,40-50%
66817,0.6060423814455668,0,50-60%
69622,0.7424135171572367,0,70-80%
66813,0.4514946583112081,0,30-40%
67163,0.6611503326098124,0,60-70%
66063,0.5203958395322164,0,40-50%
67154,0.5273311379750569,0,40-50%
69623,0.5789586547215779,0,50-60%
66064,0.578402157942454,0,50-60%
67131,0.4155048373540242,0,20-30%
69624,0.6189123037656148,0,50-60%
66065,0.5844049139022827,0,50-60%
69626,0.5668987277348836,0,40-50%
67157,0.6060366911888122,0,50-60%
67168,0.6043185276985168,0,50-60%
67165,0.5456367098490397,0,40-50%
67166,0.5674549304644266,0,40-50%
67169,0.4835048281351725,0,30-40%
67147,0.5408795717557271,0,40-50%
66066,0.5532868467966715,0,40-50%
67170,0.5322189890543619,0,40-50%
69627,0.6429480873743693,0,60-70%
67149,0.5500244739850362,0,40-50%
67159,0.5453945639928182,0,40-50%
69628,0.5852663758595784,0,50-60%
64934,0.5918135924339294,0,50-60%
65093,0.5572854243914286,0,40-50%
64929,0.560323024113973,0,40-50%
64789,0.4615862015088399,0,30-40%
66067,0.4536015652815501,0,30-40%
65408,0.5122120621999104,0,40-50%
66068,0.505124684492747,0,40-50%
64914,0.5664135777155558,0,40-50%
64915,0.4720024410088857,0,30-40%
65110,0.515021109898885,0,40-50%
65122,0.5125017129580179,0,40-50%
65273,0.6060504598617553,0,50-60%
65253,0.7492317242622375,0,70-80%
69629,0.4387679937680562,0,30-40%
65292,0.5895786248842875,0,50-60%
65357,0.5761429909070332,0,50-60%
69630,0.613888530254364,0,50-60%
65152,0.5449427607854207,0,40-50%
65199,0.5235055350462595,0,40-50%
65245,0.4189193192323049,0,20-30%
69631,0.580766614596049,0,50-60%
64911,0.5034054183165232,0,30-40%
65108,0.5360660198529561,0,40-50%
65300,0.564128959496816,0,40-50%
65153,0.4173314812978109,0,20-30%
65120,0.5953220410346984,0,50-60%
64923,0.545481380144755,0,40-50%
64924,0.5580122434298197,0,40-50%
64947,0.4874778035481771,0,30-40%
65320,0.610661085764567,0,50-60%
65197,0.608711684068044,0,50-60%
65312,0.5042495373090108,0,30-40%
65279,0.5788802467981974,0,50-60%
65156,0.3981000724633535,0,20-30%
65172,0.5091737750371297,0,40-50%
65225,0.8333471698760986,0,80-90%
69632,0.4750636481444041,0,30-40%
65286,0.5978284441630045,0,50-60%
65318,0.5204406026204427,0,40-50%
69633,0.5753008090655009,0,50-60%
65176,0.4880109968980153,0,30-40%
65179,0.5588493310610453,0,40-50%
65187,0.5945149305661519,0,50-60%
65145,0.5594625436464945,0,40-50%
64922,0.5642519556681315,0,40-50%
64926,0.4887861255009969,0,30-40%
64927,0.6050620916684468,0,50-60%
65180,0.488079542239507,0,30-40%
65361,0.5191707852681477,0,40-50%
65213,0.6665017568270365,0,60-70%
65258,0.6236462874412536,0,50-60%
65368,0.614428278128306,0,50-60%
69634,0.5801247003873189,0,50-60%
69635,0.4795558098157247,0,30-40%
65250,0.6056123617490132,0,50-60%
65249,0.7730222029685974,0,70-80%
65234,0.7733055634498596,0,70-80%
65281,0.5567539893786112,0,40-50%
64937,0.4026718679269155,0,20-30%
65228,0.5498497727711995,0,40-50%
69636,0.5784991943041483,0,50-60%
65263,0.5391646865208943,0,40-50%
69637,0.5235780719121297,0,40-50%
64942,0.5205016377766927,0,40-50%
65175,0.5126986745198567,0,40-50%
65166,0.4612688703536987,0,30-40%
65233,0.5357524120012919,0,40-50%
69638,0.4787461105187734,0,30-40%
65219,0.5875304304758707,0,50-60%
67174,0.5012191179593404,0,30-40%
67173,0.5193120502630869,0,40-50%
67172,0.5205679181416829,0,40-50%
67179,0.7174703760147094,0,70-80%
67181,0.6731388254165649,0,60-70%
67178,0.6012861413955688,0,50-60%
67177,0.4942785743077596,0,30-40%
67182,0.5813268108367919,0,50-60%
67183,0.4025143944422404,0,20-30%
69639,0.5575858000119527,0,40-50%
67184,0.6321881694793701,0,50-60%
67187,0.5243103745778401,0,40-50%
67185,0.4807818177541097,0,30-40%
67186,0.6230360232988993,0,50-60%
67196,0.5077145937283833,0,40-50%
67193,0.6208455804189046,0,50-60%
67201,0.5721054636637369,0,40-50%
67198,0.5053857210477193,0,40-50%
69640,0.4640637301603953,0,30-40%
67197,0.6347420775095621,0,50-60%
67195,0.5847245140075683,0,50-60%
67209,0.5827926042874654,0,50-60%
67208,0.4953477346102397,0,30-40%
69641,0.5873868110974629,0,50-60%
65083,0.5202530268033345,0,40-50%
65078,0.575940307299296,0,50-60%
67206,0.6323055588404337,0,50-60%
67190,0.5495662652651468,0,40-50%
66069,0.3096895161469777,0,10-20%
67194,0.5544114950497945,0,40-50%
67200,0.6489226463635762,0,60-70%
69642,0.6136067790985107,0,50-60%
64956,0.6290896498362223,0,50-60%
64957,0.5769771618843078,0,50-60%
64954,0.5314245465596517,0,40-50%
65438,0.5350466930071512,0,40-50%
64955,0.5587362610499064,0,40-50%
69643,0.5831963701248168,0,50-60%
69644,0.694410352230072,0,60-70%
69645,0.4892512205441793,0,30-40%
64958,0.5689893328348795,0,40-50%
64959,0.5911260210673014,0,50-60%
67210,0.5376819931666056,0,40-50%
69646,0.541950369199117,0,40-50%
65515,0.5904362761179606,0,50-60%
68180,0.508756542523702,0,40-50%
69647,0.5875272714296976,0,50-60%
69648,0.6189227385520935,0,50-60%
67212,0.449228430112203,0,30-40%
69649,0.6440600994427998,0,60-70%
67204,0.4697533213297526,0,30-40%
67171,0.5760845187505086,0,50-60%
67213,0.6202938798268636,0,50-60%
69650,0.7029316110610961,0,60-70%
67202,0.5915178898175557,0,50-60%
67222,0.5779737793604532,0,50-60%
64960,0.4911743365923564,0,30-40%
69651,0.5799876414934794,0,50-60%
67221,0.5679685715039571,0,40-50%
67217,0.3754025045235952,0,20-30%
67223,0.6101509296099344,0,50-60%
67199,0.5828539692560831,0,50-60%
67164,0.5224491917292277,0,40-50%
69652,0.5747151934305826,0,50-60%
69653,0.3683167937596639,0,20-30%
69654,0.6160732192993164,0,50-60%
66831,0.6704712195396423,0,60-70%
69655,0.463060045560201,0,30-40%
67232,0.5377205295562744,0,40-50%
67218,0.5906500183741251,0,50-60%
67226,0.6341183149019877,0,50-60%
67227,0.5503666364351908,0,40-50%
67128,0.6086422764460245,0,50-60%
69657,0.4723778926531474,0,30-40%
69658,0.513239705880483,0,40-50%
67235,0.5605588518778483,0,40-50%
67242,0.5527922752698262,0,40-50%
66071,0.4999563975334167,0,30-40%
67244,0.6054756008783976,0,50-60%
67246,0.4025143944422404,0,20-30%
67233,0.4542851411501566,0,30-40%
64962,0.5462421420415242,0,40-50%
65401,0.60399818054835,0,50-60%
69659,0.597709147453308,0,50-60%
64967,0.528465056737264,0,40-50%
64968,0.6213042421340942,0,50-60%
64963,0.335362549940745,0,10-20%
64964,0.4927389307022095,0,30-40%
65519,0.6191236062049865,0,50-60%
64965,0.5714448932011922,0,40-50%
64966,0.6203151904741923,0,50-60%
69660,0.467059700012207,0,30-40%
67250,0.5669927560488383,0,40-50%
67255,0.5639553629557291,0,40-50%
67238,0.4304845574696859,0,20-30%
69661,0.5598300658861796,0,40-50%
67214,0.5753063801129659,0,50-60%
67215,0.6597400549252828,0,60-70%
69662,0.5074857118924458,0,40-50%
67224,0.5390839222272237,0,40-50%
67211,0.4880590720176697,0,30-40%
67225,0.4420260730584462,0,30-40%
67262,0.4507554415067037,0,30-40%
69663,0.428749674876531,0,20-30%
66073,0.6052380167643229,0,50-60%
66719,0.5269923451741536,0,40-50%
66725,0.5209194067319234,0,40-50%
66074,0.5280609690348307,0,40-50%
69664,0.5774299743970235,0,50-60%
66677,0.6669355316162109,0,60-70%
67240,0.5570816957155863,0,40-50%
67263,0.5544114950497945,0,40-50%
67254,0.6258243285814921,0,50-60%
67269,0.5657778345743815,0,40-50%
67277,0.6083075645764668,0,50-60%
67280,0.4886688831647237,0,30-40%
67270,0.6086882316271464,0,50-60%
67271,0.5171580278078715,0,40-50%
67282,0.6405038797060648,0,50-60%
69665,0.6393467151323954,0,50-60%
67281,0.3280550185044606,0,10-20%
69666,0.4108535908857981,0,20-30%
67266,0.5644978864192962,0,40-50%
69667,0.3448045495351156,0,10-20%
67256,0.2298977467616399,0,0-10%
67189,0.6471299492518107,0,60-70%
67236,0.3299511614640554,0,10-20%
67287,0.6131610555648803,0,50-60%
67273,0.5260741078058878,0,40-50%
69668,0.5043482743899027,0,40-50%
67257,0.6018925272623697,0,50-60%
67301,0.6983754320144653,0,60-70%
67300,0.5144202970663706,0,40-50%
67302,0.6458732171058654,0,60-70%
66895,0.5693974736531575,0,40-50%
66076,0.5504329764048258,0,40-50%
66077,0.5133854988416036,0,40-50%
69669,0.5301248672803243,0,40-50%
66858,0.5544114950497945,0,40-50%
66863,0.5544114950497945,0,40-50%
66850,0.5544114950497945,0,40-50%
66865,0.6441552920341491,0,60-70%
66851,0.5544114950497945,0,40-50%
66860,0.5544114950497945,0,40-50%
66861,0.5544114950497945,0,40-50%
66867,0.422123907327652,0,20-30%
66078,0.4984945002396901,0,30-40%
66900,0.5438397172292073,0,40-50%
66079,0.3626206480662028,0,10-20%
69670,0.6197333895365397,0,50-60%
66080,0.5422880295117696,0,40-50%
66081,0.5330887082417806,0,40-50%
67296,0.569487834294637,0,40-50%
66907,0.5017466190656026,0,30-40%
66906,0.5855030380884806,0,50-60%
66082,0.5427085998853047,0,40-50%
66083,0.4963130894502004,0,30-40%
66084,0.5961767080624898,0,50-60%
66085,0.4693695846398671,0,30-40%
66825,0.4894175175031026,0,30-40%
66086,0.5377213004430135,0,40-50%
66087,0.5608796122868855,0,40-50%
66927,0.5388489607175191,0,40-50%
69671,0.5974577310880025,0,50-60%
66088,0.5710844043095906,0,40-50%
66089,0.5099682453473409,0,40-50%
69672,0.4742650651137034,0,30-40%
66838,0.5109324696858724,0,40-50%
66090,0.5648087504704793,0,40-50%
66091,0.6773621085484822,0,60-70%
69673,0.4760162177880605,0,30-40%
69674,0.5579539222717285,0,40-50%
69675,0.554411614259084,0,40-50%
66864,0.554411614259084,0,40-50%
66866,0.6634934825897216,0,60-70%
66852,0.554411614259084,0,40-50%
66855,0.554411614259084,0,40-50%
66092,0.6141953113873799,0,50-60%
66093,0.554411614259084,0,40-50%
66859,0.554411614259084,0,40-50%
66853,0.554411614259084,0,40-50%
69676,0.5121597889264424,0,40-50%
66094,0.5640088879267374,0,40-50%
66095,0.6098313612937927,0,50-60%
66096,0.5731593612035115,0,50-60%
69677,0.6074627005259196,0,50-60%
69678,0.5398409608205159,0,40-50%
69679,0.5721034649213155,0,40-50%
66931,0.4287615660031637,0,20-30%
69680,0.5501259210904439,0,40-50%
69681,0.5469632986386617,0,40-50%
66928,0.6707495414415995,0,60-70%
66097,0.4811466279824575,0,30-40%
66846,0.554411614259084,0,40-50%
66868,0.554411614259084,0,40-50%
66857,0.554411614259084,0,40-50%
66854,0.554411614259084,0,40-50%
66098,0.4950456562836965,0,30-40%
66869,0.554411614259084,0,40-50%
66862,0.554411614259084,0,40-50%
66856,0.554411614259084,0,40-50%
66099,0.5615818742116292,0,40-50%
66100,0.4615734759171804,0,30-40%
66848,0.5242334249814351,0,40-50%
69682,0.622262804031372,0,50-60%
66909,0.5758373104731241,0,50-60%
66101,0.5423459056218465,0,40-50%
66102,0.5261326693693796,0,40-50%
66887,0.6158452275594075,0,50-60%
66888,0.5089158061345418,0,40-50%
69683,0.5664496663411458,0,40-50%
66892,0.5544114950497945,0,40-50%
66103,0.554411614259084,0,40-50%
66889,0.6775017662048339,0,60-70%
69684,0.5544114950497945,0,40-50%
66891,0.5544114950497945,0,40-50%
66890,0.6775017662048339,0,60-70%
66104,0.6076418999036153,0,50-60%
66105,0.5557613932291666,0,40-50%
66106,0.4950456562836965,0,30-40%
66107,0.5297674798170725,0,40-50%
66935,0.5422216617266337,0,40-50%
66108,0.6266855839093526,0,50-60%
66109,0.5156933350563049,0,40-50%
69685,0.6129423939387003,0,50-60%
67305,0.4482684973080953,0,30-40%
66110,0.5568763298988342,0,40-50%
67298,0.4954178574879964,0,30-40%
67265,0.5470800959269205,0,40-50%
66785,0.5513555649121602,0,40-50%
67288,0.4792867544492086,0,30-40%
66649,0.417108261903127,0,20-30%
66650,0.6449539942741394,0,60-70%
66651,0.5344831906954447,0,40-50%
66684,0.4576910081704458,0,30-40%
66660,0.5316732767422994,0,40-50%
66762,0.5500380042394002,0,40-50%
66672,0.5826613866488138,0,50-60%
66111,0.4538416508038839,0,30-40%
66771,0.5544114950497945,0,40-50%
66112,0.5011978391011556,0,30-40%
69686,0.5647155605951945,0,40-50%
66113,0.5298788808981577,0,40-50%
66114,0.591256674448649,0,50-60%
67312,0.6122511310577392,0,50-60%
67317,0.435476148446401,0,20-30%
67318,0.549090946038564,0,40-50%
67321,0.4466188493569692,0,30-40%
67320,0.5394162499109904,0,40-50%
66668,0.533270621617635,0,40-50%
66776,0.5538806878725687,0,40-50%
69687,0.5623709801038106,0,40-50%
66803,0.5567498766581217,0,40-50%
66695,0.5520151538848876,0,40-50%
67315,0.564145946820577,0,40-50%
67188,0.5490125063260396,0,40-50%
67313,0.5168476386070251,0,40-50%
67325,0.5740316155751546,0,50-60%
67319,0.5415628197987874,0,40-50%
69688,0.4696625414689382,0,30-40%
67310,0.5269868019421895,0,40-50%
69689,0.5091008209387461,0,40-50%
69690,0.5823371969858805,0,50-60%
67311,0.4590439143975576,0,30-40%
67307,0.4410090092023214,0,30-40%
69691,0.6019385420481363,0,50-60%
67328,0.5302061998049418,0,40-50%
69692,0.6969226880073547,0,60-70%
66707,0.511779630502065,0,40-50%
67331,0.5610552671750386,0,40-50%
69693,0.4508175813357035,0,30-40%
66643,0.5936884247461954,0,50-60%
66741,0.5554550253550211,0,40-50%
66690,0.5033718012968699,0,30-40%
66722,0.552112992922465,0,40-50%
67327,0.5960294249852498,0,50-60%
69694,0.5095823052724202,0,40-50%
67323,0.4025143944422404,0,20-30%
66847,0.4689336958726247,0,30-40%
69695,0.5568162444432576,0,40-50%
69696,0.5849321726163228,0,50-60%
67349,0.5477317852973937,0,40-50%
67347,0.3609677496751149,0,10-20%
69697,0.545636618455251,0,40-50%
67358,0.5261696818669637,0,40-50%
67346,0.4483653250535329,0,30-40%
67356,0.6396920366287231,0,50-60%
69699,0.5560800992647806,0,40-50%
69700,0.519751870950063,0,40-50%
69702,0.5252871158917745,0,40-50%
69703,0.5993609987894694,0,50-60%
67253,0.5333580020268758,0,40-50%
67268,0.4768418911298116,0,30-40%
69704,0.516650494257609,0,40-50%
66760,0.5067340377171834,0,40-50%
67332,0.6123039089838663,0,50-60%
67345,0.7264339887301127,0,70-80%
69705,0.5984136107762654,0,50-60%
69706,0.5225291513601938,0,40-50%
66714,0.6070678197542826,0,50-60%
66763,0.5673108938535054,0,40-50%
66843,0.4808766487439473,0,30-40%
69707,0.5184760931332906,0,40-50%
67341,0.5544114950497945,0,40-50%
67350,0.5544114950497945,0,40-50%
67364,0.5746845566431681,0,50-60%
67362,0.2655026727120081,0,0-10%
67339,0.5132838133176167,0,40-50%
67340,0.5105735623041788,0,40-50%
67379,0.4844718221028646,0,30-40%
69708,0.6164544466336568,0,50-60%
66115,0.5100084784825643,0,40-50%
66116,0.5634793920516967,0,40-50%
66117,0.4081913196245829,0,20-30%
66118,0.5544114950497945,0,40-50%
67115,0.6044793092409769,0,50-60%
67129,0.5544114950497945,0,40-50%
67375,0.586695222377777,0,50-60%
69709,0.5002280119260152,0,30-40%
67376,0.6009977423350016,0,50-60%
67336,0.5656874421437581,0,40-50%
67381,0.5724787357648213,0,40-50%
67390,0.5762377622922261,0,50-60%
69710,0.4427251461346944,0,30-40%
67316,0.3484685662587484,0,10-20%
67333,0.4025143944422404,0,20-30%
67398,0.577064689318339,0,50-60%
67401,0.5492035392125447,0,40-50%
67396,0.3982696774800618,0,20-30%
67436,0.5736606084505717,0,50-60%
67435,0.5299573782285054,0,40-50%
67399,0.5920036398569742,0,50-60%
67440,0.3609677496751149,0,10-20%
67429,0.578496631304423,0,50-60%
66120,0.5291023495992024,0,40-50%
66121,0.4740541818936666,0,30-40%
66122,0.561642166296641,0,40-50%
66123,0.4518259111245473,0,30-40%
66124,0.551110411008199,0,40-50%
66125,0.5310919844309488,0,40-50%
69711,0.5791591051419576,0,50-60%
66874,0.5516350828806559,0,40-50%
66875,0.609453110218048,0,50-60%
66879,0.5616050326029459,0,40-50%
66876,0.7020529193878173,0,60-70%
66877,0.7020529193878173,0,60-70%
66878,0.7020529193878173,0,60-70%
66841,0.6285192929903666,0,50-60%
66842,0.569463428179423,0,40-50%
66835,0.4674979689915975,0,30-40%
66834,0.6066673679351806,0,50-60%
66782,0.5618771278063456,0,40-50%
66783,0.5796471201578776,0,50-60%
66773,0.5721531155904134,0,40-50%
66775,0.5352177583376566,0,40-50%
66767,0.5446197036107381,0,40-50%
66768,0.5955781621932983,0,50-60%
66769,0.542776461760203,0,40-50%
66126,0.5637836101849873,0,40-50%
66127,0.6302156729698181,0,50-60%
66129,0.5929986797968546,0,50-60%
66130,0.5102596524556477,0,40-50%
66932,0.5215579512914021,0,40-50%
66933,0.444339239915212,0,30-40%
66930,0.4492081943353017,0,30-40%
66926,0.5784824136098226,0,50-60%
66924,0.6216204129854838,0,50-60%
66922,0.6487473530769348,0,60-70%
66920,0.5912322961489359,0,50-60%
66919,0.5792187415758768,0,50-60%
66918,0.5267401003042856,0,40-50%
66132,0.3820984605153402,0,20-30%
66134,0.5534545146624247,0,40-50%
66135,0.5589589440027872,0,40-50%
66136,0.5354277455012003,0,40-50%
66137,0.5444612148602803,0,40-50%
66138,0.395904922803243,0,20-30%
66939,0.6363156719207763,0,50-60%
66938,0.5660203062693278,0,40-50%
66934,0.5998729430834452,0,50-60%
69712,0.4251986685593923,0,20-30%
66898,0.597938978989919,0,50-60%
66896,0.5015420877138773,0,30-40%
66893,0.5624342524210612,0,40-50%
66894,0.5448615792592366,0,40-50%
66883,0.5577869974772135,0,40-50%
66882,0.6710999293327331,0,60-70%
66815,0.5581739508310953,0,40-50%
66816,0.5324802958170572,0,40-50%
66807,0.4995756986935933,0,30-40%
66808,0.6827806515693664,0,60-70%
66802,0.5187531355222066,0,40-50%
66794,0.4821004532972971,0,30-40%
66784,0.6373755895296732,0,50-60%
66914,0.5554550253550211,0,40-50%
66913,0.5684641841252644,0,40-50%
66912,0.5598072373072306,0,40-50%
66915,0.5836947205861409,0,50-60%
66916,0.6175833307902018,0,50-60%
66910,0.576620722134908,0,50-60%
69713,0.3340679648717244,0,10-20%
66904,0.5762724243799845,0,50-60%
66901,0.5939631425539652,0,50-60%
69714,0.5784718039830525,0,50-60%
66139,0.5712284727096557,0,40-50%
66140,0.5464450680414835,0,40-50%
66141,0.6283061189651489,0,50-60%
66142,0.3820984605153402,0,20-30%
66143,0.5642352067629496,0,40-50%
66144,0.5481506549517313,0,40-50%
66958,0.4619682970841726,0,30-40%
66765,0.59987300268809,0,50-60%
66751,0.3383319619496663,0,10-20%
66746,0.5784695707956949,0,50-60%
67418,0.554411614259084,0,40-50%
67406,0.4967119339307149,0,30-40%
67419,0.6615975184440612,0,60-70%
69717,0.4775463584264119,0,30-40%
67447,0.5952098611195882,0,50-60%
69718,0.4877083841164907,0,30-40%
67443,0.5598199648857116,0,40-50%
67309,0.5077240112622579,0,40-50%
67150,0.6512511653900146,0,60-70%
67299,0.5424528085390726,0,40-50%
67405,0.554411614259084,0,40-50%
67409,0.554411614259084,0,40-50%
67428,0.554411614259084,0,40-50%
67410,0.554411614259084,0,40-50%
67423,0.554411614259084,0,40-50%
67407,0.5544114950497945,0,40-50%
67417,0.5544114950497945,0,40-50%
67416,0.5544114950497945,0,40-50%
67422,0.5544114950497945,0,40-50%
67420,0.684025077342987,0,60-70%
67415,0.697830705165863,0,60-70%
67414,0.5544114950497945,0,40-50%
67413,0.5544114950497945,0,40-50%
66145,0.554411614259084,0,40-50%
67421,0.684025077342987,0,60-70%
67412,0.554411614259084,0,40-50%
67427,0.554411614259084,0,40-50%
69720,0.4663450065453847,0,30-40%
66146,0.4663450065453847,0,30-40%
69721,0.4663450065453847,0,30-40%
67148,0.4663450065453847,0,30-40%
67192,0.4663450065453847,0,30-40%
67234,0.4663450065453847,0,30-40%
67274,0.4663450065453847,0,30-40%
67456,0.6908903681437174,0,60-70%
69722,0.5858046971956888,0,50-60%
66749,0.4663450065453847,0,30-40%
66770,0.4663450065453847,0,30-40%
66787,0.4663450065453847,0,30-40%
66810,0.4663450065453847,0,30-40%
66837,0.4663450065453847,0,30-40%
66885,0.4663450065453847,0,30-40%
66905,0.4663450065453847,0,30-40%
66925,0.4663450065453847,0,30-40%
69723,0.4663450065453847,0,30-40%
69724,0.4663450065453847,0,30-40%
67408,0.5544114950497945,0,40-50%
67342,0.5794041120211283,0,50-60%
67403,0.5544114950497945,0,40-50%
67411,0.5544114950497945,0,40-50%
67404,0.5544114950497945,0,40-50%
67425,0.5544114950497945,0,40-50%
67426,0.5544114950497945,0,40-50%
67450,0.4713964723745982,0,30-40%
67449,0.587471986134847,0,50-60%
66917,0.5873610936800638,0,50-60%
67445,0.5287114345232645,0,40-50%
67451,0.4942288640340169,0,30-40%
69725,0.6316082441012064,0,50-60%
67444,0.5921439213752746,0,50-60%
66671,0.5767297708193461,0,50-60%
67424,0.5544114950497945,0,40-50%
67402,0.5544114950497945,0,40-50%
67465,0.5934494101206461,0,50-60%
69726,0.6236605925559997,0,50-60%
67461,0.5155199729601542,0,40-50%
67457,0.691624756971995,0,60-70%
67468,0.6383979283968607,0,50-60%
67467,0.6511754953066508,0,60-70%
67482,0.6859559380213419,0,60-70%
67090,0.6004498882293701,0,50-60%
66959,0.4842329882780711,0,30-40%
66744,0.5621829592386881,0,40-50%
66691,0.5197360161145528,0,40-50%
66908,0.4672380649248759,0,30-40%
67478,0.5223331693013509,0,40-50%
69729,0.5996275507609049,0,50-60%
67472,0.599459553082784,0,50-60%
67483,0.5445624553362528,0,40-50%
67485,0.5869495514233907,0,50-60%
67470,0.5671796166102091,0,40-50%
67382,0.5248380266825358,0,40-50%
67452,0.5279754641850789,0,40-50%
69730,0.5251374486287435,0,40-50%
67289,0.585749443689982,0,50-60%
67486,0.574558520634969,0,50-60%
69731,0.404100472052892,0,20-30%
67491,0.4836665931542714,0,30-40%
67442,0.4501143657366435,0,30-40%
67476,0.5887188278834025,0,50-60%
69732,0.578023728052775,0,50-60%
67493,0.523140665213267,0,40-50%
67487,0.6529553178151448,0,60-70%
69733,0.5828081610997518,0,50-60%
69734,0.542770886739095,0,40-50%
69735,0.4749409797986348,0,30-40%
69736,0.569573815981547,0,40-50%
69737,0.5416457338333129,0,40-50%
67492,0.4513755682309469,0,30-40%
67495,0.538415634950002,0,40-50%
66475,0.5668793880144755,0,40-50%
69738,0.6058383825620015,0,50-60%
67275,0.5277633034388224,0,40-50%
67499,0.5585479977925618,0,40-50%
69739,0.5229345801671346,0,40-50%
67505,0.5147315227190653,0,40-50%
67439,0.5611474477450052,0,40-50%
67308,0.5455228073596954,0,40-50%
67479,0.5838029030164082,0,50-60%
69740,0.562072333017985,0,40-50%
69741,0.5281422399679819,0,40-50%
65329,0.5776632391611735,0,50-60%
69742,0.5520615223248799,0,40-50%
65325,0.5327697637875874,0,40-50%
69743,0.6154918316205342,0,50-60%
66981,0.6076269431114196,0,50-60%
69744,0.5160295608838399,0,40-50%
69745,0.5529318415323893,0,40-50%
65335,0.5634631160100301,0,40-50%
69746,0.5531160477002461,0,40-50%
69747,0.4583268725077311,0,30-40%
69748,0.5176649951140085,0,40-50%
67516,0.4561696612040202,0,30-40%
69749,0.6194394512176513,0,50-60%
67519,0.6049632989565531,0,50-60%
67504,0.5569158438046773,0,40-50%
67509,0.5503845774332682,0,40-50%
69750,0.5651382171312967,0,40-50%
67537,0.7130989395777384,0,70-80%
67533,0.4971901717980703,0,30-40%
66993,0.4431813898881276,0,30-40%
66994,0.4606978538831075,0,30-40%
67072,0.5873439871470133,0,50-60%
66940,0.4977687262694041,0,30-40%
66967,0.5831872188250223,0,50-60%
66941,0.6435320062637329,0,60-70%
69751,0.4364123884042104,0,30-40%
67549,0.54271515639623,0,40-50%
67538,0.5913619958559672,0,50-60%
67553,0.6092558784484863,0,50-60%
67521,0.4574570003350576,0,30-40%
67523,0.3484685662587484,0,10-20%
67512,0.5665911677678426,0,40-50%
67475,0.5404791199366251,0,40-50%
67477,0.4709418379465739,0,30-40%
69752,0.5796002113024393,0,50-60%
67522,0.5544114950497945,0,40-50%
67540,0.622131463209788,0,50-60%
67529,0.5134565793673197,0,40-50%
67534,0.5705318414370218,0,40-50%
67474,0.5363862477938334,0,40-50%
67564,0.5473997834523519,0,40-50%
67562,0.3487395607630412,0,10-20%
69753,0.5027213338216145,0,30-40%
69754,0.5938025676409403,0,50-60%
69755,0.6063940488497416,0,50-60%
66903,0.5190408789316813,0,40-50%
66780,0.592479523340861,0,50-60%
69756,0.6838980558713277,0,60-70%
66781,0.6472517811457316,0,60-70%
66972,0.4739040099779765,0,30-40%
67045,0.6216202937761942,0,50-60%
66923,0.4883368852933248,0,30-40%
67073,0.6128670536677042,0,50-60%
66988,0.59987300268809,0,50-60%
67560,0.4393260144392649,0,30-40%
67514,0.5829234086672465,0,50-60%
67576,0.5671609603563944,0,40-50%
67569,0.6709388140042623,0,60-70%
69757,0.5549650175571441,0,40-50%
67580,0.4511707368691762,0,30-40%
67554,0.550371611436208,0,40-50%
69758,0.56069531472524,0,40-50%
67531,0.6039100252787272,0,50-60%
67573,0.6747538132667541,0,60-70%
67546,0.5502245667775472,0,40-50%
67496,0.5593584739367167,0,40-50%
69759,0.638257472038269,0,50-60%
67594,0.5020262840588887,0,30-40%
67557,0.5090879443486531,0,40-50%
69760,0.522437300602595,0,40-50%
69761,0.4800149741967519,0,30-40%
69762,0.6516518874168395,0,60-70%
69763,0.4994552079041799,0,30-40%
67601,0.5036219917933146,0,30-40%
67600,0.6281714998881022,0,50-60%
69764,0.4469510558446248,0,30-40%
67481,0.6216202937761942,0,50-60%
67599,0.5552218798001607,0,40-50%
67592,0.6384551210403442,0,50-60%
67530,0.6335400306383768,0,50-60%
67575,0.6314865314165751,0,50-60%
67614,0.6738850437800089,0,60-70%
67561,0.505122687737147,0,40-50%
67092,0.4643872641722361,0,30-40%
67591,0.6195739192962646,0,50-60%
67093,0.5146464668909708,0,40-50%
67583,0.5581898652712504,0,40-50%
67334,0.5232771002451578,0,40-50%
69765,0.6694939695994059,0,60-70%
67276,0.4793161097367605,0,30-40%
67617,0.6863987131118774,0,60-70%
69766,0.4619207345644633,0,30-40%
67574,0.5493899229367574,0,40-50%
69767,0.492613131125768,0,30-40%
67453,0.4544702115853627,0,30-40%
66955,0.4922517779668172,0,30-40%
67068,0.4602311515013377,0,30-40%
67080,0.6728353463808695,0,60-70%
67087,0.5419705155690511,0,40-50%
67079,0.6471180879275004,0,60-70%
67081,0.5858190897305806,0,50-60%
67008,0.6468272490501403,0,60-70%
66797,0.3436536156336466,0,10-20%
67099,0.5469183011054992,0,40-50%
67069,0.6121008955637613,0,50-60%
66965,0.5732954386075337,0,50-60%
67064,0.5544114950497945,0,40-50%
66945,0.4256073776086171,0,20-30%
66975,0.6274838093121846,0,50-60%
67102,0.4905801974932353,0,30-40%
66948,0.4475343468983968,0,30-40%
67036,0.5544114950497945,0,40-50%
67034,0.6441552920341491,0,60-70%
67011,0.5544114950497945,0,40-50%
67015,0.5544114950497945,0,40-50%
67022,0.5544114950497945,0,40-50%
67029,0.5544114950497945,0,40-50%
67067,0.4646079781850179,0,30-40%
67038,0.5544114950497945,0,40-50%
66991,0.5609654429753621,0,40-50%
66978,0.5429928862253824,0,40-50%
69768,0.5455433967908223,0,40-50%
67039,0.5544114950497945,0,40-50%
67042,0.5544114950497945,0,40-50%
67065,0.5544114950497945,0,40-50%
67097,0.5597723964055379,0,40-50%
66985,0.6013800743420918,0,50-60%
66982,0.5544114950497945,0,40-50%
67048,0.6257084293365478,0,50-60%
67049,0.6257084293365478,0,50-60%
67014,0.5544114950497945,0,40-50%
66946,0.5068103316624959,0,40-50%
66949,0.5499000194867452,0,40-50%
67061,0.5544114950497945,0,40-50%
67017,0.5544114950497945,0,40-50%
67062,0.5544114950497945,0,40-50%
67050,0.6257084293365478,0,50-60%
67059,0.5544114950497945,0,40-50%
67052,0.6416699571609497,0,60-70%
67057,0.6564582271575927,0,60-70%
67046,0.6185764037768046,0,50-60%
67053,0.6416699571609497,0,60-70%
67027,0.5544114950497945,0,40-50%
69769,0.5537223461469014,0,40-50%
67054,0.6416699571609497,0,60-70%
67000,0.5544114950497945,0,40-50%
67025,0.5544114950497945,0,40-50%
67021,0.5544114950497945,0,40-50%
67077,0.5037409308751424,0,30-40%
67082,0.6317377649943033,0,50-60%
67083,0.5858190897305806,0,50-60%
69770,0.5927718523343404,0,50-60%
67051,0.6257084293365478,0,50-60%
67016,0.5544114950497945,0,40-50%
69771,0.4895032289822896,0,30-40%
66971,0.5223860386212666,0,40-50%
67100,0.5596421006520589,0,40-50%
66986,0.6013800743420918,0,50-60%
69772,0.5501259210904439,0,40-50%
67030,0.5544114950497945,0,40-50%
66996,0.6717655344009399,0,60-70%
66997,0.6717655344009399,0,60-70%
66998,0.6717655344009399,0,60-70%
66999,0.5544114950497945,0,40-50%
67028,0.5544114950497945,0,40-50%
67010,0.5544114950497945,0,40-50%
67024,0.5544114950497945,0,40-50%
66989,0.6240657531420389,0,50-60%
66953,0.6121537648836771,0,50-60%
66979,0.5791591051419576,0,50-60%
66977,0.5644935332934061,0,40-50%
67055,0.5544114950497945,0,40-50%
67003,0.5544114950497945,0,40-50%
66962,0.5231378916104634,0,40-50%
69773,0.5544114950497945,0,40-50%
67095,0.4638986531098684,0,30-40%
67044,0.5544114950497945,0,40-50%
67091,0.5615588072141011,0,40-50%
66961,0.5627667549451192,0,40-50%
66963,0.4848015848000844,0,30-40%
66950,0.5473327600161234,0,40-50%
69774,0.5958674791653951,0,50-60%
69775,0.5823414289156595,0,50-60%
66970,0.5554130636850992,0,40-50%
67105,0.5955966396331787,0,50-60%
66712,0.6250277442932128,0,50-60%
69776,0.5864243152936299,0,50-60%
69777,0.3730999492804209,0,20-30%
69778,0.4363170527617137,0,30-40%
66708,0.4834248367150625,0,30-40%
69779,0.5774135831197102,0,50-60%
69780,0.4529548528989156,0,30-40%
67063,0.5544114950497945,0,40-50%
67035,0.6441552920341491,0,60-70%
67019,0.5544114950497945,0,40-50%
67009,0.6468272490501403,0,60-70%
67031,0.5544114950497945,0,40-50%
67026,0.5544114950497945,0,40-50%
67023,0.5544114950497945,0,40-50%
67096,0.5995246135393778,0,50-60%
66974,0.5180590990384419,0,40-50%
67103,0.581070717493693,0,50-60%
67043,0.5609654429753621,0,40-50%
67056,0.5544114950497945,0,40-50%
67071,0.573839390595754,0,50-60%
67018,0.5544114950497945,0,40-50%
69781,0.5000252389113108,0,30-40%
66951,0.4945194962819417,0,30-40%
67007,0.5544114950497945,0,40-50%
66957,0.581031167825063,0,50-60%
67089,0.5609654429753621,0,40-50%
66987,0.6013800743420918,0,50-60%
66966,0.5609654429753621,0,40-50%
69782,0.6154539866447448,0,50-60%
66954,0.5319134238560994,0,40-50%
66960,0.66830002895991,0,60-70%
67013,0.5544114950497945,0,40-50%
67041,0.5544114950497945,0,40-50%
67074,0.5875373128255208,0,50-60%
67004,0.5544114950497945,0,40-50%
67076,0.6023918631871541,0,50-60%
67012,0.5544114950497945,0,40-50%
67047,0.6185764037768046,0,50-60%
67085,0.5379026177724202,0,40-50%
67040,0.5544114950497945,0,40-50%
66983,0.6229050401051839,0,50-60%
67058,0.6564582271575927,0,60-70%
69783,0.5627340915997823,0,40-50%
67002,0.5544114950497945,0,40-50%
67060,0.5544114950497945,0,40-50%
67006,0.5544114950497945,0,40-50%
67005,0.5544114950497945,0,40-50%
67020,0.5544114950497945,0,40-50%
67037,0.5544114950497945,0,40-50%
67032,0.5544114950497945,0,40-50%
67033,0.5544114950497945,0,40-50%
67094,0.5832439624468485,0,50-60%
66990,0.5972261670430501,0,50-60%
66968,0.569811308701833,0,40-50%
66964,0.6308099869092305,0,50-60%
69784,0.504423046429952,0,40-50%
69785,0.6801545305252075,0,60-70%
67070,0.49400248559316,0,30-40%
69786,0.5176257156531016,0,40-50%
67086,0.5858190897305806,0,50-60%
67088,0.5690277182261149,0,40-50%
67078,0.6726999842325846,0,60-70%
69787,0.5052486899693807,0,40-50%
67098,0.5367372595469156,0,40-50%
67625,0.5878222270011901,0,50-60%
69788,0.5110126379330953,0,40-50%
67565,0.6090925577481587,0,50-60%
67464,0.467603856643041,0,30-40%
67585,0.6201384944915771,0,50-60%
67471,0.5544114950497945,0,40-50%
67507,0.5468514525095621,0,40-50%
67480,0.5101112964948018,0,40-50%
69789,0.5824473145802815,0,50-60%
67619,0.5295020305315653,0,40-50%
69790,0.5969410780270894,0,50-60%
67634,0.5691699945131937,0,40-50%
67506,0.4832243564923604,0,30-40%
67605,0.5210408809979756,0,40-50%
67631,0.5607703291575113,0,40-50%
67629,0.5997331980069478,0,50-60%
69791,0.486750032822291,0,30-40%
67642,0.6501000487009684,0,60-70%
69792,0.5736479404767354,0,50-60%
67632,0.4920853916009267,0,30-40%
67304,0.5793618523279825,0,50-60%
69793,0.5731306357383728,0,50-60%
67643,0.4360848012765249,0,30-40%
67637,0.5254469755490621,0,40-50%
69794,0.4608103596369425,0,30-40%
67606,0.4577897134621938,0,30-40%
69795,0.5494725667635599,0,40-50%
69796,0.4303217175801595,0,20-30%
67645,0.583374138991038,0,50-60%
67641,0.6119552814165751,0,50-60%
67618,0.4541861060460408,0,30-40%
69797,0.4861549976666768,0,30-40%
66731,0.5691345297495524,0,40-50%
67596,0.3723450544675191,0,20-30%
67646,0.503490531762441,0,30-40%
67648,0.6278348846435546,0,50-60%
67665,0.5508903506596883,0,40-50%
69798,0.5786689761479695,0,50-60%
69799,0.6058081630071004,0,50-60%
67662,0.548288997332255,0,40-50%
67653,0.5178486946423848,0,40-50%
67651,0.5515779836177825,0,40-50%
69800,0.5387074314753214,0,40-50%
69801,0.5686189177831014,0,40-50%
69802,0.5487669689655303,0,40-50%
69803,0.4430788400967916,0,30-40%
67664,0.4280422273476919,0,20-30%
67673,0.6388986948331197,0,50-60%
69804,0.4535204711755117,0,30-40%
69805,0.5398634317715962,0,40-50%
67604,0.5624652746518453,0,40-50%
67683,0.4523422363599141,0,30-40%
67670,0.5071420632998148,0,40-50%
69806,0.4367823842366536,0,30-40%
69807,0.4856459143956502,0,30-40%
67678,0.5639007054964701,0,40-50%
66947,0.6818239970207214,0,60-70%
66992,0.4266248288949331,0,20-30%
67104,0.5645780526796976,0,40-50%
69808,0.5945068879127502,0,50-60%
67668,0.5697014295260111,0,40-50%
67676,0.5797935369809468,0,50-60%
69809,0.7419736070632934,0,70-80%
67692,0.5799130760828654,0,50-60%
67672,0.4695313814481099,0,30-40%
67679,0.6537767930030822,0,60-70%
67686,0.6669849994977315,0,60-70%
67703,0.5467431190808614,0,40-50%
69810,0.650925990263621,0,60-70%
67708,0.4793094340165456,0,30-40%
67647,0.548246260801951,0,40-50%
67704,0.5536872390111287,0,40-50%
69811,0.5794490221341451,0,50-60%
67702,0.5304555538495381,0,40-50%
67654,0.4581617358525594,0,30-40%
69812,0.5929366591771443,0,50-60%
67698,0.5092225336233774,0,40-50%
67733,0.6293912175496419,0,50-60%
69813,0.6690885388056437,0,60-70%
67707,0.6869403405189514,0,60-70%
67729,0.5266067945162455,0,40-50%
67717,0.5634543541272481,0,40-50%
67728,0.5823744498888651,0,50-60%
69814,0.456677103360494,0,30-40%
67741,0.6256804111798604,0,50-60%
67754,0.4815918150742849,0,30-40%
67746,0.5361524465878804,0,40-50%
67750,0.611320523738861,0,50-60%
69815,0.5280997994740804,0,40-50%
66902,0.56909668080012,0,40-50%
67740,0.4738466087182363,0,30-40%
66973,0.6330889108975728,0,50-60%
66752,0.6511383616129557,0,60-70%
69816,0.532824274222056,0,40-50%
66956,0.5328502916495005,0,40-50%
67620,0.5122339967091878,0,40-50%
67101,0.5422908905347188,0,40-50%
69817,0.4411545955340067,0,30-40%
67139,0.5919452869097391,0,50-60%
67138,0.507975006421407,0,40-50%
69818,0.519301557858785,0,40-50%
66976,0.4729146900971731,0,30-40%
67075,0.5721427165667216,0,40-50%
67638,0.5472450815836588,0,40-50%
67291,0.5629334095319112,0,40-50%
67261,0.6048094593683878,0,50-60%
67361,0.5435430967013041,0,40-50%
69819,0.6225590669314066,0,50-60%
67228,0.5111706220308939,0,40-50%
66836,0.498097803513209,0,30-40%
66766,0.3132850491205851,0,10-20%
66757,0.6443257891337076,0,60-70%
69820,0.6170919183095296,0,50-60%
66735,0.5974791927337646,0,50-60%
66732,0.4528883341153463,0,30-40%
66700,0.4634579959710439,0,30-40%
66786,0.5346139036814371,0,40-50%
67639,0.5319448951085408,0,40-50%
66849,0.6093041860262552,0,50-60%
69821,0.5243972205320994,0,40-50%
67710,0.5602427406311035,0,40-50%
67587,0.3895431720415751,0,20-30%
66870,0.5147315227190653,0,40-50%
69822,0.6765263044039408,0,60-70%
66884,0.5736589395205179,0,50-60%
66844,0.6330890301068623,0,50-60%
66793,0.3261300865014394,0,10-20%
66739,0.5487755500475565,0,40-50%
67767,0.5006276332537333,0,30-40%
67649,0.5237027648289998,0,40-50%
67693,0.5284367445309957,0,40-50%
67749,0.5187852028210957,0,40-50%
67780,0.6738220734596252,0,60-70%
69823,0.4232749008337657,0,20-30%
67788,0.6051961146990458,0,50-60%
67739,0.6032495462099711,0,50-60%
67635,0.7030179185867309,0,60-70%
67766,0.6544347686767578,0,60-70%
67777,0.6917360706329345,0,60-70%
67784,0.5153495910962422,0,40-50%
69824,0.757776793162028,0,70-80%
69825,0.4596984926064809,0,30-40%
67714,0.5305337869326273,0,40-50%
67798,0.4583781305154165,0,30-40%
67663,0.5733939650853475,0,50-60%
67800,0.5827040039698282,0,50-60%
67764,0.568533297697703,0,40-50%
69827,0.5316007378896077,0,40-50%
66681,0.5824212395350138,0,50-60%
69828,0.4028821829160054,0,20-30%
67799,0.5609241687456766,0,40-50%
67689,0.5730261487960815,0,50-60%
69829,0.6146050376892089,0,50-60%
67354,0.5840847177505493,0,50-60%
69830,0.503612335840861,0,30-40%
69831,0.5951100869178771,0,50-60%
67834,0.5986844860712687,0,50-60%
69832,0.5934861861864725,0,50-60%
66428,0.7428008003234863,0,70-80%
66488,0.6174288633664449,0,50-60%
66491,0.626116776784261,0,50-60%
66493,0.7309668623606363,0,70-80%
66496,0.7157183252970377,0,70-80%
66297,0.6945292038917541,0,60-70%
66298,0.5834676864941915,0,50-60%
66299,0.6430737339655558,0,60-70%
66300,0.7112504525184631,0,70-80%
66301,0.6176007631619771,0,50-60%
66303,0.7102085911432902,0,70-80%
66305,0.7398607416152954,0,70-80%
66306,0.6099796536763509,0,50-60%
65481,0.6215957684516906,0,50-60%
65482,0.6006867252985636,0,50-60%
65483,0.5496619903246561,0,40-50%
65484,0.5550568067232767,0,40-50%
65485,0.5674231890042623,0,40-50%
65486,0.6131055914560953,0,50-60%
65487,0.539952123483022,0,40-50%
65490,0.5063081029256185,0,40-50%
66605,0.59515496524175,0,50-60%
66508,0.7332115454673767,0,70-80%
66509,0.6893244945208231,0,60-70%
66510,0.7193157358169555,0,70-80%
66511,0.7219598574638366,0,70-80%
66250,0.5381967666943868,0,40-50%
66513,0.6816577596664428,0,60-70%
66515,0.7306204719543457,0,70-80%
66516,0.6703438126246134,0,60-70%
65387,0.5621144417126973,0,40-50%
65388,0.5362661722501119,0,40-50%
65389,0.499555611928304,0,30-40%
65392,0.6580250226656595,0,60-70%
65393,0.5684338175455729,0,40-50%
65394,0.6243821067810058,0,50-60%
65395,0.5202226006189982,0,40-50%
65396,0.6182874722480773,0,50-60%
65397,0.5813860856691996,0,50-60%
65398,0.5631483756701151,0,40-50%
66577,0.6385157945950826,0,50-60%
66400,0.6798877679506937,0,60-70%
66579,0.6059538963635762,0,50-60%
66580,0.7611290497779846,0,70-80%
66581,0.7298581285476684,0,70-80%
66582,0.7172670049667358,0,70-80%
66583,0.6957981549898783,0,60-70%
66585,0.6995329820315043,0,60-70%
66586,0.6440374814669291,0,60-70%
66207,0.679195877234141,0,60-70%
66208,0.7084027214050292,0,60-70%
66209,0.6045076492627461,0,50-60%
66210,0.6453271471659342,0,60-70%
66212,0.6009395960172017,0,50-60%
66213,0.7338331027030944,0,70-80%
66214,0.6446318868001302,0,60-70%
66215,0.5704012754758199,0,40-50%
66216,0.6224760058720906,0,50-60%
66159,0.6185241583188374,0,50-60%
66241,0.5065598133405049,0,40-50%
66244,0.4679909888108571,0,30-40%
66287,0.6185241583188374,0,50-60%
66295,0.5342674496968587,0,40-50%
66327,0.6191247943242391,0,50-60%
66330,0.7304559909502665,0,70-80%
66331,0.719994692325592,0,70-80%
66333,0.6790847741762797,0,60-70%
66334,0.6225986444155375,0,50-60%
66336,0.6225986444155375,0,50-60%
66147,0.7446487827301025,0,70-80%
66148,0.7159047408103942,0,70-80%
66149,0.5852167251904805,0,50-60%
66150,0.6569734179178873,0,60-70%
66151,0.61125102074941,0,50-60%
66154,0.608452403863271,0,50-60%
66156,0.7542252821922302,0,70-80%
66427,0.7367710156440734,0,70-80%
66640,0.6578716877301534,0,60-70%
66429,0.6659455858866373,0,60-70%
66430,0.6500697973569234,0,60-70%
66431,0.7346941196123759,0,70-80%
66192,0.6848085168202718,0,60-70%
66433,0.6146432998975118,0,50-60%
66434,0.6130304578145345,0,50-60%
66435,0.6049860361417134,0,50-60%
66436,0.6368482354482015,0,50-60%
66468,0.7416984720230102,0,70-80%
66469,0.7376786751747131,0,70-80%
66470,0.6663576606114705,0,60-70%
66471,0.7211963219642639,0,70-80%
66614,0.6363879087766011,0,50-60%
66474,0.6144405845006307,0,50-60%
66353,0.6344174984296163,0,50-60%
66476,0.7622137947082519,0,70-80%
66277,0.6838763915697733,0,60-70%
66278,0.7493577284812927,0,70-80%
66279,0.709059055964152,0,60-70%
66280,0.5995624306996663,0,50-60%
66281,0.6843782626787821,0,60-70%
66282,0.6075010859171549,0,50-60%
66283,0.7137549204826354,0,70-80%
66284,0.7060013098716735,0,60-70%
66285,0.5944262388547261,0,50-60%
66286,0.7603211684226989,0,70-80%
65502,0.5824914816220601,0,50-60%
65503,0.624066261768341,0,50-60%
65504,0.5865700208346049,0,50-60%
65505,0.5677863005002339,0,40-50%
65506,0.6108609997431437,0,50-60%
65507,0.5764271580378214,0,50-60%
65509,0.5815686546961466,0,50-60%
65511,0.675867851893107,0,60-70%
66647,0.5033564809163411,0,30-40%
66374,0.6728042923609415,0,60-70%
66416,0.6989108883539835,0,60-70%
66443,0.5888582113583882,0,50-60%
66527,0.6658455096880594,0,60-70%
66528,0.7175581736564636,0,70-80%
66529,0.7484236044883728,0,70-80%
66530,0.7039366327921549,0,60-70%
66532,0.7211271209716796,0,70-80%
66533,0.6834188067118326,0,60-70%
66534,0.7578618807792663,0,70-80%
66535,0.6229502204259236,0,50-60%
66227,0.6607540809313456,0,60-70%
66616,0.6129952314694722,0,50-60%
66229,0.6957589351336161,0,60-70%
66230,0.6006304863293965,0,50-60%
66231,0.6212765816052754,0,50-60%
66232,0.588518345673879,0,50-60%
66233,0.742339937210083,0,70-80%
66236,0.6375447475115458,0,50-60%
66477,0.6031234505971272,0,50-60%
66478,0.6284967902501424,0,50-60%
66479,0.707788733959198,0,60-70%
66480,0.6776252948443094,0,60-70%
66481,0.6864817105929056,0,60-70%
66482,0.622260686079661,0,50-60%
66483,0.7785443348884582,0,70-80%
66484,0.5855182054837544,0,50-60%
66485,0.7491441054344177,0,70-80%
66486,0.6710144562721252,0,60-70%
66247,0.5482256654103597,0,40-50%
66268,0.6436882260640462,0,60-70%
66249,0.6225986444155375,0,50-60%
66466,0.6790047847429911,0,60-70%
66251,0.7426848096847534,0,70-80%
66252,0.694741007010142,0,60-70%
66253,0.7455060167312622,0,70-80%
66256,0.6530017816225687,0,60-70%
66398,0.7581829710006713,0,70-80%
66399,0.6058961990674336,0,50-60%
66401,0.6488062980969747,0,60-70%
66402,0.6760553681055704,0,60-70%
66403,0.5754169189135233,0,50-60%
66404,0.7871469540596008,0,80-90%
66405,0.6159471515019734,0,50-60%
66406,0.7021613998413085,0,60-70%
65196,0.5928931199709574,0,50-60%
65198,0.6029308123588561,0,50-60%
65201,0.5885690692265828,0,50-60%
65202,0.6002424322764078,0,50-60%
65203,0.6303797645568847,0,50-60%
65206,0.6046983284950256,0,50-60%
65207,0.5679347796440124,0,40-50%
65208,0.5571030937830607,0,40-50%
65210,0.5425320827166239,0,40-50%
65211,0.5662397387822469,0,40-50%
65143,0.6522625926335652,0,60-70%
65144,0.591024482568105,0,50-60%
65147,0.5813135468165079,0,50-60%
65148,0.5824382864634196,0,50-60%
65149,0.693413611570994,0,60-70%
65150,0.7107736749649047,0,70-80%
65151,0.5754858496983846,0,50-60%
65157,0.5731213930447896,0,50-60%
65160,0.527598079363505,0,40-50%
66395,0.7212131304740905,0,70-80%
66248,0.7072892470359802,0,60-70%
66639,0.5890673640569051,0,50-60%
66636,0.6713276151021321,0,60-70%
66621,0.5765252950986226,0,50-60%
66642,0.7344908995628356,0,70-80%
66417,0.6282819155057271,0,50-60%
66418,0.5704012754758199,0,40-50%
66419,0.7114368044535319,0,70-80%
66420,0.6928340756098429,0,60-70%
66421,0.6808735095659891,0,60-70%
66422,0.7492177171707153,0,70-80%
66423,0.724356858253479,0,70-80%
66425,0.7213162743250529,0,70-80%
66426,0.6483450773557027,0,60-70%
65428,0.5581555329958597,0,40-50%
65429,0.6105037612915039,0,50-60%
65431,0.619541971206665,0,50-60%
65432,0.5665954314867655,0,40-50%
65434,0.8012714667320251,0,80-90%
65436,0.8050653619766235,0,80-90%
65439,0.5635176264444987,0,40-50%
65440,0.5662835799853007,0,40-50%
66407,0.7512410564422607,0,70-80%
66408,0.6532360874811808,0,60-70%
66409,0.6297660115559895,0,50-60%
66410,0.7153543515205383,0,70-80%
66473,0.61785977713267,0,50-60%
66413,0.6457339488665262,0,60-70%
66611,0.6343215349515279,0,50-60%
66415,0.7334573550224304,0,70-80%
66197,0.7195743881861368,0,70-80%
66198,0.8172363920211791,0,80-90%
66199,0.6240215861002604,0,50-60%
66200,0.65438827308019,0,60-70%
66201,0.7698253078460693,0,70-80%
66202,0.5696978810628255,0,40-50%
66203,0.6336760166486104,0,50-60%
66204,0.7087333483695983,0,60-70%
66228,0.6705895347595214,0,60-70%
65336,0.6033764723141988,0,50-60%
65340,0.5594046953519185,0,40-50%
65344,0.5249912702242533,0,40-50%
65345,0.5787223858833312,0,50-60%
65346,0.6171527786254882,0,50-60%
65347,0.5461749993960062,0,40-50%
65348,0.6272739731470743,0,50-60%
66553,0.7208666486740112,0,70-80%
66308,0.7140845023790995,0,70-80%
66313,0.6562718116442362,0,60-70%
66314,0.6376307252248128,0,50-60%
66315,0.7062655968666076,0,60-70%
66187,0.6998152100245157,0,60-70%
66188,0.7617664022445678,0,70-80%
66189,0.7087877356211344,0,60-70%
66190,0.5065598133405049,0,40-50%
66191,0.7918690724372863,0,80-90%
66307,0.6149603370030721,0,50-60%
66193,0.6985311789512634,0,60-70%
66578,0.7017604076067606,0,60-70%
66195,0.6707878672281901,0,60-70%
66167,0.7100061141649882,0,60-70%
66168,0.7525716705322265,0,70-80%
66169,0.6621195041338602,0,60-70%
66170,0.7513083500862121,0,70-80%
66171,0.6397955977121988,0,50-60%
66172,0.5510549190839131,0,40-50%
66173,0.6451466325124104,0,60-70%
66174,0.7409254593849182,0,70-80%
66176,0.7339909358024597,0,70-80%
65035,0.6550282203356425,0,60-70%
65036,0.6302493495941162,0,50-60%
65037,0.5380073431332906,0,40-50%
65038,0.5794521215756734,0,50-60%
65039,0.6051530205408732,0,50-60%
65040,0.5578721407254537,0,40-50%
65041,0.585665607770284,0,50-60%
65042,0.5868909322420756,0,50-60%
65043,0.5303544047673543,0,40-50%
65044,0.6317021532058715,0,50-60%
66345,0.5619960390726725,0,40-50%
66348,0.705332990805308,0,60-70%
66350,0.5949262065887451,0,50-60%
66377,0.5531184914906819,0,40-50%
66379,0.6439544800122579,0,60-70%
66380,0.6943772398630778,0,60-70%
66414,0.5639862063725789,0,40-50%
66382,0.7147676033973693,0,70-80%
66383,0.5051539185841878,0,40-50%
66384,0.6669537984530131,0,60-70%
66385,0.6224760058720906,0,50-60%
66386,0.7191937251091003,0,70-80%
65468,0.5000542663733164,0,30-40%
65469,0.562315666993459,0,40-50%
65470,0.556714233080546,0,40-50%
65471,0.5654352270762125,0,40-50%
65472,0.5665193163553873,0,40-50%
65473,0.5699680689175923,0,40-50%
65474,0.4941227975686391,0,30-40%
65475,0.8065968437194824,0,80-90%
65476,0.5414358340899149,0,40-50%
65480,0.5465682986577352,0,40-50%
65182,0.5565497242609659,0,40-50%
65183,0.6106932444572448,0,50-60%
65185,0.5374152305920918,0,40-50%
65189,0.5391374193827311,0,40-50%
65190,0.6268041415214538,0,50-60%
65192,0.5217301212946573,0,40-50%
65193,0.5728028976122538,0,40-50%
65195,0.5796022656758626,0,50-60%
66623,0.6782359126408894,0,60-70%
66290,0.6164756658871968,0,50-60%
66632,0.5915453675587972,0,50-60%
66630,0.5577073060671488,0,40-50%
66612,0.6027420404752095,0,50-60%
66628,0.6538043859799703,0,60-70%
64983,0.6911778413454691,0,60-70%
65019,0.5553594791094462,0,40-50%
65054,0.5853006207148234,0,50-60%
65069,0.505751753171285,0,40-50%
65070,0.5878172758420308,0,50-60%
65075,0.491951042731603,0,30-40%
65081,0.7131346427599589,0,70-80%
65119,0.5388556960423787,0,40-50%
65130,0.5268440806070963,0,40-50%
65154,0.5569754484494527,0,40-50%
66557,0.5957867744763692,0,50-60%
66558,0.7012320720354716,0,60-70%
66559,0.7318679375648498,0,70-80%
66560,0.770136384487152,0,70-80%
66432,0.6358272992769877,0,50-60%
66562,0.6105132344563802,0,50-60%
66563,0.7549886984825134,0,70-80%
66564,0.6247771027882894,0,50-60%
66565,0.7023586316108703,0,60-70%
66566,0.730778007030487,0,70-80%
65267,0.6284264289538065,0,50-60%
65268,0.5137549284299214,0,40-50%
65270,0.516576195081075,0,40-50%
65271,0.5473481062253316,0,40-50%
65272,0.5887332522074381,0,50-60%
65275,0.5872590505282084,0,50-60%
65276,0.6092137379646301,0,50-60%
65277,0.578060353120168,0,50-60%
65278,0.5764999949137369,0,50-60%
65023,0.5386043432553609,0,40-50%
65024,0.5841325763066609,0,50-60%
65025,0.5448329412142435,0,40-50%
65027,0.6183446927070617,0,50-60%
65029,0.5287362598578135,0,40-50%
65030,0.6211818737983703,0,50-60%
65031,0.509333455880483,0,40-50%
65032,0.5253157877127329,0,40-50%
65033,0.6005109829902648,0,50-60%
65034,0.5689267479578654,0,40-50%
66547,0.751650182723999,0,70-80%
66548,0.6989091320037841,0,60-70%
66550,0.7601473890940348,0,70-80%
66551,0.6481034401257832,0,60-70%
66552,0.6140417102177937,0,50-60%
66224,0.6114976051648457,0,50-60%
66554,0.6604930721918741,0,60-70%
66555,0.6153577807744344,0,50-60%
66556,0.5952748897870381,0,50-60%
66157,0.7039633078575134,0,60-70%
66158,0.7253256125450134,0,70-80%
66161,0.7583796067237853,0,70-80%
66162,0.5815810802777608,0,50-60%
66163,0.636904621442159,0,50-60%
66164,0.7468710823059082,0,70-80%
66165,0.7400191389719645,0,70-80%
66166,0.7683274709383646,0,70-80%
65491,0.5478744470278422,0,40-50%
65492,0.5752657893498738,0,50-60%
65493,0.6085565967559814,0,50-60%
65494,0.6095076444943746,0,50-60%
65495,0.5398159268697102,0,40-50%
65496,0.5834430419603983,0,50-60%
65497,0.5749747716585795,0,50-60%
65498,0.5467988812128702,0,40-50%
65061,0.5251594745318094,0,40-50%
65062,0.5584287010828654,0,40-50%
65063,0.5135934594472249,0,40-50%
65064,0.536024387995402,0,40-50%
65065,0.7054281198183695,0,60-70%
65066,0.5360876881281534,0,40-50%
65067,0.6047745628356933,0,50-60%
65068,0.5486172401110331,0,40-50%
66457,0.5984887126286824,0,50-60%
66459,0.6304109338124593,0,50-60%
66461,0.7404594702720642,0,70-80%
66462,0.6158403439521789,0,50-60%
66463,0.7451520843505859,0,70-80%
66464,0.6046656611760457,0,50-60%
66465,0.6847194992701212,0,60-70%
66238,0.7146734558741251,0,70-80%
66624,0.623204613049825,0,50-60%
66627,0.6356578710873921,0,50-60%
66609,0.6509297731717427,0,60-70%
66618,0.6189135554631551,0,50-60%
66610,0.6266262772878011,0,50-60%
66638,0.6019200924237569,0,50-60%
66620,0.5760352257092793,0,50-60%
66606,0.5765347126324971,0,50-60%
65071,0.5425480567614237,0,40-50%
65072,0.6930339895884196,0,60-70%
65074,0.6122549457550048,0,50-60%
65080,0.6065820140838623,0,50-60%
65084,0.5980091932614644,0,50-60%
65087,0.6403008662859598,0,50-60%
65088,0.5679901801745096,0,40-50%
66587,0.6765345298449198,0,60-70%
66588,0.7645759863853454,0,70-80%
66589,0.6952809972763061,0,60-70%
66590,0.7233634276390075,0,70-80%
66317,0.6665916406313578,0,60-70%
66592,0.7551265640258789,0,70-80%
66593,0.6247027161916097,0,50-60%
66594,0.608452403863271,0,50-60%
66595,0.7010652108192443,0,60-70%
66596,0.6130304578145345,0,50-60%
65132,0.5841002427736918,0,50-60%
65133,0.6109499020576477,0,50-60%
65134,0.6325961314837137,0,50-60%
65135,0.5281969868342081,0,40-50%
65137,0.6387765053113301,0,50-60%
65138,0.5283048116366068,0,40-50%
65139,0.5296427272955576,0,40-50%
65140,0.5289326551755269,0,40-50%
65141,0.5212273263136545,0,40-50%
65457,0.6070493741035461,0,50-60%
65458,0.642541345278422,0,60-70%
65461,0.5158066395123799,0,40-50%
65463,0.5500835143725077,0,40-50%
65464,0.584285672823588,0,50-60%
65466,0.5830247047742207,0,50-60%
66177,0.7404393835067749,0,70-80%
66178,0.635037744363149,0,50-60%
66179,0.5890237334569295,0,50-60%
66182,0.6150309089024861,0,50-60%
66183,0.6663576606114705,0,60-70%
66184,0.7289467735290527,0,70-80%
66185,0.6275553348859151,0,50-60%
66186,0.6438203099568685,0,60-70%
66597,0.5951063874562581,0,50-60%
66598,0.6068111303647359,0,50-60%
66599,0.6953219734827677,0,60-70%
66600,0.7544811649322509,0,70-80%
66601,0.780882565498352,0,80-90%
66602,0.7182151360511779,0,70-80%
66362,0.7217028104464213,0,70-80%
66607,0.6451251152356465,0,60-70%
66514,0.6111564599672953,0,50-60%
66531,0.6663576606114705,0,60-70%
66567,0.5930959227879842,0,50-60%
66617,0.6874850633939107,0,60-70%
66318,0.6777873916625976,0,60-70%
66319,0.6885122620264689,0,60-70%
66320,0.6884665452639261,0,60-70%
66321,0.6310226562817891,0,50-60%
66322,0.7465015931129455,0,70-80%
66323,0.6097979787190755,0,50-60%
66324,0.681482847849528,0,60-70%
66325,0.69523486328125,0,60-70%
66217,0.7337144894599914,0,70-80%
66218,0.6783621274630228,0,60-70%
66219,0.6122125668525695,0,50-60%
66220,0.6678777300516764,0,60-70%
66221,0.685148116270701,0,60-70%
66222,0.6908794922828674,0,60-70%
66223,0.7106985731124877,0,70-80%
66487,0.7215132398605346,0,70-80%
66225,0.7157466096878051,0,70-80%
66226,0.6988148056666056,0,60-70%
66237,0.676800903002421,0,60-70%
66274,0.7080834471384684,0,60-70%
66326,0.7347886843681335,0,70-80%
66243,0.603128815015157,0,50-60%
66245,0.6957396828333536,0,60-70%
66246,0.7405051870346069,0,70-80%
66257,0.645674046198527,0,60-70%
66258,0.6310561540921529,0,50-60%
66259,0.7541753931045532,0,70-80%
66260,0.7200259847640991,0,70-80%
66262,0.5051539185841878,0,40-50%
66264,0.7023592872619628,0,60-70%
66265,0.6995902938842773,0,60-70%
66266,0.6318722012837727,0,50-60%
66576,0.5733651164372762,0,50-60%
66604,0.6436029636065165,0,60-70%
66269,0.7089717073440551,0,60-70%
66271,0.6212131026585896,0,50-60%
66272,0.6191803458531697,0,50-60%
66273,0.7502128167152404,0,70-80%
66275,0.7469097657203674,0,70-80%
66276,0.7576815767288207,0,70-80%
66288,0.6596715413729349,0,60-70%
66289,0.7064018809000651,0,60-70%
66561,0.6002478245099385,0,50-60%
66291,0.7423456592559814,0,70-80%
66292,0.6245280745824178,0,50-60%
66293,0.5895341280301412,0,50-60%
66294,0.4990844372113546,0,30-40%
66296,0.7768202109336853,0,70-80%
66338,0.6852647029558817,0,60-70%
66339,0.5624252203305562,0,40-50%
66340,0.7482317967414855,0,70-80%
66341,0.6775598489443461,0,60-70%
66342,0.6846970283190409,0,60-70%
66343,0.6346118691762288,0,50-60%
66344,0.6866767369906107,0,60-70%
66629,0.6352847778002421,0,50-60%
66347,0.6255171540578206,0,50-60%
66349,0.6924808584849039,0,60-70%
66351,0.7946636958122253,0,80-90%
66352,0.7448716444969177,0,70-80%
66267,0.6947766505877176,0,60-70%
66355,0.5313123706181844,0,40-50%
66356,0.6901369058291117,0,60-70%
66358,0.7086448354721069,0,60-70%
66359,0.7215419096946716,0,70-80%
66360,0.7644880695343017,0,70-80%
66361,0.5700715425809224,0,40-50%
66364,0.6126743200620015,0,50-60%
66365,0.6665916406313578,0,60-70%
66366,0.7108437382380167,0,70-80%
66367,0.6168586257298787,0,50-60%
66369,0.6729693694114685,0,60-70%
66370,0.6923313700358072,0,60-70%
66371,0.6313017252286275,0,50-60%
66372,0.810538737297058,0,80-90%
66373,0.6851677261988321,0,60-70%
66375,0.748485116481781,0,70-80%
66376,0.6477069222132364,0,60-70%
66387,0.6258894168535868,0,50-60%
66388,0.745739575544993,0,70-80%
66389,0.6090492847760518,0,50-60%
66390,0.5631195548375447,0,40-50%
66392,0.6618404351870218,0,60-70%
66393,0.5842677000363667,0,50-60%
66394,0.72487300268809,0,70-80%
66396,0.698418764591217,0,60-70%
66437,0.6077493074735005,0,50-60%
66438,0.598998868783315,0,50-60%
66439,0.6752438786824544,0,60-70%
66441,0.7240218483606974,0,70-80%
66445,0.5733651164372762,0,50-60%
66449,0.7072696967124938,0,60-70%
66309,0.7065629048347473,0,60-70%
66451,0.7399435920715332,0,70-80%
66452,0.7215419096946716,0,70-80%
66454,0.6028676274617513,0,50-60%
66455,0.6737450046539306,0,60-70%
66570,0.6965318881670634,0,60-70%
66573,0.683166083017985,0,60-70%
66575,0.7600463910102844,0,70-80%
66539,0.7483376545906066,0,70-80%
66497,0.7215419096946716,0,70-80%
66498,0.6947766505877176,0,60-70%
66501,0.657146271387736,0,60-70%
66502,0.5304316523869832,0,40-50%
66503,0.6245069467226664,0,50-60%
66504,0.7919709367752075,0,80-90%
66505,0.7126178426742553,0,70-80%
66506,0.5878036263783772,0,50-60%
66517,0.6917185468673706,0,60-70%
66518,0.6908027493158976,0,60-70%
66519,0.6574971321423848,0,60-70%
66520,0.7880800051689147,0,80-90%
66521,0.634572530110677,0,50-60%
66522,0.7098562998771667,0,60-70%
66523,0.7754718942642211,0,70-80%
66524,0.6176260355313619,0,50-60%
66525,0.7660469098091125,0,70-80%
66526,0.7348606271743774,0,70-80%
66537,0.6779682003657023,0,60-70%
66538,0.5952476504643758,0,50-60%
66622,0.6578716877301534,0,60-70%
66540,0.7404170317649841,0,70-80%
66542,0.7532096190452575,0,70-80%
66543,0.7071816010475158,0,60-70%
66546,0.607451165040334,0,50-60%
66619,0.6267318092981974,0,50-60%
66608,0.5510939005215962,0,40-50%
66615,0.6638199650446573,0,60-70%
66641,0.6737485491434733,0,60-70%
66631,0.6425244175593058,0,60-70%
66635,0.6578716877301534,0,60-70%
66194,0.7746532244682311,0,70-80%
66512,0.6719632430076599,0,60-70%
65161,0.4715685807863871,0,30-40%
65162,0.6913556420008341,0,60-70%
65163,0.6018076820373535,0,50-60%
65164,0.5428185426394144,0,40-50%
65165,0.5316814445654551,0,40-50%
65167,0.6689682248433431,0,60-70%
65169,0.6246654354731241,0,50-60%
65171,0.5708666725158691,0,40-50%
65173,0.6159981770515441,0,50-60%
65177,0.6102536005973815,0,50-60%
66571,0.747704383055369,0,70-80%
65316,0.5873744173049926,0,50-60%
65317,0.5592086874643961,0,40-50%
65321,0.6086978597640991,0,50-60%
65323,0.51553102962176,0,40-50%
66822,0.5669181310335795,0,40-50%
65212,0.5819397532145182,0,50-60%
65217,0.5755497776667277,0,50-60%
65220,0.58088707558314,0,50-60%
65221,0.5883146766026814,0,50-60%
65222,0.6288681867917378,0,50-60%
65223,0.5875365697542826,0,50-60%
65227,0.6543079895973205,0,60-70%
65230,0.5342910531361897,0,40-50%
65231,0.5709519945780436,0,40-50%
65363,0.573893781820933,0,50-60%
65365,0.7810933275222778,0,80-90%
65366,0.5823433044751485,0,50-60%
65370,0.5230730139414469,0,40-50%
65371,0.5885880552927653,0,50-60%
65372,0.5117763244311014,0,40-50%
65374,0.6375779472986857,0,50-60%
65442,0.5000542663733164,0,30-40%
65443,0.7065405213038126,0,60-70%
65444,0.5737554076512654,0,50-60%
65448,0.5706418120066324,0,40-50%
65450,0.5928453766504923,0,50-60%
65452,0.5318192803064982,0,40-50%
65453,0.5327295306523641,0,40-50%
65454,0.5245945099194844,0,40-50%
65455,0.5160740259488423,0,40-50%
65298,0.5796687844594319,0,50-60%
65299,0.6252016388575236,0,50-60%
65301,0.559532996336619,0,40-50%
65302,0.581423127969106,0,50-60%
65305,0.6634720527331034,0,60-70%
65306,0.7317716442743937,0,70-80%
65307,0.5654687248865763,0,40-50%
65313,0.8364070935249328,0,80-90%
65315,0.5461619141896565,0,40-50%
65375,0.5145423653920491,0,40-50%
65377,0.6890441142717997,0,60-70%
65378,0.6238407773971557,0,50-60%
65379,0.5691144111951192,0,40-50%
65380,0.6180892828305562,0,50-60%
65381,0.6045884453455607,0,50-60%
65382,0.6084488911628723,0,50-60%
65384,0.6306766831080118,0,50-60%
65386,0.5957702043851216,0,50-60%
65400,0.5897338949839274,0,50-60%
65402,0.8108661138216654,0,80-90%
65403,0.6843052469889322,0,60-70%
65406,0.609535658677419,0,50-60%
65407,0.5949666463534037,0,50-60%
65412,0.6029490195910135,0,50-60%
65414,0.5017658117612203,0,30-40%
65091,0.5296893361409505,0,40-50%
65092,0.5335142854054769,0,40-50%
65094,0.6023561917940775,0,50-60%
65095,0.6524933818181355,0,60-70%
65096,0.5801058057149251,0,50-60%
65098,0.5292714201609293,0,40-50%
65099,0.5965218189557393,0,50-60%
65101,0.6105889959335327,0,50-60%
65102,0.577549247264862,0,50-60%
65045,0.6983787380854288,0,60-70%
65046,0.5373007042407989,0,40-50%
65047,0.5660822037061055,0,40-50%
65048,0.5760138594309488,0,50-60%
65050,0.6206725203196207,0,50-60%
65052,0.5386194550196329,0,40-50%
65053,0.5746538602511088,0,50-60%
65057,0.5686790310541788,0,40-50%
65060,0.6580637656847635,0,60-70%
65416,0.6860879623095194,0,60-70%
65418,0.5347400549252828,0,40-50%
65419,0.7920824570655822,0,80-90%
65420,0.7125538233121236,0,70-80%
65421,0.5968954526583353,0,50-60%
65422,0.6296542528470357,0,50-60%
65424,0.5508782827059427,0,40-50%
65426,0.5509711745580037,0,40-50%
65282,0.561723645846049,0,40-50%
65283,0.5809384547869364,0,50-60%
65284,0.5940573457082112,0,50-60%
65288,0.5773294213612874,0,50-60%
65290,0.5361217501958211,0,40-50%
65293,0.5829282366434733,0,50-60%
65294,0.54610103003184,0,40-50%
65295,0.5417276266415914,0,40-50%
65296,0.7622718178431193,0,70-80%
65297,0.5784696025848388,0,50-60%
65342,0.5146475079854329,0,40-50%
65367,0.5752112828890482,0,50-60%
65373,0.4970471802552541,0,30-40%
65399,0.5498922112782796,0,40-50%
65410,0.5269198659261067,0,40-50%
65415,0.6073361002604166,0,50-60%
65417,0.5083313229878743,0,40-50%
65423,0.578189071337382,0,50-60%
65427,0.6190309209823608,0,50-60%
65445,0.5884939991633097,0,50-60%
66772,0.5447871052424113,0,40-50%
69833,0.4925627652009328,0,30-40%
66871,0.4740396979649862,0,30-40%
66952,0.59987300268809,0,50-60%
65351,0.4946233275731405,0,30-40%
65352,0.5730942769050598,0,50-60%
65353,0.6729661507606506,0,60-70%
65354,0.6258940382003784,0,50-60%
65355,0.572127727985382,0,40-50%
65356,0.5481191240946451,0,40-50%
65358,0.5588707569440206,0,40-50%
65360,0.5240085684458414,0,40-50%
65362,0.6400725208918253,0,50-60%
64980,0.5599269512494405,0,40-50%
64982,0.5509425961176554,0,40-50%
64990,0.5164205673535665,0,40-50%
64998,0.5971355997721354,0,50-60%
65010,0.5889447573026021,0,50-60%
65014,0.5537107550303141,0,40-50%
65021,0.5300109628041585,0,40-50%
65103,0.577549247264862,0,50-60%
65105,0.5985987149874369,0,50-60%
65106,0.5302918198903401,0,40-50%
65107,0.6231024228731791,0,50-60%
65109,0.5293669664065043,0,40-50%
65111,0.5822690092722574,0,50-60%
65112,0.6127218885421752,0,50-60%
65114,0.5736318194071451,0,50-60%
65115,0.664335398197174,0,60-70%
65116,0.6097076498667399,0,50-60%
65117,0.6122549457550048,0,50-60%
65118,0.5739387555122375,0,50-60%
65121,0.5562387092113494,0,40-50%
65124,0.5903330726623535,0,50-60%
65125,0.5199500563939412,0,40-50%
65126,0.539007687886556,0,40-50%
65127,0.5473881327311197,0,40-50%
65128,0.6146970672607421,0,50-60%
65129,0.7729075514475504,0,70-80%
65235,0.6258371713956197,0,50-60%
65236,0.5579941832224528,0,40-50%
65237,0.5778579675356547,0,50-60%
65238,0.5377782824834187,0,40-50%
65239,0.5798729025522867,0,50-60%
65240,0.564351316610972,0,40-50%
65242,0.5708490573565165,0,40-50%
65243,0.5848691109021504,0,50-60%
65244,0.6130347215334574,0,50-60%
65248,0.5340931657155354,0,40-50%
65251,0.6134476943016052,0,50-60%
65252,0.5929017944335937,0,50-60%
65254,0.6117164138158162,0,50-60%
65256,0.5334285143216451,0,40-50%
65257,0.5355573856035868,0,40-50%
65260,0.5192895773251851,0,40-50%
65262,0.5841641985575358,0,50-60%
65264,0.5240069273312886,0,40-50%
65266,0.5485129339694976,0,40-50%
65512,0.5437811854680379,0,40-50%
65513,0.5962594710985819,0,50-60%
65514,0.548005040804545,0,40-50%
65517,0.5118650439580281,0,40-50%
65518,0.5958635770479838,0,50-60%
65520,0.5381828192075093,0,40-50%
65521,0.6278399788538614,0,50-60%
65523,0.5287398341496785,0,40-50%
65524,0.5948393308321634,0,50-60%
65525,0.5099522116978963,0,40-50%
65526,0.5783339980443318,0,50-60%
65527,0.5990089141527811,0,50-60%
65528,0.5651309453646342,0,40-50%
65529,0.600628757794698,0,50-60%
65532,0.5320201777617136,0,40-50%
65536,0.5048078560034434,0,40-50%
65538,0.6730842553774515,0,60-70%
65539,0.6393856369654337,0,50-60%
65540,0.621684309164683,0,50-60%
65541,0.5466884020169576,0,40-50%
65188,0.8331942839622497,0,80-90%
65224,0.5257318857510884,0,40-50%
65255,0.5153950098355611,0,40-50%
65269,0.6014787240028381,0,50-60%
65310,0.5494950098991394,0,40-50%
65319,0.6024755798975626,0,50-60%
65322,0.6610277854601542,0,60-70%
65328,0.615889935016632,0,50-60%
64852,0.47679918440183,0,30-40%
65460,0.555952096303304,0,40-50%
65462,0.554030533949534,0,40-50%
65465,0.7226265910466512,0,70-80%
65488,0.5296122077306111,0,40-50%
65501,0.5762746575673421,0,50-60%
65508,0.6161505225499471,0,50-60%
65510,0.5329516195456186,0,40-50%
66929,0.579257186571757,0,50-60%
66897,0.5482435189882914,0,40-50%
66969,0.59987300268809,0,50-60%
66753,0.5128407719930013,0,40-50%
66754,0.6874311251640319,0,60-70%
67859,0.562876399676005,0,40-50%
69834,0.4680196288426717,0,30-40%
67842,0.5423053466478983,0,40-50%
67864,0.662532743136088,0,60-70%
69835,0.6444261633555094,0,60-70%
69836,0.576945805867513,0,50-60%
69837,0.6453390680948893,0,60-70%
69838,0.6724361144701639,0,60-70%
66718,0.5133418086369832,0,40-50%
69839,0.5552811864217122,0,40-50%
69840,0.5341412070592244,0,40-50%
69841,0.5068853739102681,0,40-50%
69842,0.5547788702646891,0,40-50%
69843,0.5742644035021464,0,50-60%
69844,0.5960294885635375,0,50-60%
69845,0.5931929631233215,0,50-60%
69846,0.5158679448763529,0,40-50%
69847,0.5701580328941345,0,40-50%
69848,0.597644412835439,0,50-60%
65077,0.5773045384089152,0,50-60%
69849,0.5220385435422261,0,40-50%
69850,0.4845747911135356,0,30-40%
69851,0.5552811864217122,0,40-50%
69852,0.6433676444689432,0,60-70%
69853,0.5080368760426839,0,40-50%
69854,0.581306632677714,0,50-60%
66828,0.5940298719406127,0,50-60%
66818,0.5464863740603129,0,40-50%
69855,0.5282129310766855,0,40-50%
66711,0.5148827675183614,0,40-50%
69856,0.4783790353139242,0,30-40%
69857,0.4713324251969655,0,30-40%
69858,0.5214900635878245,0,40-50%
69859,0.5662851297060648,0,40-50%
69860,0.5765475594202677,0,50-60%
69861,0.4080788436730703,0,20-30%
69862,0.5558038913408915,0,40-50%
69863,0.5478338562647501,0,40-50%
67760,0.7138816995620727,0,70-80%
66702,0.5588188134829203,0,40-50%
69864,0.5176008009115854,0,40-50%
69865,0.7475613915125529,0,70-80%
69866,0.524895811398824,0,40-50%
69867,0.5309393071333567,0,40-50%
69868,0.5220113062063853,0,40-50%
69869,0.5692035837173461,0,40-50%
69870,0.6046374721527099,0,50-60%
69871,0.5771518909136454,0,50-60%
69872,0.6304706576665242,0,50-60%
69873,0.6097361726760864,0,50-60%
69874,0.5920979622205098,0,50-60%
69875,0.5378800276120503,0,40-50%
69876,0.6088261289596557,0,50-60%
69877,0.567990358988444,0,40-50%
69878,0.5552811864217122,0,40-50%
66666,0.5663808547655741,0,40-50%
69879,0.5814409815470377,0,50-60%
69880,0.597785322189331,0,50-60%
69881,0.5140447262128194,0,40-50%
69882,0.5649801774024963,0,40-50%
69883,0.4941485169728597,0,30-40%
69884,0.5379646383921305,0,40-50%
69885,0.4949073735078176,0,30-40%
66689,0.5128541830380757,0,40-50%
69886,0.5925069414774576,0,50-60%
69887,0.5917140208880106,0,50-60%
69888,0.6118712388674418,0,50-60%
69889,0.6063874645233154,0,50-60%
69890,0.5772296749750773,0,50-60%
69891,0.5695890747706095,0,40-50%
69892,0.4720920267899831,0,30-40%
66833,0.56494229666392,0,40-50%
66886,0.574429031531016,0,50-60%
66830,0.5869578086535135,0,50-60%
69893,0.5523119810422261,0,40-50%
66880,0.68922421169281,0,60-70%
69894,0.5404563509623209,0,40-50%
69895,0.502957666238149,0,30-40%
69896,0.5499345027605692,0,40-50%
69897,0.5845341963768005,0,50-60%
66839,0.5130183938344319,0,40-50%
69898,0.563765132745107,0,40-50%
67797,0.6044819000562032,0,50-60%
67861,0.5990007801055908,0,50-60%
67940,0.5185560825665791,0,40-50%
67792,0.5195645653406779,0,40-50%
67863,0.5150185468991597,0,40-50%
67869,0.5067221485773722,0,40-50%
67867,0.5868970715204874,0,50-60%
67563,0.5461908224423726,0,40-50%
67851,0.6553194168408711,0,60-70%
67938,0.5433481895128885,0,40-50%
67819,0.6734949035644531,0,60-70%
69899,0.5423439982732137,0,40-50%
67939,0.6329035722414652,0,50-60%
69900,0.4545831027825673,0,30-40%
66995,0.5144057833353678,0,40-50%
69901,0.6071852091153462,0,50-60%
67684,0.4822347405751546,0,30-40%
69902,0.5719914995829264,0,40-50%
68015,0.5576158725420634,0,40-50%
68069,0.6018501165707906,0,50-60%
67870,0.5695981942812601,0,40-50%
68017,0.6397978348731994,0,50-60%
69903,0.4249536338647207,0,20-30%
68021,0.6416267120043436,0,60-70%
69904,0.53594025405248,0,40-50%
68102,0.584070738474528,0,50-60%
68103,0.6423975510597228,0,60-70%
68063,0.5002579632600148,0,30-40%
68118,0.6948704365094502,0,60-70%
68116,0.6948704365094502,0,60-70%
68119,0.6528972668647766,0,60-70%
68112,0.5491601192156473,0,40-50%
68124,0.6144827249844869,0,50-60%
68109,0.5294575972557067,0,40-50%
68115,0.628582084496816,0,50-60%
69905,0.4471277240117391,0,30-40%
68130,0.6402241551081339,0,50-60%
69906,0.5879008455276489,0,50-60%
67498,0.4844845774968465,0,30-40%
69907,0.6291801296869913,0,50-60%
68117,0.5970630291302998,0,50-60%
68129,0.6107467058499654,0,50-60%
67871,0.6493266188303629,0,60-70%
68127,0.6363714300791422,0,50-60%
68114,0.5323696397940317,0,40-50%
67820,0.567149126847585,0,40-50%
69908,0.52018656762441,0,40-50%
68148,0.5389347635904947,0,40-50%
69909,0.6005176587104797,0,50-60%
69910,0.7028012557029724,0,60-70%
67709,0.5213125609556833,0,40-50%
69911,0.6621346158981323,0,60-70%
68140,0.667064992904663,0,60-70%
67872,0.5200098398526509,0,40-50%
68105,0.4970625582536062,0,30-40%
68151,0.5866068247159322,0,50-60%
68106,0.4970625582536062,0,30-40%
67844,0.549535715897878,0,40-50%
68073,0.4905452075799306,0,30-40%
69912,0.5893291794459025,0,50-60%
67711,0.52535595925649,0,40-50%
68133,0.3678610566457113,0,20-30%
68066,0.3194385114510854,0,10-20%
69913,0.6806996150016784,0,60-70%
68110,0.575350908756256,0,50-60%
68121,0.5193653348286946,0,40-50%
67738,0.5592403653462727,0,40-50%
68144,0.5029703063964843,0,30-40%
69914,0.6054516398111979,0,50-60%
68158,0.5877134167353312,0,50-60%
67761,0.5930905027389526,0,50-60%
68161,0.5530379378000895,0,40-50%
67773,0.548749145189921,0,40-50%
69915,0.4930287841161092,0,30-40%
69916,0.5335569047133127,0,40-50%
68159,0.607687886873881,0,50-60%
68152,0.5219812058607737,0,40-50%
68155,0.6635533256530761,0,60-70%
68126,0.6588197313944498,0,60-70%
69917,0.5356754643917083,0,40-50%
68166,0.6948704365094502,0,60-70%
69918,0.6471857709884643,0,60-70%
68147,0.4221387747128804,0,20-30%
68107,0.3893439415295919,0,20-30%
68149,0.5855686906178792,0,50-60%
69919,0.5155589226086934,0,40-50%
69920,0.5472598317464192,0,40-50%
68165,0.6049488428433736,0,50-60%
68079,0.4619189742406209,0,30-40%
68134,0.5530379378000895,0,40-50%
66755,0.4646438303788503,0,30-40%
66742,0.6187056862513224,0,50-60%
66747,0.5135428272883097,0,40-50%
66756,0.5536826216379801,0,40-50%
66759,0.5077533963521321,0,40-50%
66764,0.4881695452531179,0,30-40%
69921,0.537941420396169,0,40-50%
66662,0.5501936637560526,0,40-50%
66663,0.571347292582194,0,40-50%
66664,0.568819101969401,0,40-50%
66644,0.6307757778167724,0,50-60%
66645,0.7112429423332214,0,70-80%
66648,0.5147315227190653,0,40-50%
66654,0.5173197034200032,0,40-50%
66653,0.4863268676598867,0,30-40%
66655,0.6224343740145365,0,50-60%
66657,0.5662749055226644,0,40-50%
66709,0.5090366565386454,0,40-50%
66716,0.4991611483891805,0,30-40%
66717,0.3775533083279928,0,20-30%
66723,0.5296042207082112,0,40-50%
69922,0.5421519521077474,0,40-50%
66724,0.6198842488924662,0,50-60%
66728,0.58914169104894,0,50-60%
66790,0.5573827865918477,0,40-50%
66792,0.5230661296049753,0,40-50%
66821,0.5778237544695536,0,50-60%
66820,0.5005039814313252,0,30-40%
66819,0.5279860757986704,0,40-50%
69923,0.4978075865109762,0,30-40%
66729,0.503333950360616,0,30-40%
66726,0.6532630287806193,0,60-70%
66730,0.5015949252446492,0,30-40%
66734,0.5213345252672831,0,40-50%
66736,0.434295112212499,0,20-30%
68136,0.3602732959588369,0,10-20%
68138,0.5330782198111216,0,40-50%
68157,0.488142723162969,0,30-40%
68137,0.570693131605784,0,40-50%
68135,0.5530379378000895,0,40-50%
66688,0.5622832142512003,0,40-50%
66694,0.5330345872243245,0,40-50%
66693,0.4902189039389292,0,30-40%
66697,0.5033791306813558,0,30-40%
66698,0.4955119732220968,0,30-40%
66701,0.5607169830004374,0,40-50%
66674,0.5147315227190653,0,40-50%
69924,0.5193151477177937,0,40-50%
66675,0.5914589726130167,0,50-60%
69925,0.489710653146108,0,30-40%
66682,0.5147315227190653,0,40-50%
66687,0.5339107755025227,0,40-50%
66774,0.5131555778980255,0,40-50%
66777,0.481497431119283,0,30-40%
66778,0.5549000147183736,0,40-50%
66779,0.5814119222958882,0,50-60%
66788,0.5123266223271687,0,40-50%
68170,0.6249328536987304,0,50-60%
68168,0.4905251824061076,0,30-40%
69926,0.576852914015452,0,50-60%
68019,0.4434501174290975,0,30-40%
68125,0.5252010487715403,0,40-50%
68171,0.6116380337079366,0,50-60%
67873,0.5628011468251546,0,40-50%
69927,0.5255587342580159,0,40-50%
68167,0.5861538612047831,0,50-60%
68160,0.5530379378000895,0,40-50%
68169,0.5737958196004231,0,50-60%
68162,0.6250803751945495,0,50-60%
68146,0.6049056930541992,0,50-60%
69928,0.5776766502062479,0,50-60%
68164,0.5261403563817342,0,40-50%
69929,0.5712601505915323,0,40-50%
69930,0.578385170618693,0,50-60%
69931,0.7639934384028116,0,70-80%
69932,0.6802943034172058,0,60-70%
68122,0.3237212839921315,0,10-20%
68104,0.5374888741175333,0,40-50%
68178,0.5425455215771993,0,40-50%
69933,0.5726766271591186,0,40-50%
67955,0.5797352436383565,0,50-60%
68020,0.582539793173472,0,50-60%
68145,0.622549144744873,0,50-60%
69934,0.6435509287516276,0,60-70%
68120,0.453255290110906,0,30-40%
68143,0.6240036768913269,0,50-60%
67850,0.5887447837193807,0,50-60%
69935,0.5513898693720499,0,40-50%
67949,0.5948417746225992,0,50-60%
69936,0.623570557753245,0,50-60%
68071,0.4286782983144124,0,20-30%
67950,0.5377356651624043,0,40-50%
67951,0.4036397003332774,0,20-30%
68173,0.6948704365094502,0,60-70%
68181,0.5257716440359751,0,40-50%
69937,0.5691568218866984,0,40-50%
69938,0.5863624456723531,0,50-60%
68128,0.6702114585240682,0,60-70%
67952,0.5662655793825785,0,40-50%
68142,0.8565714044570922,0,90-100%
69939,0.5131357553799947,0,40-50%
69940,0.5130265596707662,0,40-50%
67957,0.3500334266026815,0,10-20%
69941,0.612615549882253,0,50-60%
67956,0.4596954825719198,0,30-40%
67975,0.5294485333760579,0,40-50%
67966,0.647561097462972,0,60-70%
67965,0.4812431894938151,0,30-40%
67874,0.5863396766980489,0,50-60%
67981,0.6193559729258219,0,50-60%
69942,0.5865954124132792,0,50-60%
67980,0.5439628604253133,0,40-50%
67988,0.570837255636851,0,40-50%
69943,0.4116468075116475,0,20-30%
68064,0.554411614259084,0,40-50%
67977,0.5190108064015706,0,40-50%
69944,0.5669857823053995,0,40-50%
67987,0.4329734388192495,0,20-30%
67974,0.4619854334195455,0,30-40%
68139,0.4688416961034139,0,30-40%
69945,0.7776219212214152,0,70-80%
67691,0.4399695638020833,0,30-40%
69946,0.5854385776519775,0,50-60%
67979,0.5842131021817525,0,50-60%
67971,0.5081973317464192,0,40-50%
69947,0.5923489891688029,0,50-60%
69948,0.6138798279762268,0,50-60%
67954,0.5867043418884277,0,50-60%
67962,0.5287547353108724,0,40-50%
69949,0.6001684907277425,0,50-60%
67976,0.6876910014152526,0,60-70%
67961,0.5544114950497945,0,40-50%
67973,0.5610031468868255,0,40-50%
69950,0.4795948508580526,0,30-40%
67989,0.525606332540512,0,40-50%
67990,0.6251412593523661,0,50-60%
69951,0.4848466459115346,0,30-40%
67237,0.6697554551760355,0,60-70%
69952,0.6358300093015035,0,50-60%
67160,0.4773146453698476,0,30-40%
69953,0.568980717976888,0,40-50%
67161,0.6853801889419555,0,60-70%
67993,0.7114106101989746,0,70-80%
67230,0.6007204019228617,0,50-60%
67231,0.5916446092923482,0,50-60%
67279,0.5435143354733785,0,40-50%
67982,0.4936532917817434,0,30-40%
67141,0.5544114950497945,0,40-50%
67142,0.5829276088078816,0,50-60%
67143,0.4734832309881846,0,30-40%
67153,0.6664513909022013,0,60-70%
67155,0.509728038628896,0,40-50%
67176,0.5789549910227457,0,50-60%
67175,0.5493695699373881,0,40-50%
67180,0.5597723964055379,0,40-50%
69954,0.4687736574014028,0,30-40%
67290,0.516748690923055,0,40-50%
67294,0.5695009791056315,0,40-50%
67295,0.6036401036580403,0,50-60%
69955,0.6214096191724141,0,50-60%
67132,0.6166771335601806,0,50-60%
69956,0.5353979709943135,0,40-50%
67133,0.5544114950497945,0,40-50%
67140,0.5544114950497945,0,40-50%
67292,0.6143683436711629,0,50-60%
67286,0.5679101589520772,0,40-50%
67285,0.5781574212710062,0,50-60%
67284,0.5877807103792826,0,50-60%
67110,0.6193497422536214,0,50-60%
67229,0.5199238323370615,0,40-50%
69957,0.5618775132497151,0,40-50%
67191,0.4476069175402323,0,30-40%
69958,0.4943306985696157,0,30-40%
67272,0.4155048373540242,0,20-30%
67306,0.5766496899922688,0,50-60%
67948,0.6280971450805664,0,50-60%
67126,0.575271571000417,0,50-60%
67205,0.4905184748967489,0,30-40%
67258,0.5730305555661519,0,50-60%
69960,0.5544114950497945,0,40-50%
67162,0.6853801889419555,0,60-70%
67167,0.5724277141888936,0,40-50%
69961,0.6096418781280517,0,50-60%
69962,0.638013867855072,0,50-60%
69963,0.554411614259084,0,40-50%
67264,0.666047303199768,0,60-70%
69964,0.6245316230456034,0,50-60%
67267,0.5988422277768453,0,50-60%
67220,0.6340719146728515,0,50-60%
67216,0.5521462244987487,0,40-50%
67978,0.6324453913370768,0,50-60%
67986,0.4099315368334452,0,20-30%
67992,0.5682201348940531,0,40-50%
67995,0.5512036664485931,0,40-50%
68175,0.4795935693581899,0,30-40%
67959,0.3577216827074687,0,10-20%
68016,0.6067119800249735,0,50-60%
69965,0.7608496232032775,0,70-80%
67578,0.5471112095514933,0,40-50%
67685,0.6227834188143412,0,50-60%
67713,0.5439614020983378,0,40-50%
68174,0.6356447302500406,0,50-60%
68176,0.6596102399826049,0,60-70%
67998,0.6540223919550577,0,60-70%
67970,0.5447182896931966,0,40-50%
68018,0.4863434079488118,0,30-40%
69966,0.5467237813472747,0,40-50%
67994,0.5694062077204386,0,40-50%
68150,0.6288598461151123,0,50-60%
67862,0.5154135468800862,0,40-50%
67991,0.4570304396947225,0,30-40%
68084,0.5414206627209981,0,40-50%
68076,0.5422287824948628,0,40-50%
68086,0.5747585856119791,0,50-60%
68091,0.5470264795621236,0,40-50%
68093,0.5470264795621236,0,40-50%
68083,0.5422287824948628,0,40-50%
68074,0.5422287824948628,0,40-50%
68088,0.5747585856119791,0,50-60%
68085,0.5422287824948628,0,40-50%
69967,0.532932814280192,0,40-50%
68097,0.5422287824948628,0,40-50%
68075,0.5422287824948628,0,40-50%
68078,0.5422287824948628,0,40-50%
68090,0.5660442673365275,0,40-50%
68153,0.5077727678616841,0,40-50%
68156,0.5422287824948628,0,40-50%
68154,0.5107988360722859,0,40-50%
68094,0.5470264795621236,0,40-50%
68089,0.5747585856119791,0,50-60%
68072,0.5422287824948628,0,40-50%
68080,0.5818762146631876,0,50-60%
68081,0.5768250190416971,0,50-60%
68077,0.5422287824948628,0,40-50%
68082,0.5818762146631876,0,50-60%
68095,0.5470264795621236,0,40-50%
68096,0.5470264795621236,0,40-50%
68087,0.5459237936337789,0,40-50%
67996,0.6702114585240682,0,60-70%
69969,0.534120345433553,0,40-50%
69970,0.6114837172826131,0,50-60%
67983,0.5268272403081258,0,40-50%
68003,0.6098977290789286,0,50-60%
68001,0.5626260283788045,0,40-50%
68005,0.4174393398761749,0,20-30%
68004,0.5752241574923197,0,50-60%
68011,0.5781933350563049,0,50-60%
69971,0.4861907326380412,0,30-40%
68008,0.4118895792166392,0,20-30%
68025,0.554363334496816,0,40-50%
68022,0.6276829206148783,0,50-60%
69972,0.6427956504821777,0,60-70%
67875,0.6154297553698221,0,50-60%
68024,0.5720562302271525,0,40-50%
69973,0.5560622456868489,0,40-50%
68012,0.5296058896382649,0,40-50%
67876,0.7001743001937866,0,60-70%
68029,0.5906625949541727,0,50-60%
68010,0.8594309372901916,0,90-100%
67882,0.5441291891733805,0,40-50%
69974,0.5002370122273763,0,30-40%
68023,0.39211820991834,0,20-30%
69975,0.6765217744509379,0,60-70%
69976,0.7509236895243326,0,70-80%
68014,0.5824301524162292,0,50-60%
67884,0.556093538125356,0,40-50%
69977,0.6174706780115763,0,50-60%
69978,0.4859275761445363,0,30-40%
67877,0.4900180342992147,0,30-40%
68172,0.6286393685340881,0,50-60%
68006,0.5723730289141337,0,40-50%
69979,0.4611031058629354,0,30-40%
67881,0.5501296761830647,0,40-50%
69980,0.8019193692207336,0,80-90%
67880,0.4086875263055166,0,20-30%
68002,0.5364448073705037,0,40-50%
67883,0.4940091017087301,0,30-40%
67878,0.6846963448524475,0,60-70%
67964,0.5750154816309611,0,50-60%
68026,0.581468491077423,0,50-60%
69981,0.5328471902211507,0,40-50%
69982,0.6112048907279968,0,50-60%
68032,0.5452397707303365,0,40-50%
67888,0.5190074685414632,0,40-50%
69983,0.6252033356030782,0,50-60%
68111,0.5504337830543518,0,40-50%
69984,0.4404402616818746,0,30-40%
67890,0.5439338925679524,0,40-50%
69985,0.5658564809163411,0,40-50%
67889,0.5142160299619039,0,40-50%
69986,0.5756930354436238,0,50-60%
68027,0.5014395995140075,0,30-40%
67879,0.5117897632916768,0,40-50%
68034,0.473829951206843,0,30-40%
69987,0.641884291489919,0,60-70%
67896,0.6196583194732666,0,50-60%
69988,0.598553832689921,0,50-60%
68054,0.6396451834042867,0,50-60%
68067,0.6560144069989522,0,60-70%
67901,0.6184189004898071,0,50-60%
67967,0.4104627016385396,0,20-30%
69989,0.5755002144177754,0,50-60%
67902,0.5404898507595062,0,40-50%
67895,0.6621094309488932,0,60-70%
67897,0.6081401987075805,0,50-60%
67900,0.544750806013743,0,40-50%
67886,0.6065546515782674,0,50-60%
67985,0.5689999424616495,0,40-50%
67898,0.5488258245786031,0,40-50%
67905,0.562612080891927,0,40-50%
67887,0.5880052688916524,0,50-60%
67999,0.525157475789388,0,40-50%
67609,0.4493047836621602,0,30-40%
69991,0.4732943120797475,0,30-40%
69993,0.6472236795425415,0,60-70%
69994,0.6472236795425415,0,60-70%
69995,0.5735769513448079,0,50-60%
69996,0.5820362809499104,0,50-60%
69997,0.5369510892232259,0,40-50%
67963,0.556556340376536,0,40-50%
67659,0.6070351285934448,0,50-60%
67660,0.5613988005320231,0,40-50%
69998,0.6310514771143595,0,50-60%
69999,0.5051260553995768,0,40-50%
67655,0.5056022369066874,0,40-50%
70000,0.6447157227198282,0,60-70%
67314,0.5780104362169901,0,50-60%
70001,0.6185764037768046,0,50-60%
70002,0.6185764037768046,0,50-60%
70003,0.6185764037768046,0,50-60%
70004,0.6185764037768046,0,50-60%
67446,0.5092714670499165,0,40-50%
67958,0.5518250110944112,0,40-50%
67822,0.4504494610627492,0,30-40%
70005,0.5257686022122701,0,40-50%
70006,0.5221798065503438,0,40-50%
70007,0.5544114950497945,0,40-50%
67462,0.5544114950497945,0,40-50%
67386,0.5544114950497945,0,40-50%
70008,0.5504387858708699,0,40-50%
70009,0.5905741138458251,0,50-60%
70010,0.5411378386815389,0,40-50%
70011,0.5544114950497945,0,40-50%
70012,0.5544114950497945,0,40-50%
70013,0.5544114950497945,0,40-50%
67460,0.5544114950497945,0,40-50%
67697,0.6225673519770304,0,50-60%
67706,0.7227125449180603,0,70-80%
67666,0.622246353149414,0,50-60%
70014,0.6219688895543416,0,50-60%
70015,0.5169778429667155,0,40-50%
70016,0.423881316502889,0,20-30%
67675,0.6058516465822855,0,50-60%
70017,0.5258714202245076,0,40-50%
70018,0.5834749900499979,0,50-60%
70019,0.6215867681503295,0,50-60%
67448,0.5028425696690877,0,30-40%
70020,0.5668454411824544,0,40-50%
70021,0.554411614259084,0,40-50%
67438,0.4494518581231435,0,30-40%
70022,0.481471564690272,0,30-40%
67508,0.6061789356867472,0,50-60%
70023,0.613144692103068,0,50-60%
67455,0.4227526767253876,0,20-30%
70024,0.6065260413487752,0,50-60%
70025,0.5274393204053243,0,40-50%
70026,0.4551798048814138,0,30-40%
70027,0.5470302068392435,0,40-50%
67387,0.554411614259084,0,40-50%
67388,0.5544114950497945,0,40-50%
70028,0.5544114950497945,0,40-50%
67366,0.6589280648231506,0,60-70%
67367,0.5964268409411112,0,50-60%
67368,0.5964268409411112,0,50-60%
67369,0.5929746591250101,0,50-60%
67860,0.3412580731709798,0,10-20%
67640,0.4735908451875051,0,30-40%
70029,0.5453049782117207,0,40-50%
70030,0.4922687970797221,0,30-40%
67463,0.5544114950497945,0,40-50%
67392,0.5544114950497945,0,40-50%
67329,0.4531982782681783,0,30-40%
67395,0.4020274840990702,0,20-30%
67383,0.5544114950497945,0,40-50%
67458,0.5544114950497945,0,40-50%
70032,0.6074398719469706,0,50-60%
70033,0.5544114950497945,0,40-50%
70034,0.6185764037768046,0,50-60%
70035,0.6185764037768046,0,50-60%
67712,0.4941449704964956,0,30-40%
70036,0.4531389716466268,0,30-40%
67732,0.5384362581570943,0,40-50%
70037,0.523583019097646,0,40-50%
67579,0.6157221161524454,0,50-60%
67586,0.5022263172467549,0,30-40%
70038,0.4810481611092885,0,30-40%
70039,0.4159193876584371,0,20-30%
70040,0.5563811623255411,0,40-50%
67781,0.5544114950497945,0,40-50%
70041,0.4689252916177114,0,30-40%
67865,0.5143708828290303,0,40-50%
67904,0.4987355732123057,0,30-40%
67608,0.5138902309735616,0,40-50%
67567,0.5820987784067789,0,50-60%
67795,0.6451717578570048,0,60-70%
70042,0.507274175008138,0,40-50%
70043,0.4347869697411855,0,20-30%
67593,0.5966385884284973,0,50-60%
70044,0.6213569604555765,0,50-60%
70045,0.5057023409207662,0,40-50%
67688,0.6124123616218566,0,50-60%
70046,0.4235780500570933,0,20-30%
67588,0.5295791867574056,0,40-50%
70047,0.5993537270228068,0,50-60%
70048,0.4887869897683461,0,30-40%
70049,0.5404076817830403,0,40-50%
67669,0.4025143944422404,0,20-30%
70050,0.4991996529897054,0,30-40%
67603,0.4580167773564657,0,30-40%
67630,0.5178280456066131,0,40-50%
67763,0.5605638268788655,0,40-50%
70051,0.4659790936311086,0,30-40%
70052,0.5527149402300516,0,40-50%
67677,0.4905411246617635,0,30-40%
67680,0.632139349301656,0,50-60%
67801,0.5055637601216634,0,40-50%
67700,0.538286650498708,0,40-50%
67695,0.5768212917645772,0,50-60%
67736,0.5037134551207224,0,30-40%
70053,0.6633868498802185,0,60-70%
67393,0.5544114950497945,0,40-50%
67389,0.5544114950497945,0,40-50%
70054,0.5544114950497945,0,40-50%
67525,0.5502895358403523,0,40-50%
67431,0.5914252363840738,0,50-60%
70055,0.4587403181393941,0,30-40%
70056,0.6185764037768046,0,50-60%
70057,0.6185764037768046,0,50-60%
67454,0.4963617566426595,0,30-40%
67326,0.601099010626475,0,50-60%
70058,0.6634934825897216,0,60-70%
70059,0.6634934825897216,0,60-70%
67384,0.5544114950497945,0,40-50%
67385,0.5544114950497945,0,40-50%
67365,0.5708955171902974,0,40-50%
70060,0.5544114950497945,0,40-50%
67391,0.5544114950497945,0,40-50%
70061,0.5969680789311727,0,50-60%
67372,0.5818332079251607,0,50-60%
70062,0.4016630891164144,0,20-30%
67343,0.5825414899190267,0,50-60%
67459,0.5912924054463704,0,50-60%
70063,0.5544114950497945,0,40-50%
67394,0.5544114950497945,0,40-50%
70064,0.5544114950497945,0,40-50%
70065,0.5544114950497945,0,40-50%
67488,0.5220815184911092,0,40-50%
67489,0.5220815184911092,0,40-50%
67490,0.5220815184911092,0,40-50%
70066,0.5544114950497945,0,40-50%
67397,0.5193372014363606,0,40-50%
67527,0.5570812188784281,0,40-50%
67330,0.5194363239606221,0,40-50%
67892,0.5580143295923868,0,40-50%
68031,0.623054945786794,0,50-60%
67893,0.3927276972134908,0,20-30%
67885,0.5308888200124104,0,40-50%
67891,0.5568304899533589,0,40-50%
67899,0.4868311527570089,0,30-40%
68059,0.5916981382369995,0,50-60%
67906,0.4975251200993856,0,30-40%
68028,0.5617628060976664,0,40-50%
67903,0.4448677841027578,0,30-40%
70067,0.4903566780885061,0,30-40%
70068,0.4214126113255819,0,20-30%
67894,0.5709949973424275,0,40-50%
67909,0.4827803912957509,0,30-40%
70069,0.5979715867042541,0,50-60%
68061,0.6087937318483988,0,50-60%
70070,0.5041741970380147,0,30-40%
68141,0.575846100171407,0,50-60%
70071,0.7403455061912536,0,70-80%
70072,0.5370431783994039,0,40-50%
70073,0.532351398785909,0,40-50%
70074,0.526395941098531,0,40-50%
70075,0.4274960699876149,0,20-30%
70076,0.5170740726788838,0,40-50%
70077,0.5636434836387634,0,40-50%
70078,0.6051897648175557,0,50-60%
70079,0.3472039047082265,0,10-20%
70080,0.5186483505566915,0,40-50%
70081,0.3942144158681234,0,20-30%
70082,0.4890729132493337,0,30-40%
70083,0.5024692061742146,0,30-40%
70084,0.5628834926287333,0,40-50%
70085,0.6075088941256205,0,50-60%
67916,0.6929246468544006,0,60-70%
70086,0.5480959974924723,0,40-50%
68000,0.6608800573348999,0,60-70%
70087,0.520010735909144,0,40-50%
67922,0.5924471858342488,0,50-60%
67908,0.4523978474934896,0,30-40%
67910,0.5277324560483296,0,40-50%
67918,0.5444087945620218,0,40-50%
67917,0.5934157931009928,0,50-60%
67907,0.6411810798645019,0,50-60%
67912,0.3920742514928182,0,20-30%
67921,0.6187772436141967,0,50-60%
70088,0.7606859766642252,0,70-80%
67923,0.4449782315095266,0,30-40%
68030,0.4543771687348684,0,30-40%
68101,0.6750742756525675,0,60-70%
67924,0.630025951385498,0,50-60%
67925,0.6187772436141967,0,50-60%
67972,0.5972519798278808,0,50-60%
70089,0.5726152621905009,0,40-50%
67928,0.5710993650754292,0,40-50%
67911,0.512593531926473,0,40-50%
70090,0.4388177040417989,0,30-40%
67926,0.6425994280179341,0,60-70%
70091,0.3328145387967428,0,10-20%
70092,0.5154073797861735,0,40-50%
70093,0.4211507383187612,0,20-30%
67997,0.6225547475814819,0,50-60%
67930,0.595102155526479,0,50-60%
68185,0.6135904156366984,0,50-60%
70094,0.6241086088816324,0,50-60%
70095,0.538420939763387,0,40-50%
67933,0.6003258191744486,0,50-60%
70096,0.5889284892082214,0,50-60%
67919,0.6557919068336486,0,60-70%
68100,0.656439062277476,0,60-70%
67915,0.6144815368652343,0,50-60%
68007,0.472436631043752,0,30-40%
68194,0.6391879879633585,0,50-60%
67984,0.4337389114697774,0,20-30%
67927,0.5463323238690694,0,40-50%
70097,0.4969920459588369,0,30-40%
70098,0.5099156462351481,0,40-50%
68108,0.5514468792279561,0,40-50%
67914,0.4926149192651113,0,30-40%
70099,0.4647989812692006,0,30-40%
67929,0.6167958938280741,0,50-60%
67858,0.356817065000534,0,10-20%
67934,0.6059862060546874,0,50-60%
67931,0.5701433979670206,0,40-50%
70100,0.4736787918408712,0,30-40%
67969,0.2884328606923421,0,0-10%
67932,0.356817065000534,0,10-20%
70101,0.6462099237442016,0,60-70%
68216,0.573675628821055,0,50-60%
68199,0.4814748131434123,0,30-40%
70102,0.4927937351862589,0,30-40%
68218,0.5820321722030639,0,50-60%
68203,0.563247645219167,0,40-50%
68209,0.6950902902285258,0,60-70%
68212,0.654658135096232,0,60-70%
68214,0.5915681087176005,0,50-60%
70103,0.5996011776924133,0,50-60%
70104,0.6045710407892863,0,50-60%
68230,0.6154899282455444,0,50-60%
70105,0.503550494035085,0,30-40%
68123,0.5146428588231404,0,40-50%
68219,0.5588198863665262,0,40-50%
68225,0.4097419324715932,0,20-30%
67913,0.5184229893684387,0,40-50%
68035,0.5099191311200459,0,40-50%
70106,0.7674421949386596,0,70-80%
68231,0.5214004499912261,0,40-50%
68243,0.4913161082267761,0,30-40%
68238,0.5050142668883005,0,40-50%
70107,0.5260521454811096,0,40-50%
68234,0.5500639660358428,0,40-50%
68248,0.4250004533131917,0,20-30%
70108,0.4812396410306295,0,30-40%
68237,0.6489625258445739,0,60-70%
68244,0.5749514940579732,0,50-60%
68223,0.545732164700826,0,40-50%
68213,0.5253640654881795,0,40-50%
70109,0.5526064021587371,0,40-50%
68182,0.6121699495315551,0,50-60%
68255,0.6408005598386128,0,50-60%
68256,0.8517713828086853,0,90-100%
68254,0.4646978917916616,0,30-40%
70110,0.4936387184460958,0,30-40%
68251,0.401345398346583,0,20-30%
70111,0.4569489601453145,0,30-40%
68242,0.5900899731318155,0,50-60%
68245,0.6560729387601216,0,60-70%
70112,0.5715710484186808,0,40-50%
68060,0.6337702237764994,0,50-60%
68259,0.6393177154858907,0,50-60%
68260,0.5171965006192525,0,40-50%
68261,0.5288265012900034,0,40-50%
70113,0.3828905168374379,0,20-30%
70114,0.4044821801980336,0,20-30%
70115,0.459310764392217,0,30-40%
70116,0.5748191717465718,0,50-60%
70117,0.5955945812861124,0,50-60%
70118,0.5708903633753458,0,40-50%
70119,0.5464933756192525,0,40-50%
70120,0.6086583100954691,0,50-60%
70121,0.59922283522288,0,50-60%
70122,0.6545445882479349,0,60-70%
70123,0.5449801646868387,0,40-50%
70124,0.5581162535349528,0,40-50%
70125,0.5653883182207743,0,40-50%
70126,0.5742500665982564,0,50-60%
68202,0.5102433803876241,0,40-50%
70127,0.5359254442850748,0,40-50%
70128,0.6090478860537211,0,50-60%
70129,0.6303644421895345,0,50-60%
70130,0.4984825514952342,0,30-40%
70131,0.5457138064702352,0,40-50%
70132,0.544804418404897,0,40-50%
70133,0.4070519450505575,0,20-30%
70134,0.5738775375684102,0,50-60%
70135,0.5661621335347493,0,40-50%
70136,0.5296121501127878,0,40-50%
70137,0.4159202539126078,0,20-30%
70138,0.5441444757779439,0,40-50%
70139,0.6393895112673441,0,50-60%
70140,0.6914977712631225,0,60-70%
70141,0.5023831708431243,0,30-40%
70142,0.6139828526178995,0,50-60%
70143,0.5173334720929463,0,40-50%
70144,0.5844460093180338,0,50-60%
70145,0.6694232188860575,0,60-70%
70146,0.5997826142311096,0,50-60%
70147,0.5319347047011057,0,40-50%
70148,0.5630456450780232,0,40-50%
70149,0.6006508750915527,0,50-60%
70150,0.5508615616162618,0,40-50%
70151,0.4534314516385396,0,30-40%
70152,0.6338688376744588,0,50-60%
70153,0.5126066449483235,0,40-50%
70154,0.554632421652476,0,40-50%
70155,0.5578934513727823,0,40-50%
70156,0.5773666186332702,0,50-60%
70157,0.5235144737561543,0,40-50%
70158,0.5464933756192525,0,40-50%
70159,0.4070519450505575,0,20-30%
70160,0.5376235806147257,0,40-50%
70161,0.5878437403043111,0,50-60%
70162,0.6172661744753519,0,50-60%
70163,0.587323363939921,0,50-60%
70164,0.5940472725232442,0,50-60%
70165,0.5905627253850301,0,50-60%
70166,0.6102155092557271,0,50-60%
70167,0.5239010416666666,0,40-50%
70168,0.6216960234642028,0,50-60%
70169,0.5442825201352437,0,40-50%
70170,0.5762819015185038,0,50-60%
70171,0.5548743251164754,0,40-50%
70172,0.5263298395474751,0,40-50%
70173,0.5740897022883097,0,50-60%
70174,0.6272335015932718,0,50-60%
68247,0.3666958176294962,0,10-20%
70175,0.5720697286923726,0,40-50%
68262,0.5820463581085205,0,50-60%
68249,0.58106991481781,0,50-60%
70176,0.5040350797971089,0,30-40%
68226,0.6250303947130839,0,50-60%
68266,0.5900450630187988,0,50-60%
68240,0.5701073967615763,0,40-50%
70177,0.5343608501752217,0,40-50%
68009,0.6005057377815246,0,50-60%
68269,0.4948619547684987,0,30-40%
70178,0.5648550632794698,0,40-50%
68278,0.7094108147621154,0,60-70%
70179,0.4742336216767629,0,30-40%
68274,0.7147208137512207,0,70-80%
70180,0.6340269131660461,0,50-60%
68276,0.6606587731043497,0,60-70%
70181,0.5864069147109985,0,50-60%
68264,0.6707222703297933,0,60-70%
68296,0.6430403275489807,0,60-70%
68289,0.5656368695894877,0,40-50%
68299,0.6022973302205403,0,50-60%
68295,0.561465559720993,0,40-50%
68285,0.6449925266901652,0,60-70%
68250,0.5525366031328837,0,40-50%
68281,0.5609487278461456,0,40-50%
68268,0.4996422174771627,0,30-40%
70182,0.4690248909791311,0,30-40%
68301,0.5550211313565572,0,40-50%
68308,0.5295573714574178,0,40-50%
68291,0.4608450475533803,0,30-40%
68313,0.507648345152537,0,40-50%
68229,0.4832274261315664,0,30-40%
70183,0.5512650592327117,0,40-50%
68307,0.5514290892283121,0,40-50%
68187,0.6506092829704284,0,60-70%
70184,0.5182141903241475,0,40-50%
68273,0.581622147878011,0,50-60%
68325,0.4907757881482442,0,30-40%
68037,0.519590521176656,0,40-50%
68263,0.6281109415690104,0,50-60%
70185,0.605498310248057,0,50-60%
70186,0.5845206025441487,0,50-60%
68328,0.5248832944234212,0,40-50%
70187,0.5213772915999094,0,40-50%
70188,0.5563915017445882,0,40-50%
70189,0.6408478302955627,0,50-60%
68290,0.5735372268358866,0,50-60%
68332,0.5181173327763875,0,40-50%
68277,0.5970599018732706,0,50-60%
68252,0.5229577087561289,0,40-50%
68275,0.5499961617787679,0,40-50%
68335,0.6474320255915323,0,60-70%
68333,0.5335822068850199,0,40-50%
70190,0.5814244710604349,0,50-60%
68215,0.522115254720052,0,40-50%
68339,0.6047702713012695,0,50-60%
70191,0.4982525351842244,0,30-40%
70192,0.4937604907353719,0,30-40%
68314,0.6209462844530741,0,50-60%
68329,0.5734697821935018,0,50-60%
70193,0.501927221139272,0,30-40%
68337,0.5920582059224446,0,50-60%
68179,0.5597380045255025,0,40-50%
68327,0.5718682967821757,0,40-50%
68321,0.6037072780927022,0,50-60%
68315,0.5054477118651072,0,40-50%
68352,0.6411121768951416,0,50-60%
67942,0.4981453362305959,0,30-40%
68355,0.5105511211554209,0,40-50%
68349,0.4513459765116374,0,30-40%
70194,0.5398140791257222,0,40-50%
68340,0.5524142944018046,0,40-50%
68163,0.5056763532956441,0,40-50%
68353,0.6139626784324645,0,50-60%
68267,0.5432861688931783,0,40-50%
70195,0.5472211821079254,0,40-50%
68367,0.5132588985761006,0,40-50%
68366,0.6209968570073445,0,50-60%
68362,0.5202336870829264,0,40-50%
68420,0.5374830924669901,0,40-50%
68365,0.5532508734067281,0,40-50%
68416,0.6663950963020324,0,60-70%
68421,0.6150055491129557,0,50-60%
70196,0.6250752770105997,0,50-60%
70197,0.7234053297042846,0,70-80%
68433,0.515785658677419,0,40-50%
68429,0.4395261668364207,0,30-40%
68435,0.5351503732999165,0,40-50%
68265,0.5193437579472859,0,40-50%
70198,0.6549505554835001,0,60-70%
68331,0.5377442820072174,0,40-50%
68227,0.6179090423583984,0,50-60%
68440,0.4023770037492116,0,20-30%
67785,0.7058964653015136,0,60-70%
67786,0.6012096050580342,0,50-60%
67787,0.7141700072288513,0,70-80%
67825,0.7901335639953613,0,80-90%
67260,0.6286078654925028,0,50-60%
67322,0.6597970091501871,0,60-70%
67466,0.7004311048189799,0,60-70%
67550,0.6700004302660624,0,60-70%
67559,0.651891406695048,0,60-70%
67789,0.7340919060707092,0,70-80%
67790,0.6627843939463297,0,60-70%
67827,0.7246782464981079,0,70-80%
67855,0.7142646872202555,0,70-80%
67856,0.75442436170578,0,70-80%
67121,0.665962930838267,0,60-70%
67793,0.7171044034957885,0,70-80%
67437,0.7057449781099955,0,60-70%
67526,0.6350069287618001,0,50-60%
67597,0.6350652538935343,0,50-60%
67821,0.6947585903803507,0,60-70%
67112,0.7158893032073974,0,70-80%
67360,0.7023592872619628,0,60-70%
67378,0.6872149669329325,0,60-70%
67400,0.5832858327229817,0,50-60%
67826,0.6597922407786051,0,60-70%
67119,0.6282703522046407,0,50-60%
67120,0.663563188234965,0,60-70%
67293,0.7485497875213623,0,70-80%
67351,0.7656336708068847,0,70-80%
67857,0.6327640973726908,0,50-60%
67541,0.6036806348164876,0,50-60%
67694,0.7048700733184814,0,60-70%
67723,0.6244861129124959,0,50-60%
67779,0.5733651164372762,0,50-60%
67812,0.6341702901522318,0,50-60%
67111,0.7194912397066752,0,70-80%
67513,0.6317414286931355,0,50-60%
67542,0.6841865423520406,0,60-70%
67622,0.7216891927719116,0,70-80%
67835,0.7179018222490946,0,70-80%
67107,0.66450550587972,0,60-70%
67108,0.7563376111984252,0,70-80%
67241,0.6733342968622843,0,60-70%
67251,0.738524167060852,0,70-80%
67355,0.6927267276446024,0,60-70%
67433,0.7079619728724161,0,60-70%
67494,0.6066949609120686,0,50-60%
67510,0.6600753628412882,0,60-70%
67511,0.6208431962331136,0,50-60%
67682,0.584268951733907,0,50-60%
67701,0.702948359966278,0,60-70%
67353,0.6533746682802836,0,60-70%
67556,0.6336247566541036,0,50-60%
67515,0.7253887934684753,0,70-80%
67845,0.7573594136238098,0,70-80%
67113,0.7255793495178222,0,70-80%
67114,0.7398099584579467,0,70-80%
67755,0.615775311311086,0,50-60%
67352,0.6948693954149882,0,60-70%
67380,0.6039240005811055,0,50-60%
67518,0.7315401716232299,0,70-80%
67551,0.709207650343577,0,60-70%
67582,0.6283347848256429,0,50-60%
67589,0.6059458497365315,0,50-60%
67590,0.6018679383595784,0,50-60%
67615,0.6478162053426106,0,60-70%
67627,0.7218832654953002,0,70-80%
67337,0.6952809972763061,0,60-70%
67473,0.7554645223617553,0,70-80%
67517,0.7779582424163818,0,70-80%
67626,0.7257780117988586,0,70-80%
67796,0.6963094754219055,0,60-70%
67775,0.6964420957565307,0,60-70%
67247,0.7060490214029947,0,60-70%
67338,0.6260801795323689,0,50-60%
67636,0.6518359743754069,0,60-70%
67783,0.6677543166478475,0,60-70%
67818,0.6104321125348409,0,50-60%
67687,0.7448614521026611,0,70-80%
67730,0.5687129739125569,0,40-50%
67731,0.5589353683789571,0,40-50%
67543,0.5968173387845357,0,50-60%
67816,0.613072240670522,0,50-60%
67817,0.7473505420684814,0,70-80%
67843,0.6837184392611185,0,60-70%
67536,0.7491920871734619,0,70-80%
67545,0.7143458409309387,0,70-80%
67727,0.7662908120155334,0,70-80%
67752,0.6828120314280192,0,60-70%
67753,0.6744809710184733,0,60-70%
67370,0.6361431125005086,0,50-60%
67852,0.596177721341451,0,50-60%
67621,0.6737450046539306,0,60-70%
67696,0.6666101776758829,0,60-70%
67751,0.7242661995887756,0,70-80%
67813,0.6984956545829772,0,60-70%
67814,0.7131319923400878,0,70-80%
67839,0.7007395906448364,0,60-70%
67840,0.6588751041094462,0,60-70%
67841,0.6952436847686767,0,60-70%
67252,0.6851055585543314,0,60-70%
67348,0.6959665977160135,0,60-70%
67430,0.8322664184570312,0,80-90%
67500,0.7038674914042155,0,60-70%
67607,0.7153063101768493,0,70-80%
67667,0.6838089509010314,0,60-70%
67722,0.7195841951370239,0,70-80%
67778,0.6396812442143758,0,50-60%
67810,0.5917666200002034,0,50-60%
67344,0.7511906309127807,0,70-80%
67837,0.6130304578145345,0,50-60%
67838,0.7255436463356018,0,70-80%
67520,0.6750416123072306,0,60-70%
67718,0.796202926158905,0,80-90%
67719,0.7903295440673828,0,80-90%
67805,0.6573992335001627,0,60-70%
67806,0.6622279249827067,0,60-70%
67807,0.743816193262736,0,70-80%
67836,0.6885478181838989,0,60-70%
67774,0.6487410628000895,0,60-70%
67721,0.737360505580902,0,70-80%
67770,0.7609448118209838,0,70-80%
67771,0.6917588674227396,0,60-70%
67832,0.6431367638905843,0,60-70%
67552,0.5926921013196309,0,50-60%
67374,0.622671747525533,0,50-60%
67432,0.6861540638605753,0,60-70%
67249,0.7101368589401245,0,70-80%
67441,0.6062020304997762,0,50-60%
67303,0.7041900121370951,0,60-70%
67484,0.7735389156341552,0,70-80%
67539,0.6880780421892801,0,60-70%
67715,0.762098876953125,0,70-80%
67716,0.6369282844861348,0,50-60%
67742,0.6606959346135457,0,60-70%
67759,0.75346240234375,0,70-80%
67371,0.7238759679794311,0,70-80%
67503,0.7116104645729064,0,70-80%
67544,0.7164467854499816,0,70-80%
67555,0.6763173623085021,0,60-70%
67577,0.7282834930419921,0,70-80%
67584,0.7328656001091003,0,70-80%
67623,0.6626142822901407,0,60-70%
67671,0.6861254536310831,0,60-70%
67782,0.5944391134579976,0,50-60%
67571,0.6302613579432169,0,50-60%
67572,0.6151654365857442,0,50-60%
67743,0.645674046198527,0,60-70%
67744,0.6689363681475321,0,60-70%
67745,0.7130333466529846,0,70-80%
67803,0.7338130755424499,0,70-80%
67804,0.7376438064575195,0,70-80%
67833,0.6743614041010538,0,60-70%
67628,0.6135760191281636,0,50-60%
67674,0.6490599754651387,0,60-70%
67758,0.61540802748998,0,50-60%
67769,0.6726742350260416,0,60-70%
67828,0.6081627252896626,0,50-60%
67829,0.6115885022481282,0,50-60%
67830,0.7255641503334045,0,70-80%
67248,0.641001129468282,0,50-60%
67616,0.6225986444155375,0,50-60%
67831,0.6972681565284728,0,60-70%
67602,0.5561639033953348,0,40-50%
67848,0.5914087258974711,0,50-60%
67644,0.5540555957158406,0,40-50%
67849,0.6014722231229146,0,50-60%
67566,0.6841865423520406,0,60-70%
67373,0.6713088714281717,0,60-70%
67528,0.6937307082811991,0,60-70%
67756,0.7206445021629333,0,70-80%
67823,0.5981365683873494,0,50-60%
67808,0.6462103687922159,0,60-70%
67243,0.6273344400723775,0,50-60%
67535,0.730908839225769,0,70-80%
67776,0.6400583031972249,0,50-60%
67809,0.6849470101992289,0,60-70%
67324,0.7628730220794677,0,70-80%
67363,0.7045717798868815,0,60-70%
67747,0.7007586641311645,0,60-70%
67748,0.704761918703715,0,60-70%
67811,0.678392347017924,0,60-70%
67357,0.6982974373499552,0,60-70%
67359,0.6898807846705118,0,60-70%
67434,0.6286306622823079,0,50-60%
67469,0.6826645417213439,0,60-70%
67501,0.6374442540804545,0,50-60%
67502,0.7051329298019409,0,60-70%
67524,0.7443539185523986,0,70-80%
67595,0.6826645417213439,0,60-70%
67610,0.6524236483573913,0,60-70%
67681,0.6247976067860921,0,50-60%
67699,0.6573395414352416,0,60-70%
67724,0.6361431125005086,0,50-60%
67725,0.6505099498430887,0,60-70%
67726,0.7485863251686096,0,70-80%
67815,0.7006609403292338,0,60-70%
67335,0.6874735318819681,0,60-70%
67377,0.6189506295522054,0,50-60%
67116,0.6192071083386739,0,50-60%
67245,0.6234606149991353,0,50-60%
67259,0.6144725325902303,0,50-60%
67690,0.6923912727038065,0,60-70%
67705,0.7244606299400329,0,70-80%
67853,0.6038521173795064,0,50-60%
67117,0.612643683274587,0,50-60%
67118,0.5684941056569417,0,40-50%
67612,0.7156992239952087,0,70-80%
67613,0.6944147629737853,0,60-70%
68447,0.6039099656740824,0,50-60%
68423,0.5272879842122395,0,40-50%
68444,0.5663398785591125,0,40-50%
68475,0.5263429525693257,0,40-50%
70199,0.4268847349484762,0,20-30%
68334,0.6187627278963724,0,50-60%
70200,0.4663450065453847,0,30-40%
70201,0.4663450065453847,0,30-40%
70202,0.4663450065453847,0,30-40%
70203,0.4663450065453847,0,30-40%
70204,0.4663450065453847,0,30-40%
70205,0.4663450065453847,0,30-40%
70206,0.4663450065453847,0,30-40%
70207,0.4663450065453847,0,30-40%
70208,0.4663450065453847,0,30-40%
68113,0.4663450065453847,0,30-40%
67968,0.4663450065453847,0,30-40%
68013,0.4663450065453847,0,30-40%
68041,0.4663450065453847,0,30-40%
68189,0.4663450065453847,0,30-40%
68236,0.4663450065453847,0,30-40%
68293,0.4663450065453847,0,30-40%
70209,0.4663450065453847,0,30-40%
70210,0.4663450065453847,0,30-40%
68439,0.5023908578554789,0,30-40%
70211,0.4567564073403676,0,30-40%
68442,0.5291251503626505,0,40-50%
68356,0.4897582216262817,0,30-40%
68478,0.5645273291269938,0,40-50%
68357,0.492917770465215,0,30-40%
68436,0.6002815925280253,0,50-60%
70212,0.5140764676729838,0,40-50%
70213,0.413015985806783,0,20-30%
68491,0.6312008463541666,0,50-60%
70214,0.5064451936086019,0,40-50%
70215,0.5137719197273254,0,40-50%
68526,0.5465086065928141,0,40-50%
68527,0.617098955631256,0,50-60%
68534,0.440577888806661,0,30-40%
68414,0.4662234726746877,0,30-40%
68536,0.5177734735806783,0,40-50%
68438,0.5941533131599426,0,50-60%
70216,0.6957310719490051,0,60-70%
68531,0.4335962477525075,0,20-30%
68503,0.5338318589528401,0,40-50%
70217,0.5501483920415242,0,40-50%
70218,0.5733629746437072,0,50-60%
70219,0.5466428362528483,0,40-50%
70220,0.5345700942675272,0,40-50%
68499,0.5347874406178792,0,40-50%
68542,0.6394558234214782,0,50-60%
68446,0.4749396982987722,0,30-40%
68540,0.6119484546979268,0,50-60%
68336,0.5833829326629638,0,50-60%
68539,0.4965596738656362,0,30-40%
68474,0.5831234418551127,0,50-60%
68524,0.5544712785085042,0,40-50%
68473,0.4510730448563894,0,30-40%
68546,0.4972794019381205,0,30-40%
70222,0.4222103002866109,0,20-30%
68490,0.5147250854174296,0,40-50%
68547,0.4932173136075338,0,30-40%
70223,0.4225423001448313,0,20-30%
68441,0.5959759039878845,0,50-60%
68525,0.6037324630419413,0,50-60%
68544,0.6197701377868652,0,50-60%
68565,0.5438190344174703,0,40-50%
68560,0.6161764823595682,0,50-60%
70224,0.5894757472674051,0,50-60%
68559,0.6165957732200622,0,50-60%
68476,0.6665539426803588,0,60-70%
68493,0.5985295139948527,0,50-60%
70226,0.67362841796875,0,60-70%
68588,0.5711460076967875,0,40-50%
68593,0.4503648522694906,0,30-40%
70227,0.5589756015141805,0,40-50%
70228,0.5452010277112325,0,40-50%
68605,0.6060552560488383,0,50-60%
68550,0.592943903128306,0,50-60%
68541,0.5901923143068949,0,50-60%
70229,0.5476620438893636,0,40-50%
70230,0.4688076022466024,0,30-40%
70231,0.5312885009447733,0,40-50%
70232,0.5399078372319539,0,40-50%
70233,0.4416656139691671,0,30-40%
70234,0.5235845092137654,0,40-50%
70235,0.5273476484616597,0,40-50%
70236,0.5888615810076395,0,50-60%
70237,0.5311530474026998,0,40-50%
70238,0.4520038607915242,0,30-40%
70239,0.5617487672170003,0,40-50%
68551,0.550497945467631,0,40-50%
68604,0.5772416555086771,0,50-60%
68568,0.5404498222668965,0,40-50%
68589,0.4380567613442739,0,30-40%
70240,0.5473777615229288,0,40-50%
68607,0.4603677633603414,0,30-40%
68602,0.5614408496220906,0,40-50%
68610,0.6948704365094502,0,60-70%
68598,0.5599437001546224,0,40-50%
70241,0.5987307074864705,0,50-60%
68617,0.4852105918725332,0,30-40%
67935,0.6410231235822041,0,50-60%
67936,0.8034022731781005,0,80-90%
67937,0.7197235507965087,0,70-80%
67941,0.6273598912556966,0,50-60%
67943,0.7174631638526916,0,70-80%
67944,0.6763173623085021,0,60-70%
67945,0.7124734802246093,0,70-80%
67946,0.71459361743927,0,70-80%
67947,0.7015835924148559,0,60-70%
67953,0.7184373699824015,0,70-80%
68033,0.5836802366574605,0,50-60%
68038,0.7363037748336791,0,70-80%
68039,0.7424845976829528,0,70-80%
68040,0.6294090393384297,0,50-60%
68042,0.6992085857391357,0,60-70%
68043,0.720084397315979,0,70-80%
68044,0.6622971259752909,0,60-70%
68045,0.6209057811101277,0,50-60%
68046,0.6929979605674743,0,60-70%
68047,0.6934649033546447,0,60-70%
68065,0.7083564960161844,0,60-70%
68068,0.6968184076944987,0,60-70%
68070,0.704366771697998,0,60-70%
68098,0.6524141394297281,0,60-70%
68099,0.6394846084912618,0,50-60%
68049,0.5976439956029256,0,50-60%
68050,0.6537866873741149,0,60-70%
68051,0.7078447623252868,0,60-70%
68052,0.7436684651374816,0,70-80%
68053,0.7040378136634826,0,60-70%
68055,0.6366428378423055,0,50-60%
68056,0.6139663699467977,0,50-60%
68057,0.6232835892041524,0,50-60%
68058,0.7329958362579345,0,70-80%
68062,0.6453175508181254,0,60-70%
68615,0.549154635588328,0,40-50%
68552,0.6532917304039001,0,60-70%
68626,0.4741942826112111,0,30-40%
68632,0.5190496686299642,0,40-50%
68279,0.641902590115865,0,60-70%
68611,0.5326956493854522,0,40-50%
68287,0.4997230115731557,0,30-40%
68606,0.4652982297738393,0,30-40%
68608,0.3484341465632121,0,10-20%
68625,0.5202344301541646,0,40-50%
68645,0.5511930230458577,0,40-50%
70242,0.45781725080808,0,30-40%
68613,0.5114381554921468,0,40-50%
68647,0.4945179207324982,0,30-40%
68662,0.563829330921173,0,40-50%
68665,0.6932378374735514,0,60-70%
68648,0.5662989301681518,0,40-50%
68207,0.5363038423856099,0,40-50%
68668,0.5454700830777486,0,40-50%
70244,0.5460222605069478,0,40-50%
70245,0.4333249572118123,0,20-30%
68667,0.4885042253335317,0,30-40%
70246,0.4946409427324931,0,30-40%
68675,0.5334417465527852,0,40-50%
68639,0.6647450013160705,0,60-70%
68654,0.5450706127484639,0,40-50%
68637,0.5055480860869089,0,40-50%
68638,0.5835117065111796,0,50-60%
68679,0.3878157082398732,0,20-30%
68636,0.5627685430844624,0,40-50%
68620,0.5370646956761678,0,40-50%
68622,0.5370646956761678,0,40-50%
68624,0.4927779677708944,0,30-40%
68621,0.5370646956761678,0,40-50%
68687,0.3832141402562459,0,20-30%
70247,0.4976681136290232,0,30-40%
68701,0.52714457543691,0,40-50%
68704,0.5243377927144368,0,40-50%
70248,0.5701524856885274,0,40-50%
68528,0.4238306823571523,0,20-30%
68726,0.5280786994298299,0,40-50%
68723,0.4836965742905935,0,30-40%
68627,0.5919449570973714,0,50-60%
70249,0.6455360296567281,0,60-70%
70250,0.4654607736269633,0,30-40%
70251,0.5145195368131001,0,40-50%
70252,0.5629936102231343,0,40-50%
70253,0.5893724524180094,0,50-60%
68183,0.5530534946123759,0,40-50%
68184,0.5663939359982808,0,40-50%
68286,0.5109004023869832,0,40-50%
70256,0.4597999993165334,0,30-40%
70257,0.5449949148495992,0,40-50%
70258,0.5601876361370086,0,40-50%
70259,0.5535103920300801,0,40-50%
70260,0.6201454960505167,0,50-60%
70261,0.4933704975446065,0,30-40%
70262,0.5842297636667887,0,50-60%
70263,0.6006662491162618,0,50-60%
70264,0.636548753897349,0,50-60%
70265,0.5087247176170349,0,40-50%
70266,0.6172367575963338,0,50-60%
70267,0.5348789337476094,0,40-50%
70268,0.7009645663897196,0,60-70%
70269,0.5850510282516479,0,50-60%
70270,0.6615114771525065,0,60-70%
70271,0.554411614259084,0,40-50%
70272,0.3614227715333303,0,10-20%
70273,0.5466804467837015,0,40-50%
70274,0.5465401056607564,0,40-50%
70275,0.4564392251968384,0,30-40%
70276,0.554411614259084,0,40-50%
70277,0.5138827803929646,0,40-50%
70278,0.52862810921669,0,40-50%
70279,0.4484690669377645,0,30-40%
70280,0.5133420788447062,0,40-50%
70281,0.5845821463267008,0,50-60%
70282,0.5279202702840169,0,40-50%
70283,0.3599569741090139,0,10-20%
70284,0.7029316110610961,0,60-70%
70285,0.4869993868668874,0,30-40%
70286,0.6667644344965616,0,60-70%
70287,0.5508306864102681,0,40-50%
70288,0.5570851209958394,0,40-50%
70289,0.7029316110610961,0,60-70%
70290,0.5484360698064168,0,40-50%
70291,0.6330889108975728,0,50-60%
70292,0.5608507636388143,0,40-50%
70293,0.5470904353459676,0,40-50%
70294,0.6153142415682474,0,50-60%
70295,0.4996195100943247,0,30-40%
70296,0.6589860005378723,0,60-70%
70297,0.5550417545636495,0,40-50%
70298,0.5487599932352701,0,40-50%
70299,0.5394165161450704,0,40-50%
70300,0.6084030830065409,0,50-60%
68737,0.3457311335404714,0,10-20%
70301,0.529350841363271,0,40-50%
70303,0.5310597661336263,0,40-50%
70304,0.5471236669222513,0,40-50%
70305,0.4911375307242075,0,30-40%
70306,0.6138066294987996,0,50-60%
70307,0.570152843316396,0,40-50%
70308,0.5513518694241841,0,40-50%
70309,0.519400799592336,0,40-50%
70310,0.4964519682725271,0,30-40%
70311,0.6014354192415873,0,50-60%
70312,0.550417538801829,0,40-50%
70313,0.554411614259084,0,40-50%
70314,0.5813378337224324,0,50-60%
70316,0.5164128783543904,0,40-50%
70317,0.4641544166405996,0,30-40%
70318,0.542532587369283,0,40-50%
70319,0.5484360698064168,0,40-50%
70320,0.5483530405362447,0,40-50%
70321,0.6418309771219889,0,60-70%
70322,0.5119231584866841,0,40-50%
70323,0.5887576622962951,0,50-60%
70324,0.5241855028470357,0,40-50%
70325,0.5561429503758748,0,40-50%
70326,0.5452923738161722,0,40-50%
70327,0.5481364372571309,0,40-50%
70328,0.5619828346570332,0,40-50%
70329,0.5049506687323252,0,40-50%
70330,0.5408774259885152,0,40-50%
70331,0.5097282770474751,0,40-50%
70332,0.554411614259084,0,40-50%
70333,0.554411614259084,0,40-50%
70334,0.5158658865292867,0,40-50%
70335,0.6241120063463846,0,50-60%
70336,0.5456377509435018,0,40-50%
70337,0.5999529047012329,0,50-60%
70338,0.5635865572293599,0,40-50%
70339,0.5146519783337911,0,40-50%
70340,0.5921872499783833,0,50-60%
70341,0.3926748298803965,0,20-30%
70342,0.4453717413743337,0,30-40%
70343,0.5869266632397969,0,50-60%
70344,0.5513518694241841,0,40-50%
70345,0.5469278338750203,0,40-50%
70346,0.570361161549886,0,40-50%
70347,0.518724644502004,0,40-50%
70348,0.5657859725952148,0,40-50%
68761,0.5127012971242269,0,40-50%
68322,0.4912507179578145,0,30-40%
68706,0.5614369753201802,0,40-50%
68489,0.5786865317026774,0,50-60%
70349,0.4748571498394012,0,30-40%
70350,0.6346437020301818,0,50-60%
70351,0.5956662578582763,0,50-60%
70352,0.6652894897460937,0,60-70%
70353,0.4650776925881704,0,30-40%
70354,0.5735372268358866,0,50-60%
70355,0.4477449599107106,0,30-40%
70356,0.5911718570391337,0,50-60%
68760,0.4380534234841665,0,30-40%
70357,0.6498216075897216,0,60-70%
70358,0.5329140686194102,0,40-50%
68730,0.2720692697366079,0,0-10%
68431,0.6119489037195841,0,50-60%
68221,0.4816526714166005,0,30-40%
68364,0.3289886060555776,0,10-20%
70359,0.5097608211835225,0,40-50%
70360,0.4640078786214193,0,30-40%
68714,0.2596274259885152,0,0-10%
68790,0.5049299561182657,0,40-50%
68751,0.4542789998849233,0,30-40%
68725,0.481507653315862,0,30-40%
68743,0.5670539104143778,0,40-50%
70361,0.7750460786819457,0,70-80%
68722,0.4476361536184947,0,30-40%
70362,0.5437006337642669,0,40-50%
68211,0.4472668710549672,0,30-40%
68545,0.653873976389567,0,60-70%
68300,0.5017167571385701,0,30-40%
70363,0.533592518488566,0,40-50%
70364,0.4625326040585836,0,30-40%
70365,0.5554550253550211,0,40-50%
70366,0.543055379708608,0,40-50%
70367,0.627620367527008,0,50-60%
70368,0.567040320555369,0,40-50%
70369,0.5787951909701029,0,50-60%
70370,0.5492754542032877,0,40-50%
68258,0.4649645033677419,0,30-40%
68788,0.656526621500651,0,60-70%
70371,0.5574671867688497,0,40-50%
70372,0.5806315782864888,0,50-60%
68780,0.5544820073445638,0,40-50%
68806,0.5239709857304891,0,40-50%
70373,0.5152236464818318,0,40-50%
70374,0.7345188541412353,0,70-80%
70375,0.7400419993400573,0,70-80%
70376,0.6176428440411885,0,50-60%
70377,0.4884239080746969,0,30-40%
70378,0.4444507919947306,0,30-40%
68735,0.5098254922231038,0,40-50%
68810,0.6003074609438578,0,50-60%
68354,0.5292392952442169,0,40-50%
70379,0.4968233052094777,0,30-40%
68228,0.5873708966573079,0,50-60%
70380,0.5508352759679158,0,40-50%
70381,0.510384047349294,0,40-50%
70382,0.6786868257522582,0,60-70%
68326,0.437671268304189,0,30-40%
68479,0.5741672797203063,0,50-60%
70383,0.4882217032909393,0,30-40%
70384,0.5538070761362711,0,40-50%
70385,0.6131134910583496,0,50-60%
70386,0.5424550417264302,0,40-50%
70387,0.5736911260286967,0,50-60%
68458,0.6081370396614074,0,50-60%
70388,0.5583347959518432,0,40-50%
70389,0.5396657271385192,0,40-50%
70390,0.6932475252151489,0,60-70%
70391,0.5297066214879353,0,40-50%
70392,0.5157639943758646,0,40-50%
70393,0.652613485177358,0,60-70%
70394,0.564824756304423,0,40-50%
70395,0.6621414386431376,0,60-70%
70396,0.541377687772115,0,40-50%
68204,0.5472826325098673,0,40-50%
70397,0.5642169995307922,0,40-50%
68324,0.6090879403750101,0,50-60%
70398,0.7475745959281921,0,70-80%
70399,0.6056362353960673,0,50-60%
70400,0.4885231200059255,0,30-40%
70401,0.5266285204092661,0,40-50%
70402,0.5053051951726277,0,40-50%
70403,0.6369922124544779,0,50-60%
68208,0.6031566225687662,0,50-60%
70404,0.4618379735151927,0,30-40%
70405,0.5406609737078348,0,40-50%
70406,0.6456681453386942,0,60-70%
70407,0.4189455750783284,0,20-30%
68217,0.5440306905110677,0,40-50%
70408,0.5342809799512227,0,40-50%
70409,0.4808991494973501,0,30-40%
70410,0.5094270391464233,0,40-50%
70411,0.4212624692122141,0,20-30%
70412,0.5346059782505035,0,40-50%
68220,0.6175343953768412,0,50-60%
68271,0.5336773637135823,0,40-50%
70413,0.600533243338267,0,50-60%
70414,0.5946837944984436,0,50-60%
70415,0.571700211683909,0,40-50%
68206,0.411578888018926,0,20-30%
70416,0.6343696080843607,0,50-60%
70418,0.6089061779975891,0,50-60%
70419,0.5646614395777384,0,40-50%
70420,0.6546519640286763,0,60-70%
70421,0.563025800704956,0,40-50%
70422,0.7465683503150939,0,70-80%
70423,0.3069945517381032,0,10-20%
70424,0.5070289058685302,0,40-50%
70425,0.5903765522638956,0,50-60%
70426,0.4992660247484843,0,30-40%
70427,0.4532854520479838,0,30-40%
70428,0.4982510172526042,0,30-40%
70429,0.5303262733618418,0,40-50%
70430,0.5033456944624582,0,30-40%
70431,0.4049948397477468,0,20-30%
70432,0.4428409877618154,0,30-40%
70433,0.609235255241394,0,50-60%
68330,0.5377518180211385,0,40-50%
70434,0.5416692458788553,0,40-50%
70435,0.5643764379819234,0,40-50%
70436,0.5704151077270507,0,40-50%
70437,0.5260389688809712,0,40-50%
70438,0.6003845297495524,0,50-60%
70439,0.5939386728604634,0,50-60%
70440,0.6001164598464965,0,50-60%
70441,0.5967115723292032,0,50-60%
70442,0.4934544208844503,0,30-40%
70443,0.534362101872762,0,40-50%
70444,0.5283338073094686,0,40-50%
70445,0.6395626945495605,0,50-60%
70446,0.7392545623779296,0,70-80%
70447,0.4817383232911428,0,30-40%
70448,0.4850630405743917,0,30-40%
70449,0.5905684474309285,0,50-60%
70450,0.5499751809438069,0,40-50%
70451,0.5949931704203287,0,50-60%
70452,0.6006447954177856,0,50-60%
70453,0.4814229253133138,0,30-40%
68253,0.5194596293767293,0,40-50%
68270,0.4126553816795349,0,20-30%
70456,0.6065811200141906,0,50-60%
70457,0.5269818587303161,0,40-50%
68246,0.5007838252385457,0,30-40%
70458,0.6037531736691792,0,50-60%
70459,0.6362440231641133,0,50-60%
70460,0.660292502562205,0,60-70%
70461,0.5190791153113047,0,40-50%
70462,0.56240802637736,0,40-50%
68288,0.4187929275830587,0,20-30%
70463,0.5959783438046773,0,50-60%
70464,0.5348930004437764,0,40-50%
70465,0.4890228175322215,0,30-40%
68448,0.5869214816093444,0,50-60%
70466,0.5963668190638224,0,50-60%
70467,0.3279802146752675,0,10-20%
70468,0.6229666156768798,0,50-60%
70469,0.5441665294965108,0,40-50%
70470,0.5279884579976399,0,40-50%
70471,0.5552070978482564,0,40-50%
70472,0.4865931831995646,0,30-40%
70473,0.6252947691281636,0,50-60%
70474,0.4912784639199575,0,30-40%
70475,0.4943707528909047,0,30-40%
68257,0.3102060817877451,0,10-20%
70476,0.5956486744880676,0,50-60%
70477,0.6401008013089498,0,50-60%
70478,0.6092946492830912,0,50-60%
70479,0.528875315507253,0,40-50%
70480,0.52064564259847,0,40-50%
70481,0.5386822465260823,0,40-50%
70482,0.528875315507253,0,40-50%
70483,0.369968825896581,0,20-30%
70484,0.6395608150164286,0,50-60%
70485,0.5220295750300089,0,40-50%
70486,0.4839136544068654,0,30-40%
70487,0.4919654094378153,0,30-40%
70488,0.5550846420923868,0,40-50%
70489,0.512848282178243,0,40-50%
70490,0.6107048355738321,0,50-60%
70491,0.4902071896394094,0,30-40%
70492,0.5297919753392537,0,40-50%
70493,0.6048813425699869,0,50-60%
70494,0.5752423647244771,0,50-60%
70495,0.5514033678372701,0,40-50%
70496,0.5807156208356221,0,50-60%
70498,0.5457402749061584,0,40-50%
70499,0.5296414736111958,0,40-50%
70500,0.5629642847379048,0,40-50%
70501,0.5513518694241841,0,40-50%
70502,0.5455542448361714,0,40-50%
70503,0.615807676633199,0,50-60%
70504,0.5125031712849935,0,40-50%
70505,0.5463640335400899,0,40-50%
70506,0.6089752875963846,0,50-60%
70507,0.5036801341374715,0,30-40%
70508,0.5700145009358724,0,40-50%
70509,0.5324802958170572,0,40-50%
70510,0.5778920017878214,0,50-60%
70511,0.5708955171902974,0,40-50%
70512,0.642457481543223,0,60-70%
70513,0.5311403536001841,0,40-50%
70514,0.5269003175894419,0,40-50%
70515,0.6269249283472696,0,50-60%
70516,0.3366728964646657,0,10-20%
70517,0.5716969652175903,0,40-50%
70518,0.6143217368125915,0,50-60%
70519,0.5730444752375284,0,50-60%
70520,0.6654172185262044,0,60-70%
70521,0.6185067855517069,0,50-60%
70522,0.5604823473294576,0,40-50%
70523,0.5291020515759786,0,40-50%
70524,0.6177379452387491,0,50-60%
70525,0.5422033313115437,0,40-50%
70526,0.5106945875485738,0,40-50%
70527,0.5396454575856526,0,40-50%
70528,0.6477059089342753,0,60-70%
70529,0.6269926392237345,0,50-60%
70530,0.5242956522305806,0,40-50%
70531,0.5377568248112996,0,40-50%
70532,0.5501846038500467,0,40-50%
70533,0.5291020515759786,0,40-50%
70534,0.4774028920332591,0,30-40%
70535,0.5214858296712239,0,40-50%
70536,0.5384596231778462,0,40-50%
70537,0.5495290997823079,0,40-50%
70538,0.5038100126584371,0,30-40%
70539,0.54777019850413,0,40-50%
70540,0.5251504424413045,0,40-50%
68543,0.4564538859526316,0,30-40%
70541,0.6741299314498901,0,60-70%
70542,0.4722183588345846,0,30-40%
70543,0.5177266243298848,0,40-50%
70544,0.380663508494695,0,20-30%
70545,0.6336654109954833,0,50-60%
70546,0.6511383616129557,0,60-70%
70547,0.6442683024406433,0,60-70%
70548,0.5700032078425089,0,40-50%
70549,0.5905938707987467,0,50-60%
70550,0.6519680304527282,0,60-70%
70551,0.5219146254857381,0,40-50%
70552,0.469414079507192,0,30-40%
70553,0.5825896226565043,0,50-60%
70554,0.488335486570994,0,30-40%
70555,0.5021049025853475,0,30-40%
70556,0.4890393558343252,0,30-40%
68715,0.3626352194150289,0,10-20%
70557,0.4712769928773244,0,30-40%
68785,0.6785173379580179,0,60-70%
70558,0.6220097187360127,0,50-60%
70559,0.5436632874806722,0,40-50%
70560,0.6464960538546244,0,60-70%
70561,0.6098977290789286,0,50-60%
70562,0.6039324644406636,0,50-60%
68669,0.5426633599599202,0,40-50%
70563,0.554411614259084,0,40-50%
70564,0.572563731988271,0,40-50%
68601,0.5494792106946309,0,40-50%
70565,0.4569638632933299,0,30-40%
68600,0.4744290076891581,0,30-40%
70566,0.574168440024058,0,50-60%
70567,0.575130399386088,0,50-60%
70570,0.4537522140343984,0,30-40%
70571,0.5372754298845926,0,40-50%
70572,0.5616094433466593,0,40-50%
70573,0.5679250044822692,0,40-50%
70574,0.5509200933774312,0,40-50%
70575,0.591993089834849,0,50-60%
70576,0.6078029556274414,0,50-60%
70577,0.5572005155881246,0,40-50%
70578,0.509269233862559,0,40-50%
70579,0.55421471230189,0,40-50%
70580,0.5584757887522379,0,40-50%
70581,0.4499448481400808,0,30-40%
68564,0.6542611085573832,0,60-70%
68415,0.5609816892147064,0,40-50%
70582,0.4094459060033162,0,20-30%
68805,0.6749062223434448,0,60-70%
70583,0.4901794734795888,0,30-40%
68502,0.5847603642145792,0,50-60%
70584,0.69245907497406,0,60-70%
70585,0.5061112883885701,0,40-50%
70586,0.4158938172658284,0,20-30%
70587,0.5914532187779744,0,50-60%
70588,0.4089707973798116,0,20-30%
70589,0.5997613631884257,0,50-60%
70590,0.7733702344894409,0,70-80%
70591,0.5717825853029886,0,40-50%
70592,0.5683762672742207,0,40-50%
70593,0.5152459386189778,0,40-50%
70594,0.5059501194159189,0,40-50%
70595,0.6421690864562988,0,60-70%
70596,0.5462131781578063,0,40-50%
70597,0.5576216820081075,0,40-50%
70598,0.4997597280343374,0,30-40%
70599,0.5361469629605611,0,40-50%
70600,0.6065174026489257,0,50-60%
70601,0.4281076136430105,0,20-30%
70602,0.5168152097066243,0,40-50%
68477,0.5512034876346588,0,40-50%
68523,0.4893938266436259,0,30-40%
68529,0.5741244796117146,0,50-60%
68532,0.6248351298967997,0,50-60%
68530,0.615708438873291,0,50-60%
68533,0.5042619946797688,0,30-40%
68548,0.5751564744313558,0,50-60%
68556,0.5771614554723103,0,50-60%
68594,0.4992956462701162,0,30-40%
68595,0.8037740869522094,0,80-90%
68612,0.5641450845400492,0,40-50%
68644,0.6621398293177286,0,60-70%
70603,0.5708837472597758,0,40-50%
70604,0.5495810472170511,0,40-50%
70605,0.5916767083803812,0,50-60%
70606,0.5669407827854156,0,40-50%
70607,0.5908943696022033,0,50-60%
70608,0.5218257291316986,0,40-50%
70609,0.513099038918813,0,40-50%
70610,0.5143954717318217,0,40-50%
70611,0.3631935659249624,0,10-20%
70612,0.6022379361788431,0,50-60%
70613,0.5180936121145884,0,40-50%
70614,0.4907064977486928,0,30-40%
70615,0.4936774038473765,0,30-40%
70616,0.5894454363187154,0,50-60%
70617,0.5024728420575459,0,30-40%
70618,0.6752394123077392,0,60-70%
70619,0.5342256390253702,0,40-50%
70620,0.4714045488039652,0,30-40%
70621,0.4806602540810903,0,30-40%
68657,0.478312339703242,0,30-40%
68658,0.5262506567637125,0,40-50%
70622,0.5337665322621663,0,40-50%
70623,0.5939604007403055,0,50-60%
70624,0.5962529741923014,0,50-60%
70625,0.660712031841278,0,60-70%
70626,0.5686213615735372,0,40-50%
70627,0.6580910964012145,0,60-70%
70628,0.4945808890660604,0,30-40%
70629,0.562383350054423,0,40-50%
70630,0.5420920832157134,0,40-50%
70631,0.5460895263353983,0,40-50%
70632,0.2926558219591776,0,0-10%
70633,0.496580952723821,0,30-40%
70634,0.5820542855262756,0,50-60%
70635,0.5324408991336822,0,40-50%
70636,0.5068341139157613,0,40-50%
70637,0.5551445129712422,0,40-50%
70638,0.6081641875902811,0,50-60%
70639,0.5214504245122273,0,40-50%
70640,0.6507812701861063,0,60-70%
70641,0.6262936873435974,0,50-60%
70642,0.5895482543309529,0,50-60%
70643,0.5643520318667093,0,40-50%
70644,0.5294535997708638,0,40-50%
70645,0.5785511695543925,0,50-60%
70646,0.583185462474823,0,50-60%
70647,0.6022379361788431,0,50-60%
70648,0.5911465250651041,0,50-60%
70649,0.59987300268809,0,50-60%
70650,0.5161069296995798,0,40-50%
70651,0.5129148327509562,0,40-50%
70652,0.5012052300771077,0,30-40%
70653,0.3734838310082753,0,20-30%
70654,0.5975478572845458,0,50-60%
70655,0.4082274082501729,0,20-30%
70656,0.3905475977261861,0,20-30%
70657,0.4257831219037374,0,20-30%
70658,0.688407151222229,0,60-70%
70659,0.7666644735336303,0,70-80%
70660,0.4504133108456929,0,30-40%
70661,0.2585698905785878,0,0-10%
70662,0.5774378422101338,0,50-60%
70663,0.5868848525683085,0,50-60%
70664,0.5025571826299031,0,30-40%
70665,0.5538710001309712,0,40-50%
70666,0.6325528585116068,0,50-60%
70667,0.6515038294792175,0,60-70%
70668,0.609553691069285,0,50-60%
68472,0.5451880935033162,0,40-50%
68631,0.5190496686299642,0,40-50%
68695,0.56426056655248,0,40-50%
70669,0.5003771427472432,0,30-40%
70670,0.509089315255483,0,40-50%
70671,0.524704480489095,0,40-50%
70672,0.4800512138207753,0,30-40%
70673,0.4509071949323018,0,30-40%
68696,0.6021129134496053,0,50-60%
70675,0.557459676583608,0,40-50%
70676,0.4562947415510813,0,30-40%
70677,0.4598174336751302,0,30-40%
70678,0.627726523399353,0,50-60%
70679,0.5464108827908833,0,40-50%
70680,0.520275974591573,0,40-50%
70681,0.4748479965527852,0,30-40%
70682,0.5425325277646382,0,40-50%
70683,0.6272971315383911,0,50-60%
70684,0.6221445444424947,0,50-60%
70685,0.456252628882726,0,30-40%
70686,0.4448489192326864,0,30-40%
70687,0.5712310039202372,0,40-50%
70688,0.5049058440526326,0,40-50%
70689,0.554411614259084,0,40-50%
70690,0.6695269627571105,0,60-70%
70691,0.5949071609179178,0,50-60%
70692,0.6898938698768615,0,60-70%
70693,0.5248703602155049,0,40-50%
70694,0.5587083938916524,0,40-50%
70695,0.5762116276423136,0,50-60%
70696,0.6345594806671142,0,50-60%
70697,0.5591422282854716,0,40-50%
70698,0.5258729421297709,0,40-50%
70699,0.6210926138559977,0,50-60%
70700,0.5447002612749735,0,40-50%
70701,0.5437362753550211,0,40-50%
70702,0.4263583067258199,0,20-30%
70703,0.5991029106775919,0,50-60%
70704,0.492613131125768,0,30-40%
70705,0.5533667170206705,0,40-50%
70706,0.477885359843572,0,30-40%
70707,0.5128173195521036,0,40-50%
70708,0.6299488825798034,0,50-60%
70709,0.6047949476242065,0,50-60%
70710,0.5298642479578654,0,40-50%
70711,0.5928454362551371,0,50-60%
70712,0.5253888014157613,0,40-50%
70713,0.649992402712504,0,60-70%
70714,0.6377878748575846,0,50-60%
70715,0.5087781213919321,0,40-50%
70716,0.5657855513890584,0,40-50%
70717,0.6695629917780558,0,60-70%
70719,0.4362704995473226,0,30-40%
70720,0.5454279425938924,0,40-50%
70721,0.4955934527715047,0,30-40%
68599,0.4363228622277578,0,30-40%
70722,0.4066241029103597,0,20-30%
70723,0.5215353929201761,0,40-50%
70725,0.5617117527325948,0,40-50%
70726,0.4951468371550242,0,30-40%
70727,0.543538356145223,0,40-50%
70728,0.5350451432863871,0,40-50%
70729,0.5821776671409606,0,50-60%
70730,0.5624705516497294,0,40-50%
70731,0.5149142983754476,0,40-50%
70732,0.5736848993301391,0,50-60%
70733,0.5801225864092509,0,50-60%
70734,0.589681172688802,0,50-60%
70735,0.4157819989522298,0,20-30%
70736,0.5661269389788309,0,40-50%
70737,0.6526893062591552,0,60-70%
70738,0.5896942896842956,0,50-60%
70739,0.578181084314982,0,50-60%
70740,0.5594892465273539,0,40-50%
70742,0.5216405951182047,0,40-50%
70743,0.6220320426623026,0,50-60%
70744,0.4100388530095418,0,20-30%
70745,0.5792211257616678,0,50-60%
68428,0.5618761165142059,0,40-50%
70746,0.4737091008027395,0,30-40%
68650,0.5886179490089416,0,50-60%
70747,0.4310035053094228,0,20-30%
70748,0.5876040104230245,0,50-60%
70749,0.508030736764272,0,40-50%
70750,0.5458950045903523,0,40-50%
70751,0.6328682584762573,0,50-60%
70752,0.6069635116259257,0,50-60%
70753,0.5487616025606791,0,40-50%
70754,0.6215734763145446,0,50-60%
70756,0.5466430746714274,0,40-50%
70757,0.4929691496690114,0,30-40%
70758,0.4612232688268026,0,30-40%
70759,0.4798884037335714,0,30-40%
70760,0.554411614259084,0,40-50%
70761,0.5546763184865315,0,40-50%
70762,0.6157538854281107,0,50-60%
70763,0.5613723042805989,0,40-50%
70764,0.4753834846814473,0,30-40%
70765,0.4053648057778676,0,20-30%
70766,0.5901672803560892,0,50-60%
70767,0.578159062385559,0,50-60%
68504,0.5804254693984985,0,50-60%
70768,0.5317551159063975,0,40-50%
70769,0.5854533278147379,0,50-60%
70770,0.5888852758407592,0,50-60%
70771,0.591078365166982,0,50-60%
70772,0.4974643233617147,0,30-40%
70773,0.5579887870152791,0,40-50%
70774,0.5217823627789815,0,40-50%
70775,0.5817860606511434,0,50-60%
70777,0.6339580101966857,0,50-60%
70778,0.6785328669548034,0,60-70%
68652,0.6016726775169372,0,50-60%
70779,0.5290906670888265,0,40-50%
68753,0.6282517277399698,0,50-60%
70780,0.7329206708272298,0,70-80%
70781,0.5823497417767842,0,50-60%
70782,0.5487637205123901,0,40-50%
70783,0.4885725938479106,0,30-40%
70784,0.477508926709493,0,30-40%
70785,0.5735372268358866,0,50-60%
70786,0.4429632964928945,0,30-40%
70787,0.4764606002171834,0,30-40%
70788,0.5792429728507995,0,50-60%
70789,0.4477353933652242,0,30-40%
70790,0.4504030608336131,0,30-40%
70791,0.4482219162782033,0,30-40%
70792,0.6368940157890319,0,50-60%
70793,0.5654393080075582,0,40-50%
70794,0.5446147564252217,0,40-50%
70795,0.5678559783299764,0,40-50%
70796,0.5829792900085449,0,50-60%
70797,0.6430390758514404,0,60-70%
70798,0.4945793095429738,0,30-40%
70799,0.5532453897794087,0,40-50%
70800,0.5273552798430124,0,40-50%
70801,0.6377827806472778,0,50-60%
70802,0.5313128474553426,0,40-50%
70803,0.592482177734375,0,50-60%
70804,0.5666408780415852,0,40-50%
70805,0.5243084076245625,0,40-50%
70806,0.4874227904478709,0,30-40%
70807,0.5897815469106038,0,50-60%
70808,0.662177948474884,0,60-70%
70809,0.5351788365046183,0,40-50%
70810,0.5401278697649637,0,40-50%
70811,0.5451802256902059,0,40-50%
70812,0.4597172978719075,0,30-40%
70813,0.5400734527111053,0,40-50%
70814,0.5916154348055521,0,50-60%
70815,0.5607211553255717,0,40-50%
70816,0.4707053267161051,0,30-40%
70817,0.6221398078600565,0,50-60%
70818,0.4826886597474416,0,30-40%
70819,0.5851356350580851,0,50-60%
70820,0.5510632081031799,0,40-50%
70821,0.4918962958653768,0,30-40%
70822,0.5023129227956136,0,30-40%
70823,0.5133364442189534,0,40-50%
70824,0.5723003390630086,0,40-50%
70826,0.5268959644635518,0,40-50%
70827,0.6343581361770629,0,50-60%
70828,0.5431478861172994,0,40-50%
70829,0.5110585076808929,0,40-50%
70830,0.6502529346148173,0,60-70%
70831,0.5886704010963439,0,50-60%
70832,0.4393122735818227,0,30-40%
70833,0.5435401442845662,0,40-50%
70834,0.6489918513298034,0,60-70%
70835,0.5500238183339436,0,40-50%
70836,0.5061781071821848,0,40-50%
70837,0.6230538172721862,0,50-60%
70838,0.4797405246098836,0,30-40%
70839,0.5728879256248474,0,40-50%
70840,0.5526049974759419,0,40-50%
70841,0.4552836679617564,0,30-40%
70842,0.5661125424702962,0,40-50%
70843,0.4276474955876668,0,20-30%
70844,0.4999838116963704,0,30-40%
70845,0.5775899850527445,0,50-60%
70846,0.4759756588141123,0,30-40%
70847,0.6035835428237915,0,50-60%
70848,0.5429400784969329,0,40-50%
70849,0.4080785496234894,0,20-30%
70850,0.504445310751597,0,40-50%
70851,0.5007455014387766,0,30-40%
70852,0.6494594497680664,0,60-70%
70853,0.5003569109439849,0,30-40%
70854,0.6058188044230143,0,50-60%
70855,0.5230412446657816,0,40-50%
70856,0.5751981420516967,0,50-60%
70857,0.5530055128733317,0,40-50%
70858,0.5327571872075398,0,40-50%
70859,0.4556523207028707,0,30-40%
70860,0.5115167779922485,0,40-50%
70861,0.6139387173652648,0,50-60%
70862,0.6524510029157002,0,60-70%
70863,0.3903029802640279,0,20-30%
70864,0.5555175506273905,0,40-50%
70865,0.5681852979660034,0,40-50%
70866,0.6631395780245463,0,60-70%
70867,0.4533210042317708,0,30-40%
70869,0.4965965989430745,0,30-40%
70870,0.5380443576176961,0,40-50%
70871,0.5059903505643208,0,40-50%
70872,0.5194391849835713,0,40-50%
70873,0.5716397407849629,0,40-50%
70874,0.4103239122231801,0,20-30%
70875,0.5242423656781514,0,40-50%
70876,0.5602902733484904,0,40-50%
70877,0.5905891898473103,0,50-60%
70878,0.6227529926300048,0,50-60%
70879,0.6572343392372131,0,60-70%
70880,0.570968326250712,0,40-50%
70881,0.475653195699056,0,30-40%
70882,0.6355675144195556,0,50-60%
70883,0.5735372268358866,0,50-60%
70884,0.5555175506273905,0,40-50%
70885,0.5279382708867391,0,40-50%
70886,0.6082611365318298,0,50-60%
70887,0.6566200537681579,0,60-70%
70888,0.4902485552628835,0,30-40%
70889,0.4824874940713247,0,30-40%
70890,0.5394154432614644,0,40-50%
70891,0.5257581117947896,0,40-50%
70892,0.5144875887235005,0,40-50%
70893,0.6102679931322733,0,50-60%
70894,0.4807127379576365,0,30-40%
70895,0.4505711439450582,0,30-40%
70896,0.5549476388295491,0,40-50%
70897,0.6182366890907287,0,50-60%
70898,0.5483883602619171,0,40-50%
70899,0.5413155797322591,0,40-50%
70900,0.4478919787406921,0,30-40%
70901,0.6102483832041422,0,50-60%
70902,0.5653851869901021,0,40-50%
70903,0.5070321205457051,0,40-50%
70904,0.3468040171464284,0,10-20%
70905,0.5561204535961151,0,40-50%
70906,0.5532740039825439,0,40-50%
70907,0.5470727665424346,0,40-50%
70908,0.4957251492341359,0,30-40%
70909,0.4586215856870015,0,30-40%
70910,0.584070738474528,0,50-60%
70911,0.5440305713017781,0,40-50%
70912,0.5882714354197184,0,50-60%
70913,0.4557361248334249,0,30-40%
70914,0.5803767127990722,0,50-60%
70915,0.5905519687334696,0,50-60%
70916,0.6723867936134338,0,60-70%
70917,0.558549789905548,0,40-50%
70918,0.5811166448593139,0,50-60%
70919,0.5306813680330912,0,40-50%
70920,0.5564796291987101,0,40-50%
70921,0.6638676209449768,0,60-70%
70922,0.6396145505905151,0,50-60%
70923,0.6548320336341857,0,60-70%
70924,0.434129381497701,0,20-30%
70925,0.6368716640472412,0,50-60%
70926,0.6604423208236694,0,60-70%
70927,0.6409684104919433,0,50-60%
70928,0.5524291955629984,0,40-50%
70929,0.5191989186604817,0,40-50%
70930,0.5046029054323832,0,40-50%
70931,0.5363551957607269,0,40-50%
70932,0.4760694447358449,0,30-40%
70933,0.4927827977339427,0,30-40%
70934,0.518154351234436,0,40-50%
70935,0.6355449520746866,0,50-60%
70936,0.4994521104494731,0,30-40%
70937,0.5555175506273905,0,40-50%
70938,0.5493469797770182,0,40-50%
70939,0.5661053342819213,0,40-50%
70940,0.5300235393842061,0,40-50%
70941,0.5833860917091369,0,50-60%
70942,0.6313296837806701,0,50-60%
70943,0.5853775385220845,0,50-60%
70944,0.564137039899826,0,40-50%
70945,0.5382053219477335,0,40-50%
70946,0.590614764213562,0,50-60%
70947,0.5700739307403564,0,40-50%
70948,0.5670792702039082,0,40-50%
70949,0.5054930690129598,0,40-50%
70950,0.5294114910761515,0,40-50%
70951,0.6100182218551635,0,50-60%
70952,0.5510283354123433,0,40-50%
70953,0.6506203098297119,0,60-70%
70954,0.4936808907190959,0,30-40%
70955,0.5650443398157755,0,40-50%
70956,0.510735118707021,0,40-50%
70957,0.4766973220507304,0,30-40%
70958,0.4070519450505575,0,20-30%
70959,0.5872576796213785,0,50-60%
70960,0.5487616025606791,0,40-50%
70961,0.6114519797960917,0,50-60%
70962,0.5616514924367269,0,40-50%
70963,0.6265958232879638,0,50-60%
70964,0.489905828555425,0,30-40%
70965,0.47570254834493,0,30-40%
70966,0.623138277053833,0,50-60%
70967,0.5107436441580454,0,40-50%
70968,0.6475475711822509,0,60-70%
70969,0.4497602545420329,0,30-40%
70970,0.5887242240905761,0,50-60%
70971,0.6247926635742187,0,50-60%
70972,0.5779893957773844,0,50-60%
70973,0.5416548811594645,0,40-50%
70974,0.6239772124290466,0,50-60%
70975,0.6652894897460937,0,60-70%
70976,0.6970451755523681,0,60-70%
70977,0.4930967334111532,0,30-40%
70978,0.4717453363736471,0,30-40%
70979,0.5734092874526977,0,50-60%
70980,0.5584217869440714,0,40-50%
70981,0.520716903924942,0,40-50%
70982,0.3838011566003164,0,20-30%
70983,0.5991671923001607,0,50-60%
70984,0.5646146499315897,0,40-50%
70985,0.4683057907422384,0,30-40%
70986,0.4771028402646383,0,30-40%
70987,0.6554167551994323,0,60-70%
70988,0.5057605150540669,0,40-50%
70989,0.5686652941703796,0,40-50%
70990,0.5524866544405619,0,40-50%
70991,0.4858224633534749,0,30-40%
70992,0.6235640926361083,0,50-60%
70993,0.6504944248199462,0,60-70%
70994,0.5555523001352946,0,40-50%
70995,0.5159654580752054,0,40-50%
70996,0.4405015650590261,0,30-40%
70997,0.5522088093757629,0,40-50%
70998,0.5886158032417297,0,50-60%
70999,0.5604914072354634,0,40-50%
71000,0.468919154326121,0,30-40%
71001,0.5440016034444173,0,40-50%
71002,0.548632649898529,0,40-50%
71003,0.4810912572542826,0,30-40%
71004,0.5030820611317952,0,30-40%
71005,0.5713982545534769,0,40-50%
71006,0.5953477306365966,0,50-60%
71007,0.401345398346583,0,20-30%
71008,0.5394720080693562,0,40-50%
71009,0.4889787379105886,0,30-40%
71010,0.37794544728597,0,20-30%
71011,0.4157563709417979,0,20-30%
71012,0.5517145358721415,0,40-50%
71013,0.5157889369328816,0,40-50%
71014,0.5522472225824991,0,40-50%
71015,0.6262390298843383,0,50-60%
71016,0.5595231615702311,0,40-50%
71017,0.6029626690546671,0,50-60%
71018,0.4615899864037832,0,30-40%
71019,0.5593771897951761,0,40-50%
71020,0.5049042347272237,0,40-50%
71021,0.6022132320404052,0,50-60%
71022,0.5379352215131123,0,40-50%
71023,0.6358517371813456,0,50-60%
71024,0.4700108710130056,0,30-40%
71025,0.4899608436425527,0,30-40%
71026,0.5544114950497945,0,40-50%
71027,0.7079777402877807,0,60-70%
71028,0.5544114950497945,0,40-50%
71029,0.522926771958669,0,40-50%
71030,0.5544114950497945,0,40-50%
71031,0.558109549999237,0,40-50%
71032,0.5164222958882649,0,40-50%
71033,0.5335188153584798,0,40-50%
71034,0.5350384357770284,0,40-50%
71035,0.5090655330022176,0,40-50%
71036,0.6160648428599039,0,50-60%
71038,0.6107697132428487,0,50-60%
68494,0.554411614259084,0,40-50%
68558,0.4697800818284353,0,30-40%
71039,0.6050633155504862,0,50-60%
71040,0.5296237710316976,0,40-50%
71041,0.565641041914622,0,40-50%
71042,0.7056793851852416,0,60-70%
71043,0.6576321684519449,0,60-70%
71044,0.6031472328503926,0,50-60%
71045,0.5484836064974467,0,40-50%
71046,0.5409206393559773,0,40-50%
71047,0.496043052593867,0,30-40%
71048,0.5067643168767293,0,40-50%
71049,0.5840907656351725,0,50-60%
71050,0.584070738474528,0,50-60%
71051,0.4879826250871023,0,30-40%
71052,0.574481034596761,0,50-60%
71053,0.554411614259084,0,40-50%
71054,0.6311722083091735,0,50-60%
71055,0.5865244828859965,0,50-60%
71056,0.5894727988243103,0,50-60%
71057,0.5432330611546834,0,40-50%
71058,0.5563181324005126,0,40-50%
71059,0.5514298322995503,0,40-50%
71060,0.6847865862846374,0,60-70%
71061,0.7057926936149597,0,60-70%
71062,0.5271827224095662,0,40-50%
68344,0.6782395803133646,0,60-70%
68193,0.7530345005989074,0,70-80%
68351,0.7520048899650573,0,70-80%
68348,0.7065848989486694,0,60-70%
68304,0.5884118321736653,0,50-60%
68198,0.7389367504119873,0,70-80%
68303,0.671051915804545,0,60-70%
68319,0.6455587986310323,0,60-70%
68282,0.7280590815544128,0,70-80%
68346,0.6535685621897379,0,60-70%
68306,0.6720321141878763,0,60-70%
68302,0.6252397540410359,0,50-60%
68342,0.7262465043067932,0,70-80%
68191,0.7090516967773437,0,60-70%
68318,0.7333525104522705,0,70-80%
68283,0.6036343816121419,0,50-60%
68305,0.7081482095718383,0,60-70%
68310,0.6035800817807515,0,50-60%
68201,0.6729693694114685,0,60-70%
68192,0.6934649033546447,0,60-70%
68343,0.7262465043067932,0,70-80%
68347,0.6885174476305643,0,60-70%
68190,0.7177482528686523,0,70-80%
68309,0.5733651164372762,0,50-60%
68316,0.6969310008684794,0,60-70%
68363,0.6510322057406107,0,60-70%
68368,0.577107930501302,0,50-60%
68359,0.5341966393788655,0,40-50%
68272,0.5707410219510396,0,40-50%
68197,0.7445809526443481,0,70-80%
68188,0.7137319726943969,0,70-80%
68311,0.750724284172058,0,70-80%
68210,0.6944487376213073,0,60-70%
68345,0.5900807622273763,0,50-60%
68312,0.7050040645599365,0,60-70%
68196,0.7255423946380615,0,70-80%
68186,0.6992784701983134,0,60-70%
68298,0.5820986274083455,0,50-60%
71063,0.5487616025606791,0,40-50%
71064,0.6689655148188273,0,60-70%
71065,0.4955157601038615,0,30-40%
71066,0.5768497549692789,0,50-60%
71067,0.5554550253550211,0,40-50%
71068,0.5668409708340962,0,40-50%
71069,0.5685298684438069,0,40-50%
71070,0.5681718829472859,0,40-50%
71071,0.5908860805829366,0,50-60%
71072,0.5099606775442759,0,40-50%
71073,0.6902455372810363,0,60-70%
71074,0.5979754014015197,0,50-60%
71075,0.4570075515111287,0,30-40%
71076,0.6472251974741617,0,60-70%
71077,0.4440743270715078,0,30-40%
71078,0.6578716877301534,0,60-70%
71079,0.4833625518480937,0,30-40%
71080,0.587655333995819,0,50-60%
71081,0.563229346593221,0,40-50%
71083,0.5485061052640279,0,40-50%
71084,0.508599307457606,0,40-50%
71085,0.437791878302892,0,30-40%
71087,0.4676233771642049,0,30-40%
71088,0.3949515465100606,0,20-30%
71089,0.5293562077681223,0,40-50%
68512,0.5544114950497945,0,40-50%
68511,0.5544114950497945,0,40-50%
68518,0.5544114950497945,0,40-50%
68510,0.5544114950497945,0,40-50%
68537,0.5630203727086385,0,40-50%
68519,0.5544114950497945,0,40-50%
71090,0.6432921571731567,0,60-70%
68549,0.662677642027537,0,60-70%
68557,0.495335036834081,0,30-40%
68555,0.5778219941457112,0,50-60%
68554,0.5257376077969869,0,40-50%
68563,0.5465970280965169,0,40-50%
68561,0.5247472766240437,0,40-50%
68573,0.554411614259084,0,40-50%
68569,0.554411614259084,0,40-50%
68516,0.554411614259084,0,40-50%
71091,0.6615355892181396,0,60-70%
68514,0.554411614259084,0,40-50%
68592,0.5075247529347737,0,40-50%
68596,0.6146268490155538,0,50-60%
68597,0.540549751440684,0,40-50%
68614,0.7247376723289489,0,70-80%
68609,0.659555820941925,0,60-70%
68630,0.5236024502118428,0,40-50%
68623,0.5345004442532857,0,40-50%
68629,0.5189773681958516,0,40-50%
68618,0.5969654563268025,0,50-60%
71092,0.4749948921998342,0,30-40%
71093,0.5065743568738301,0,40-50%
71094,0.5373772028287251,0,40-50%
71095,0.5443146470387776,0,40-50%
71096,0.5629145466486613,0,40-50%
71097,0.4454784336884816,0,30-40%
71098,0.5187810304959615,0,40-50%
71099,0.6720590833028157,0,60-70%
71100,0.5252564194997151,0,40-50%
68484,0.6071650071144103,0,50-60%
68488,0.5968570354779561,0,50-60%
68496,0.5805709643363952,0,50-60%
68501,0.5758301261266072,0,50-60%
68535,0.5743537786801656,0,50-60%
68521,0.4990236106713613,0,30-40%
68522,0.468429142554601,0,30-40%
68513,0.5708955171902974,0,40-50%
68517,0.554411614259084,0,40-50%
68462,0.5544114950497945,0,40-50%
68480,0.6205359382629394,0,50-60%
68483,0.5504329764048258,0,40-50%
68486,0.6071650071144103,0,50-60%
68487,0.5504329764048258,0,40-50%
68482,0.5504329764048258,0,40-50%
68481,0.6205359382629394,0,50-60%
68485,0.56219970814387,0,40-50%
68570,0.5544114950497945,0,40-50%
68587,0.554411614259084,0,40-50%
68583,0.6622564477920532,0,60-70%
68579,0.554411614259084,0,40-50%
68571,0.5544114950497945,0,40-50%
68574,0.5544114950497945,0,40-50%
68576,0.5544114950497945,0,40-50%
68580,0.6622564477920532,0,60-70%
68572,0.5544114950497945,0,40-50%
68578,0.5544114950497945,0,40-50%
71101,0.4755957070191701,0,30-40%
68649,0.5249965432484944,0,40-50%
68586,0.6622564477920532,0,60-70%
68591,0.5329684002399444,0,40-50%
68577,0.5544114950497945,0,40-50%
68581,0.6622564477920532,0,60-70%
68585,0.6622564477920532,0,60-70%
68584,0.5304147842725118,0,40-50%
68575,0.5544114950497945,0,40-50%
68582,0.6622564477920532,0,60-70%
71102,0.5204787495930989,0,40-50%
71103,0.4514275136788686,0,30-40%
71104,0.5964612606366475,0,50-60%
71105,0.6994231624603271,0,60-70%
71106,0.4620845857461294,0,30-40%
71107,0.4540370944341024,0,30-40%
71108,0.4408322516282399,0,30-40%
71109,0.5708970669110616,0,40-50%
68646,0.5317679885228475,0,40-50%
68643,0.5056805852254231,0,40-50%
68641,0.5581907275517781,0,40-50%
68635,0.4927779677708944,0,30-40%
68659,0.4928411486943563,0,30-40%
68700,0.3962809685071309,0,20-30%
68721,0.5682434681256612,0,40-50%
68729,0.4924652221997579,0,30-40%
68417,0.5286404136021932,0,40-50%
68430,0.463272212266922,0,30-40%
68427,0.5477436426480611,0,40-50%
68426,0.5368138197263082,0,40-50%
68432,0.4146794024308523,0,20-30%
68425,0.4990235212643941,0,30-40%
68437,0.5150844140052795,0,40-50%
68443,0.5000332239468892,0,30-40%
68445,0.5112791899045308,0,40-50%
68449,0.7025204860369364,0,60-70%
68747,0.5075199845631917,0,40-50%
68775,0.5347693208058675,0,40-50%
68787,0.3810933473904928,0,20-30%
68804,0.3896120432217916,0,20-30%
68808,0.5299346092542012,0,40-50%
68809,0.5457605365117391,0,40-50%
68803,0.4839834514458974,0,30-40%
68495,0.4663450065453847,0,30-40%
71110,0.4663450065453847,0,30-40%
68664,0.4663450065453847,0,30-40%
68740,0.4663450065453847,0,30-40%
68451,0.6633868498802185,0,60-70%
68466,0.5504329764048258,0,40-50%
68457,0.5504329764048258,0,40-50%
68460,0.6205359382629394,0,50-60%
68465,0.5504329764048258,0,40-50%
68467,0.5504329764048258,0,40-50%
68469,0.6633868498802185,0,60-70%
68454,0.5504329764048258,0,40-50%
68468,0.5504329764048258,0,40-50%
68459,0.6205359382629394,0,50-60%
68464,0.6633868498802185,0,60-70%
68463,0.6633868498802185,0,60-70%
68470,0.6633868498802185,0,60-70%
68455,0.5225686076482137,0,40-50%
68461,0.554411614259084,0,40-50%
68471,0.5171238425572713,0,40-50%
68456,0.5544114950497945,0,40-50%
68452,0.6633868498802185,0,60-70%
68450,0.5723505301475524,0,40-50%
68453,0.554411614259084,0,40-50%
68724,0.5341255310376485,0,40-50%
68748,0.4908995273907979,0,30-40%
68745,0.4924652221997579,0,30-40%
68702,0.5110059622128804,0,40-50%
68744,0.5150778535207112,0,40-50%
68739,0.5885003768603007,0,50-60%
68746,0.5075199845631917,0,40-50%
68750,0.4916870835622152,0,30-40%
68749,0.5084710362752278,0,40-50%
71111,0.4707139395872752,0,30-40%
71112,0.603573855082194,0,50-60%
71113,0.6090278588930765,0,50-60%
71114,0.5613154732386271,0,40-50%
71115,0.5469110293388366,0,40-50%
71116,0.4974405411084493,0,30-40%
71117,0.3822330776055654,0,20-30%
68566,0.4562482797304789,0,30-40%
71118,0.6264667196273803,0,50-60%
71119,0.4212357345422109,0,20-30%
71120,0.5376434289614359,0,40-50%
71121,0.5830568912823995,0,50-60%
71122,0.5055134855906168,0,40-50%
71123,0.7200984918276468,0,70-80%
71124,0.3127963486512502,0,10-20%
71125,0.4414488914807637,0,30-40%
71126,0.4953214767773946,0,30-40%
71127,0.4799250009854635,0,30-40%
71128,0.4563963952859243,0,30-40%
71129,0.5697966777483622,0,40-50%
71130,0.5217004659970601,0,40-50%
71131,0.3822792414029439,0,20-30%
71132,0.5856922510464986,0,50-60%
71133,0.4772235416571299,0,30-40%
71134,0.8495406789779663,0,90-100%
71135,0.4947929921944936,0,30-40%
71136,0.5519257747332255,0,40-50%
71137,0.4969737195173899,0,30-40%
71138,0.4704315009911855,0,30-40%
71139,0.4787299874623617,0,30-40%
71140,0.553483629544576,0,40-50%
71141,0.4684001746972402,0,30-40%
71142,0.4686535838445028,0,30-40%
71143,0.6811774654388427,0,60-70%
71144,0.5561710559527079,0,40-50%
71145,0.6174519343376159,0,50-60%
71146,0.3678895814418793,0,20-30%
71147,0.468593025525411,0,30-40%
71148,0.6663950963020324,0,60-70%
71149,0.5816037896474202,0,50-60%
71150,0.6330890301068623,0,50-60%
71151,0.5338313821156819,0,40-50%
71152,0.5362380388577779,0,40-50%
71154,0.3915893081029256,0,20-30%
71155,0.564205227613449,0,40-50%
71156,0.5214858296712239,0,40-50%
71157,0.4952300134499868,0,30-40%
71158,0.4818366729418437,0,30-40%
71159,0.511705573717753,0,40-50%
71160,0.5637693368593851,0,40-50%
71161,0.5754125677744547,0,50-60%
71162,0.5323486013412475,0,40-50%
71163,0.5113226416905721,0,40-50%
71164,0.5180471800963083,0,40-50%
71165,0.5738420449892679,0,50-60%
71166,0.4607034567197164,0,30-40%
71167,0.5242511275609334,0,40-50%
71168,0.5775403343836466,0,50-60%
71169,0.5122989061673482,0,40-50%
71170,0.5656337979634602,0,40-50%
71171,0.4995515886147817,0,30-40%
71172,0.4606905523141225,0,30-40%
71173,0.6131094379425048,0,50-60%
71174,0.5701391978263854,0,40-50%
71175,0.5602327548662821,0,40-50%
71176,0.4143346789677938,0,20-30%
71177,0.5853272322018941,0,50-60%
71178,0.5755675676663716,0,50-60%
71179,0.59987300268809,0,50-60%
71181,0.4986408296426137,0,30-40%
71182,0.6132270975112915,0,50-60%
71183,0.5647166334788004,0,40-50%
71184,0.5638674739201863,0,40-50%
71185,0.4978933575948079,0,30-40%
71186,0.5454130732218424,0,40-50%
71187,0.5055630170504252,0,40-50%
71188,0.5752037727038065,0,50-60%
71189,0.6022379361788431,0,50-60%
71190,0.5443052334785461,0,40-50%
71191,0.5241148117383321,0,40-50%
71192,0.560576701482137,0,40-50%
71193,0.4783262852032979,0,30-40%
71194,0.5430460535685221,0,40-50%
71195,0.585655773003896,0,50-60%
71196,0.6185229980150858,0,50-60%
71197,0.6185229980150858,0,50-60%
71198,0.6185229980150858,0,50-60%
71199,0.3457604292233785,0,10-20%
71200,0.492613131125768,0,30-40%
71201,0.5608527027765909,0,40-50%
71202,0.6121985875765482,0,50-60%
71203,0.575130399386088,0,50-60%
71204,0.627274600982666,0,50-60%
71205,0.516282165368398,0,40-50%
71206,0.5488543752034505,0,40-50%
71207,0.5015815738042195,0,30-40%
71208,0.5316558125813802,0,40-50%
71209,0.5654423200289408,0,40-50%
71210,0.4535926524003347,0,30-40%
71211,0.5003329776922861,0,30-40%
71212,0.5376112424532572,0,40-50%
71213,0.5931392871538798,0,50-60%
71214,0.6015698595046997,0,50-60%
71215,0.5444441679318746,0,40-50%
71216,0.4320855978329976,0,20-30%
71217,0.7076445503234863,0,60-70%
71218,0.5240688565572102,0,40-50%
71219,0.5224759224255879,0,40-50%
71220,0.554411614259084,0,40-50%
71221,0.4971337858041127,0,30-40%
71222,0.6412482821146647,0,50-60%
71224,0.5257229172388712,0,40-50%
71225,0.7025937083562215,0,60-70%
71226,0.5037602427800496,0,30-40%
71227,0.5094920658270518,0,40-50%
71228,0.5735644343694051,0,50-60%
71229,0.4896214547952016,0,30-40%
71230,0.6350733601252238,0,50-60%
71231,0.5409718735218048,0,40-50%
71233,0.5285027864774068,0,40-50%
71234,0.5811597946484883,0,50-60%
71235,0.5599544885953267,0,40-50%
71236,0.5115116480191548,0,40-50%
71237,0.6016548517545064,0,50-60%
71238,0.6082545800209045,0,50-60%
71239,0.3714622798760732,0,20-30%
71241,0.5240743997891744,0,40-50%
71242,0.4635694566567739,0,30-40%
71243,0.5284227990309397,0,40-50%
71244,0.5050568842093149,0,40-50%
71245,0.6490364356040954,0,60-70%
71246,0.5758026801745096,0,50-60%
71247,0.6365729851722717,0,50-60%
71248,0.616066690603892,0,50-60%
71249,0.450051453034083,0,30-40%
71250,0.5803960525194803,0,50-60%
71251,0.4742840770085653,0,30-40%
71252,0.4930683616002401,0,30-40%
71253,0.585923012415568,0,50-60%
71254,0.6443380994796752,0,60-70%
71255,0.5010881665547688,0,30-40%
71256,0.561165301322937,0,40-50%
71257,0.5988753123283386,0,50-60%
71258,0.5593345724741617,0,40-50%
71259,0.6039100252787272,0,50-60%
71260,0.5423934701283772,0,40-50%
71261,0.5363936665852864,0,40-50%
71262,0.445729905684789,0,30-40%
71263,0.526203956524531,0,40-50%
71264,0.3575136326948802,0,10-20%
71265,0.5279382708867391,0,40-50%
71266,0.5279382708867391,0,40-50%
71267,0.5228411200841268,0,40-50%
71268,0.5822912696202596,0,50-60%
71269,0.6633868498802185,0,60-70%
71270,0.6179729067484537,0,50-60%
71271,0.6122695767084757,0,50-60%
71272,0.6122695767084757,0,50-60%
71273,0.5631376468340555,0,40-50%
71274,0.5478416326840718,0,40-50%
71275,0.4724186602433523,0,30-40%
71276,0.5593337697982788,0,40-50%
71277,0.4964089655081431,0,30-40%
71278,0.6098977290789286,0,50-60%
71279,0.572092171827952,0,40-50%
71280,0.4546354952653249,0,30-40%
71281,0.4628775063355764,0,30-40%
71282,0.6213067733446757,0,50-60%
71283,0.4427122417291005,0,30-40%
71285,0.4684270861943563,0,30-40%
71286,0.5224871280988057,0,40-50%
71287,0.5890585465431213,0,50-60%
71288,0.5658019426663716,0,40-50%
71289,0.6037676615715026,0,50-60%
71290,0.5825552307764689,0,50-60%
71291,0.5727084520657857,0,40-50%
71292,0.5944435559908549,0,50-60%
71293,0.5828836523691813,0,50-60%
71294,0.7130530757904052,0,70-80%
71295,0.5318987015088399,0,40-50%
71296,0.5311674717267354,0,40-50%
71297,0.5304008983771006,0,40-50%
71298,0.5607846938769022,0,40-50%
71299,0.5659437739054362,0,40-50%
71300,0.6557423157691955,0,60-70%
71301,0.6437373442649841,0,60-70%
71302,0.641838638305664,0,60-70%
71303,0.5987707061767578,0,50-60%
71304,0.5623475554784139,0,40-50%
71305,0.508972941160202,0,40-50%
71306,0.5278835558096567,0,40-50%
71307,0.5769532604217529,0,50-60%
71308,0.4678913596471151,0,30-40%
71309,0.6025152448018392,0,50-60%
71310,0.5305544975598653,0,40-50%
71311,0.4660773220856984,0,30-40%
71312,0.4357005003293355,0,30-40%
71313,0.6607232653299967,0,60-70%
71314,0.4071234110196431,0,20-30%
71315,0.6300401968955993,0,50-60%
71316,0.4389360192616781,0,30-40%
71317,0.5806250257492065,0,50-60%
71318,0.6341789646148681,0,50-60%
71319,0.5226997696558634,0,40-50%
71320,0.5998729430834452,0,50-60%
71322,0.5253776553471883,0,40-50%
71323,0.5947973691622416,0,50-60%
71324,0.6236097458203633,0,50-60%
71325,0.5901273770332336,0,50-60%
71326,0.6142830216089884,0,50-60%
71327,0.5234147551854451,0,40-50%
71328,0.5087793711026509,0,40-50%
71329,0.5548998100757598,0,40-50%
71330,0.5595148487091064,0,40-50%
71331,0.463482523282369,0,30-40%
71332,0.5471157673199971,0,40-50%
71333,0.5010744574864705,0,30-40%
71334,0.4739265981515249,0,30-40%
71335,0.6268569512367248,0,50-60%
71336,0.5331237557729085,0,40-50%
71337,0.5552889986038207,0,40-50%
71338,0.3941681626637777,0,20-30%
71339,0.4153360966046651,0,20-30%
71340,0.5942918621699015,0,50-60%
71341,0.5094426515897115,0,40-50%
71342,0.6255981885592142,0,50-60%
71343,0.6447841806411743,0,60-70%
71344,0.6106040759086608,0,50-60%
71346,0.6175833307902018,0,50-60%
71347,0.6152093095779418,0,50-60%
71348,0.6077913327217102,0,50-60%
71349,0.5093048794269561,0,40-50%
71350,0.6019901596705118,0,50-60%
71351,0.6171182675361633,0,50-60%
71352,0.4816526714166005,0,30-40%
71353,0.4063968005975087,0,20-30%
71354,0.3851057830651601,0,20-30%
71355,0.5011996272404988,0,30-40%
71356,0.5750744306246439,0,50-60%
71357,0.6883287115097045,0,60-70%
71358,0.6386042518615722,0,50-60%
71359,0.55768337281545,0,40-50%
71360,0.521189654191335,0,40-50%
71361,0.5971134268442789,0,50-60%
71362,0.5371632539431254,0,40-50%
71363,0.5466206633249918,0,40-50%
71364,0.5830272399584452,0,50-60%
71365,0.5945987068812052,0,50-60%
71366,0.6179729067484537,0,50-60%
71367,0.6179729067484537,0,50-60%
71368,0.6122695767084757,0,50-60%
71369,0.6122695767084757,0,50-60%
71370,0.6179729067484537,0,50-60%
71371,0.380663508494695,0,20-30%
71372,0.4970625582536062,0,30-40%
71373,0.492613131125768,0,30-40%
71374,0.492613131125768,0,30-40%
71375,0.4928109291394552,0,30-40%
71376,0.5350701454480489,0,40-50%
71377,0.4666053596337636,0,30-40%
71378,0.5682285391489664,0,40-50%
71379,0.6281809174219767,0,50-60%
71380,0.5854827129046122,0,50-60%
71381,0.5374535881678263,0,40-50%
71382,0.5260640048185984,0,40-50%
71383,0.4999657236735026,0,30-40%
71384,0.6499061865806579,0,60-70%
71385,0.5082431677182515,0,40-50%
71386,0.5916457457542419,0,50-60%
71387,0.6170136892000834,0,50-60%
71388,0.5285239779154459,0,40-50%
71389,0.5114634894529978,0,40-50%
71390,0.5462816321055094,0,40-50%
71391,0.6269659363428751,0,50-60%
71392,0.5996275507609049,0,50-60%
71393,0.4623188021977742,0,30-40%
71394,0.4619531277020772,0,30-40%
71395,0.4538962188561757,0,30-40%
71396,0.5081695559819539,0,40-50%
71397,0.564131852308909,0,40-50%
71398,0.6415517611503601,0,60-70%
71399,0.6036204977035522,0,50-60%
71400,0.5405302011171976,0,40-50%
71401,0.5355806592305501,0,40-50%
71402,0.577485291481018,0,50-60%
71403,0.4706832710107168,0,30-40%
71404,0.5029238147735595,0,30-40%
71405,0.3889275752703349,0,20-30%
71406,0.5445067567825317,0,40-50%
71407,0.5531636439959208,0,40-50%
71408,0.5333167556126912,0,40-50%
71409,0.5025409145355224,0,30-40%
71410,0.5095602515538533,0,40-50%
71411,0.5471936427752176,0,40-50%
71412,0.6207397861480712,0,50-60%
71413,0.5010744574864705,0,30-40%
71414,0.4585763477484385,0,30-40%
71415,0.4833809378941854,0,30-40%
71416,0.6195594353675842,0,50-60%
71417,0.4913181308110555,0,30-40%
71418,0.4440275076230367,0,30-40%
71419,0.6309567057291666,0,50-60%
71420,0.5408079865773519,0,40-50%
71421,0.5276065134207407,0,40-50%
71422,0.5330410245259602,0,40-50%
71423,0.4685139917532603,0,30-40%
71424,0.3851057830651601,0,20-30%
71425,0.4685139917532603,0,30-40%
71426,0.5315487030347188,0,40-50%
71427,0.6160052700042724,0,50-60%
71428,0.5663366877237955,0,40-50%
71429,0.6294074339866638,0,50-60%
71430,0.4762678387959798,0,30-40%
71431,0.5233509782155354,0,40-50%
71432,0.5365760607719421,0,40-50%
71433,0.5155651810963948,0,40-50%
71434,0.5023129227956136,0,30-40%
71435,0.5610707961718241,0,40-50%
71436,0.5859297755559285,0,50-60%
71437,0.5883619430859883,0,50-60%
71438,0.8164022846221923,0,80-90%
71439,0.4070519450505575,0,20-30%
71440,0.6633868498802185,0,60-70%
71441,0.6633868498802185,0,60-70%
71442,0.5823371969858805,0,50-60%
71443,0.5983956419626871,0,50-60%
71444,0.4315552655061086,0,20-30%
71445,0.5968054496447245,0,50-60%
71446,0.573212560335795,0,50-60%
71447,0.4684762302239736,0,30-40%
71448,0.5099574290911356,0,40-50%
71449,0.4878068211873372,0,30-40%
71450,0.6308908147811889,0,50-60%
71451,0.5998729430834452,0,50-60%
71452,0.6385602040290832,0,50-60%
71453,0.4085511826674143,0,20-30%
71454,0.3897277378241221,0,20-30%
71455,0.5397902690569559,0,40-50%
71456,0.4690211080710093,0,30-40%
71457,0.523418510278066,0,40-50%
71458,0.6011146270434061,0,50-60%
71459,0.5740085207621256,0,50-60%
71460,0.4841208103497823,0,30-40%
71461,0.430095368941625,0,20-30%
71462,0.536021197160085,0,40-50%
71463,0.8713559789657592,0,90-100%
71464,0.5371229015986124,0,40-50%
71465,0.5555175506273905,0,40-50%
71466,0.5324802958170572,0,40-50%
71467,0.59987300268809,0,50-60%
71468,0.5281068646113077,0,40-50%
71469,0.5248312317530314,0,40-50%
71470,0.605313357035319,0,50-60%
71471,0.5275172574520111,0,40-50%
71472,0.4932675046920776,0,30-40%
71473,0.4604130628903707,0,30-40%
71474,0.5743806007703145,0,50-60%
71475,0.758322922706604,0,70-80%
71476,0.5332225802739461,0,40-50%
71477,0.4787531180381775,0,30-40%
71478,0.5747809969584147,0,50-60%
71479,0.5099965595404307,0,40-50%
71480,0.528803255478541,0,40-50%
71481,0.5663127266565958,0,40-50%
71482,0.5470630172093709,0,40-50%
71483,0.5097097717920939,0,40-50%
71484,0.4070175233681997,0,20-30%
71485,0.5891804062525431,0,50-60%
71486,0.5613554679552714,0,40-50%
71487,0.5654423200289408,0,40-50%
71488,0.5576831940015157,0,40-50%
71489,0.5562290194829305,0,40-50%
71490,0.5353042128880818,0,40-50%
71491,0.4867914262612661,0,30-40%
71492,0.591396268526713,0,50-60%
71493,0.6613911671638488,0,60-70%
71494,0.42333438428243,0,20-30%
71495,0.4351530912717183,0,20-30%
71496,0.4970622006257375,0,30-40%
71497,0.5171881877581278,0,40-50%
71498,0.5664463006655375,0,40-50%
71499,0.5300227963129679,0,40-50%
71500,0.5296184066136678,0,40-50%
71501,0.5905038956006368,0,50-60%
71502,0.5049680713017781,0,40-50%
71503,0.6511384212176005,0,60-70%
71504,0.5825602971712748,0,50-60%
71505,0.5604290945529937,0,40-50%
71506,0.5899460000991821,0,50-60%
71507,0.4918614887396494,0,30-40%
71508,0.4834302309354146,0,30-40%
71509,0.6313840432167053,0,50-60%
71510,0.4105202499230703,0,20-30%
71511,0.491314405520757,0,30-40%
71512,0.3491690420309702,0,10-20%
71513,0.4224330130418142,0,20-30%
71514,0.5246435367266337,0,40-50%
71515,0.5273494962056477,0,40-50%
71516,0.559751149336497,0,40-50%
71517,0.6852554046312967,0,60-70%
71518,0.5751426779429117,0,50-60%
71519,0.5807306729952494,0,50-60%
71520,0.5004782640139261,0,30-40%
71521,0.5555175506273905,0,40-50%
71522,0.5664023998578389,0,40-50%
71523,0.4041272643407186,0,20-30%
71524,0.5807306729952494,0,50-60%
71525,0.5318842771848042,0,40-50%
71526,0.6700226349830627,0,60-70%
71527,0.6076426747639974,0,50-60%
71528,0.5795631650288899,0,50-60%
71529,0.5351416710217793,0,40-50%
71530,0.4775283896128336,0,30-40%
71531,0.5291416290601094,0,40-50%
71532,0.5165811144510905,0,40-50%
71533,0.4991899076302846,0,30-40%
71534,0.5921617431640624,0,50-60%
71535,0.5506605787277221,0,40-50%
71536,0.5403248313268025,0,40-50%
71537,0.6042932235399882,0,50-60%
71538,0.4172719362576803,0,20-30%
71539,0.5930601639747619,0,50-60%
71540,0.6289810183842977,0,50-60%
71541,0.5167581084569295,0,40-50%
71542,0.561294520219167,0,40-50%
71543,0.5410738232930501,0,40-50%
71544,0.5039297583897908,0,30-40%
71545,0.5360375884373982,0,40-50%
71546,0.5328795555432637,0,40-50%
71547,0.50397243531545,0,30-40%
71548,0.6291591210365295,0,50-60%
71549,0.4962606095472971,0,30-40%
71550,0.6015309972763061,0,50-60%
71551,0.637540428161621,0,50-60%
71552,0.6345594806671142,0,50-60%
71553,0.5443810187975565,0,40-50%
71554,0.6403914375305175,0,50-60%
71555,0.4269447270234426,0,20-30%
71556,0.5463083031972249,0,40-50%
71557,0.5372892263730367,0,40-50%
71558,0.5096340440909067,0,40-50%
71559,0.6472517811457316,0,60-70%
71560,0.5467574838002522,0,40-50%
71561,0.5853142105738321,0,50-60%
71562,0.569556828657786,0,40-50%
71563,0.5713062527974446,0,40-50%
71564,0.7387280745506286,0,70-80%
71565,0.7018457932472228,0,60-70%
71566,0.5069502555529276,0,40-50%
71568,0.5467574838002522,0,40-50%
71569,0.5507577621142069,0,40-50%
71570,0.6318851990699768,0,50-60%
71571,0.4980544689496358,0,30-40%
71572,0.6511384212176005,0,60-70%
71573,0.5860430243810018,0,50-60%
71574,0.7417941970825195,0,70-80%
71575,0.5212534907658894,0,40-50%
71576,0.6228858513832092,0,50-60%
71577,0.602752801100413,0,50-60%
71578,0.622172860622406,0,50-60%
71579,0.6049944125811259,0,50-60%
71580,0.5727419816652933,0,40-50%
71581,0.5775049888292948,0,50-60%
71582,0.7144008838335673,0,70-80%
71583,0.5540179255803426,0,40-50%
71584,0.5392326080004374,0,40-50%
71585,0.621820175965627,0,50-60%
71586,0.5976504925092061,0,50-60%
71587,0.5598179939587911,0,40-50%
71588,0.7736082040468851,0,70-80%
71589,0.5707358363469441,0,40-50%
71590,0.5791270696322123,0,50-60%
71591,0.5729559305508931,0,50-60%
71592,0.7104818784395853,0,70-80%
71593,0.6097294651667277,0,50-60%
71594,0.632471080938975,0,50-60%
71595,0.713105674902598,0,70-80%
71596,0.5444416049321492,0,40-50%
71597,0.6274029893875122,0,50-60%
71598,0.6341955347061157,0,50-60%
71599,0.6164053641955057,0,50-60%
71600,0.6653535925547281,0,60-70%
71601,0.6296671910285949,0,50-60%
71602,0.6146720015207926,0,50-60%
71603,0.608160253683726,0,50-60%
71604,0.6379232091903686,0,50-60%
71605,0.5463583710988362,0,40-50%
71606,0.6411350332895914,0,50-60%
71607,0.6120984239578247,0,50-60%
71608,0.6016212347348531,0,50-60%
71609,0.5306350234349568,0,40-50%
71610,0.6194382869402567,0,50-60%
71611,0.6123157385190328,0,50-60%
71612,0.6401784661610921,0,50-60%
71613,0.4974630716641744,0,30-40%
71614,0.5661794188817342,0,40-50%
71615,0.5881715380350748,0,50-60%
71616,0.5713457428614298,0,40-50%
71617,0.5277586820920308,0,40-50%
71618,0.6217792315483093,0,50-60%
71619,0.5579130295117696,0,40-50%
71620,0.8662870211601257,0,90-100%
71621,0.5720129850705464,0,40-50%
71622,0.7216762863794962,0,70-80%
71623,0.5841048919359842,0,50-60%
71624,0.5841048919359842,0,50-60%
71625,0.5731001737912496,0,50-60%
71626,0.5714542511304219,0,40-50%
71627,0.6049944125811259,0,50-60%
71628,0.6581093950271606,0,60-70%
71629,0.564404392560323,0,40-50%
71630,0.5693268143335978,0,40-50%
71631,0.5863714181582133,0,50-60%
71632,0.6150304916699727,0,50-60%
71633,0.6172041260401407,0,50-60%
71634,0.6594305876096089,0,60-70%
71635,0.6165034456253051,0,50-60%
71636,0.7048649433453877,0,60-70%
71637,0.6639784259796142,0,60-70%
71638,0.5594729148546854,0,40-50%
71639,0.6372649315198262,0,50-60%
71640,0.5566684567133585,0,40-50%
71641,0.6463959458669026,0,60-70%
71642,0.6310512704849243,0,50-60%
71643,0.6216343286832173,0,50-60%
71644,0.6400887333552042,0,50-60%
71645,0.5758374296824137,0,50-60%
71646,0.5841048919359842,0,50-60%
71647,0.540365302880605,0,40-50%
71648,0.5835787617365519,0,50-60%
71649,0.5488240364392598,0,40-50%
71650,0.6196409705479939,0,50-60%
71651,0.624629644870758,0,50-60%
71652,0.5883509758313497,0,50-60%
71653,0.5847602132161458,0,50-60%
71654,0.6891534291903177,0,60-70%
71655,0.6312220973968505,0,50-60%
71656,0.5540847741762797,0,40-50%
71657,0.5598917566935221,0,40-50%
71658,0.6066154801050821,0,50-60%
71659,0.6561461928685506,0,60-70%
71660,0.6010468247731526,0,50-60%
71661,0.591222997824351,0,50-60%
71662,0.7461902462641398,0,70-80%
71663,0.5400832537015279,0,40-50%
71664,0.599346487045288,0,50-60%
71665,0.6182938181559244,0,50-60%
71666,0.554048323949178,0,40-50%
71667,0.5904741528828938,0,50-60%
71668,0.613834913889567,0,50-60%
71669,0.6052230559984842,0,50-60%
71670,0.5573475006421407,0,40-50%
71671,0.6246897541681925,0,50-60%
71672,0.7078305446306864,0,60-70%
71673,0.5361693743069966,0,40-50%
71674,0.5514909866650899,0,40-50%
71675,0.5772517286936442,0,50-60%
71676,0.5760689619382222,0,50-60%
71677,0.5695206764539082,0,40-50%
71678,0.5406878236134847,0,40-50%
71679,0.519477749188741,0,40-50%
71680,0.5485623720486958,0,40-50%
71681,0.5541302207310994,0,40-50%
71682,0.5957082155545552,0,50-60%
71683,0.573727127234141,0,50-60%
71684,0.5816727840105692,0,50-60%
71685,0.5708177927335103,0,40-50%
71686,0.6497724337577819,0,60-70%
71687,0.6467823071479797,0,60-70%
71688,0.5816727840105692,0,50-60%
71689,0.625223541577657,0,50-60%
71690,0.6225250326792399,0,50-60%
71691,0.6018222533861796,0,50-60%
71692,0.5832544806798299,0,50-60%
71693,0.5842981897989908,0,50-60%
71694,0.5710179769198099,0,40-50%
71695,0.6323276721636454,0,50-60%
71696,0.6284462773005167,0,50-60%
71697,0.5411957147916158,0,40-50%
71698,0.5406878236134847,0,40-50%
71699,0.5560148599942525,0,40-50%
71700,0.799320487499237,0,80-90%
71701,0.5956456028620402,0,50-60%
71702,0.5640381538073221,0,40-50%
71703,0.5658707582155863,0,40-50%
71704,0.5686488989194234,0,40-50%
71705,0.6438441836039225,0,60-70%
71706,0.5339471661249796,0,40-50%
71707,0.5091126802762349,0,40-50%
71708,0.5520231369336446,0,40-50%
71709,0.6170877181688944,0,50-60%
71710,0.5991777741114298,0,50-60%
71711,0.6312555634180704,0,50-60%
71712,0.6250835024515787,0,50-60%
71713,0.5939660313924153,0,50-60%
71714,0.5972359143892924,0,50-60%
71715,0.5655280593236287,0,40-50%
71716,0.5703166964848836,0,40-50%
71717,0.5812098347345988,0,50-60%
71718,0.631872145652771,0,50-60%
71719,0.6720530950228373,0,60-70%
71720,0.5816727840105692,0,50-60%
71721,0.5952529274622599,0,50-60%
71722,0.7045397125879923,0,60-70%
71723,0.5260442736943562,0,40-50%
71724,0.8035403453509012,0,80-90%
71725,0.7803008519808451,0,80-90%
71726,0.4656377378304799,0,30-40%
71727,0.5587234142621358,0,40-50%
71728,0.580135011990865,0,50-60%
71729,0.5506076458295186,0,40-50%
71730,0.5674763563474019,0,40-50%
71731,0.5488861444791158,0,40-50%
71732,0.5783225857416788,0,50-60%
71733,0.5738351904551188,0,50-60%
71734,0.5963548107147216,0,50-60%
71735,0.5502893888155619,0,40-50%
71736,0.5645468198458353,0,40-50%
71737,0.5838425997098287,0,50-60%
71738,0.5407165848414103,0,40-50%
71739,0.6380836331049601,0,50-60%
71740,0.6821232719421386,0,60-70%
71741,0.5916428807576497,0,50-60%
71742,0.57032799355189,0,40-50%
71743,0.5924400054613749,0,50-60%
71744,0.5662190559705098,0,40-50%
71745,0.6202123128573099,0,50-60%
71746,0.578294420560201,0,50-60%
71747,0.5825292431513468,0,50-60%
71748,0.5612651073137919,0,40-50%
71749,0.6132757031122843,0,50-60%
71750,0.5323578360875447,0,40-50%
71751,0.641556827545166,0,60-70%
71752,0.5956239067713419,0,50-60%
71753,0.5868721249898274,0,50-60%
71754,0.6220408641497294,0,50-60%
71755,0.6337222420374552,0,50-60%
71756,0.546157801469167,0,40-50%
71757,0.563434207757314,0,40-50%
71758,0.7704735957781473,0,70-80%
71759,0.5949188434282938,0,50-60%
71760,0.78915363184611,0,80-90%
71761,0.7051985823313395,0,60-70%
71762,0.6201519055366516,0,50-60%
71763,0.6478600743611653,0,60-70%
71764,0.6240031364758809,0,50-60%
71765,0.6764791571299235,0,60-70%
71766,0.6023094021479288,0,50-60%
71767,0.5504133068720499,0,40-50%
71768,0.637158569018046,0,50-60%
71769,0.5822153650919596,0,50-60%
71770,0.5733013116518656,0,50-60%
71771,0.7185462398529052,0,70-80%
71772,0.5488861444791158,0,40-50%
71773,0.5883241855303446,0,50-60%
71774,0.5971538070042928,0,50-60%
71775,0.5837753974596659,0,50-60%
71776,0.6182770692507426,0,50-60%
71777,0.6257395707766215,0,50-60%
71778,0.6413065476417541,0,50-60%
71779,0.6130627079010009,0,50-60%
71780,0.5888598206837972,0,50-60%
71781,0.5807122551600138,0,50-60%
71782,0.7593079172770182,0,70-80%
71783,0.5835847500165303,0,50-60%
71784,0.5804943087895711,0,50-60%
71785,0.6100473685264587,0,50-60%
71786,0.5987702253659566,0,50-60%
71787,0.5891960504849751,0,50-60%
71788,0.6281461083094279,0,50-60%
71789,0.581189330736796,0,50-60%
71790,0.602865843296051,0,50-60%
71791,0.6049944125811259,0,50-60%
71792,0.6337721033096313,0,50-60%
71793,0.5549030545552571,0,40-50%
71794,0.6055402719179789,0,50-60%
71795,0.674238233089447,0,60-70%
71796,0.567227153301239,0,40-50%
71797,0.5716810468037923,0,40-50%
71798,0.8901669068336486,0,90-100%
71799,0.6092759056091308,0,50-60%
71800,0.5791869126955668,0,50-60%
71801,0.5959785226186116,0,50-60%
71802,0.5928066336313883,0,50-60%
71803,0.6153681559562683,0,50-60%
71804,0.5904877427419026,0,50-60%
71805,0.547368701616923,0,40-50%
71806,0.6462090574900309,0,60-70%
71807,0.5502009355227152,0,40-50%
71808,0.5459504369099935,0,40-50%
71809,0.5519668701489766,0,40-50%
71810,0.6818179173469543,0,60-70%
71811,0.5461179577509562,0,40-50%
71812,0.535951936562856,0,40-50%
71813,0.6661886536280314,0,60-70%
71814,0.6490366104443868,0,60-70%
71815,0.5566001776059468,0,40-50%
71816,0.6299072785377502,0,50-60%
71817,0.5432586633364359,0,40-50%
71818,0.6514411532084147,0,60-70%
71819,0.6131174249649047,0,50-60%
71820,0.5502876602808634,0,40-50%
71821,0.5358226540883382,0,40-50%
71822,0.6178073846499125,0,50-60%
71823,0.6002796851793925,0,50-60%
71824,0.6390314065615336,0,50-60%
71825,0.5903854333559672,0,50-60%
71826,0.6307935996055603,0,50-60%
71827,0.6108276807467142,0,50-60%
71828,0.5596977117856343,0,40-50%
71829,0.5517093780835469,0,40-50%
71830,0.5699695590337117,0,40-50%
71831,0.5591361168225606,0,40-50%
71832,0.5979665163358052,0,50-60%
71833,0.5804804209073384,0,50-60%
71834,0.5493766907056172,0,40-50%
71835,0.5626121404965718,0,40-50%
71836,0.6295725348790486,0,50-60%
71837,0.5711197498639424,0,40-50%
71838,0.6305028441747029,0,50-60%
71839,0.5714164021809895,0,40-50%
71840,0.6195975227355957,0,50-60%
71841,0.7215752565066019,0,70-80%
71842,0.6273386441866556,0,50-60%
71843,0.5976115428606669,0,50-60%
71844,0.5915172063509623,0,50-60%
71845,0.6174076480865478,0,50-60%
71846,0.646302962621053,0,60-70%
71847,0.6065447015762329,0,50-60%
71848,0.5533539894421895,0,40-50%
71849,0.4822044018109639,0,30-40%
71850,0.5438561085065206,0,40-50%
71852,0.5758769793510436,0,50-60%
71853,0.7509386502901713,0,70-80%
71854,0.559860194047292,0,40-50%
71855,0.6778198444048563,0,60-70%
71856,0.5713255050977071,0,40-50%
71857,0.5934719406763712,0,50-60%
71858,0.5433335545857747,0,40-50%
71859,0.5781843307813008,0,50-60%
71860,0.5859992745717366,0,50-60%
71861,0.5566232446034749,0,40-50%
71862,0.5959203206698099,0,50-60%
71863,0.6479588114420572,0,60-70%
71864,0.5460904482205708,0,40-50%
71865,0.6236456913948059,0,50-60%
71866,0.6283988916079203,0,50-60%
71867,0.6067175510724385,0,50-60%
71868,0.5945566856066385,0,50-60%
71869,0.5261524561246236,0,40-50%
71870,0.6209045929908752,0,50-60%
71871,0.5773172024091084,0,50-60%
71872,0.5580626093546549,0,40-50%
71873,0.6177197062174479,0,50-60%
71874,0.6263599359194437,0,50-60%
71875,0.6027082764307657,0,50-60%
71876,0.5552392247517903,0,40-50%
71877,0.5965058767000834,0,50-60%
71878,0.5636567715009053,0,40-50%
71879,0.5752609931627909,0,50-60%
71880,0.6028127951622009,0,50-60%
71881,0.5914490464528401,0,50-60%
71882,0.5516827348073323,0,40-50%
71883,0.6061633788744608,0,50-60%
71884,0.6594213210741678,0,60-70%
71885,0.5379251483281453,0,40-50%
71886,0.609987314860026,0,50-60%
71887,0.5721194707552592,0,40-50%
71888,0.6047571860949198,0,50-60%
71889,0.7993636412620544,0,80-90%
71890,0.5416366103490193,0,40-50%
71891,0.6050757451057434,0,50-60%
71892,0.5790962540308634,0,50-60%
71893,0.5816727840105692,0,50-60%
71894,0.6303563995361328,0,50-60%
71895,0.5528066995938619,0,40-50%
71896,0.5613208376566569,0,40-50%
71897,0.5918999277750651,0,50-60%
71898,0.5279032829602559,0,40-50%
71899,0.5667230132420857,0,40-50%
71900,0.5768713914553324,0,50-60%
71901,0.7427598797480265,0,70-80%
71902,0.5938127878506978,0,50-60%
71903,0.628241594950358,0,50-60%
71904,0.6335611902872721,0,50-60%
71905,0.535215282758077,0,40-50%
71906,0.6027516090075175,0,50-60%
71907,0.5907650831540425,0,50-60%
71908,0.593989217599233,0,50-60%
71909,0.5917131864229838,0,50-60%
71910,0.5768613182703654,0,50-60%
71911,0.5816727840105692,0,50-60%
71912,0.6290223879814147,0,50-60%
71913,0.490200245698293,0,30-40%
71914,0.5754432045618693,0,50-60%
71915,0.5438902937571207,0,40-50%
71916,0.5899957063992818,0,50-60%
71917,0.6402271075248718,0,50-60%
71918,0.5254947784741719,0,40-50%
71919,0.6089823209444681,0,50-60%
71920,0.5800676587422688,0,50-60%
71921,0.5782941225369771,0,50-60%
71922,0.6047500335375467,0,50-60%
71923,0.5488861444791158,0,40-50%
71924,0.6521139108339945,0,60-70%
71925,0.6483226381937662,0,60-70%
71926,0.5930367353757222,0,50-60%
71927,0.5638941768010457,0,40-50%
71928,0.6745488011042277,0,60-70%
71929,0.6104056798617045,0,50-60%
71930,0.5818458162943522,0,50-60%
71931,0.6313421411514282,0,50-60%
71932,0.5964171253840128,0,50-60%
71933,0.550693774541219,0,40-50%
71934,0.5522023084958394,0,40-50%
71935,0.6122059189478556,0,50-60%
71936,0.5902084949811299,0,50-60%
71937,0.6062695943514506,0,50-60%
71938,0.6082237048149108,0,50-60%
71939,0.5798478368123372,0,50-60%
71940,0.5574403646787007,0,40-50%
71941,0.6167625152269999,0,50-60%
71942,0.474052872578303,0,30-40%
71943,0.625024255434672,0,50-60%
71944,0.5816727840105692,0,50-60%
71945,0.6426177902221679,0,60-70%
71946,0.6787252111434936,0,60-70%
71947,0.5039346459706624,0,30-40%
71948,0.6730755530993143,0,60-70%
71949,0.5926254355112711,0,50-60%
71950,0.5231677535374959,0,40-50%
71951,0.5664699319203694,0,40-50%
71952,0.6554383002916971,0,60-70%
71953,0.5899442119598388,0,50-60%
71954,0.6363199038505554,0,50-60%
71955,0.6074631455739339,0,50-60%
71956,0.593126499970754,0,50-60%
71957,0.5481923464139302,0,40-50%
71958,0.5948570334116617,0,50-60%
71959,0.5330555084546407,0,40-50%
71960,0.5261934045155843,0,40-50%
71961,0.6392942948341369,0,50-60%
71962,0.5984007957776387,0,50-60%
71963,0.6453956329027811,0,60-70%
71964,0.595391687075297,0,50-60%
71965,0.6394142789840698,0,50-60%
71966,0.6981637719472249,0,60-70%
71967,0.5760567429860433,0,50-60%
71968,0.5538698080380757,0,40-50%
71969,0.7813039981524149,0,80-90%
71970,0.5766481124560038,0,50-60%
71971,0.6185967011451721,0,50-60%
71972,0.5945566856066385,0,50-60%
71973,0.5620312336285909,0,40-50%
71974,0.5857731941541036,0,50-60%
71975,0.5548126660982767,0,40-50%
71976,0.6511107050577799,0,60-70%
71977,0.5324183348019917,0,40-50%
71978,0.6209574305216471,0,50-60%
71979,0.5506690386136373,0,40-50%
71980,0.6120207869211832,0,50-60%
71981,0.573118889649709,0,50-60%
71982,0.6222692373593648,0,50-60%
71983,0.5770608428319295,0,50-60%
71984,0.7636420412063598,0,70-80%
71985,0.6220616383552551,0,50-60%
71986,0.5788220408757527,0,50-60%
71987,0.5475431326230367,0,40-50%
71988,0.5325345638593038,0,40-50%
71989,0.5971160176595052,0,50-60%
71990,0.6165333035786946,0,50-60%
71991,0.5607531908353169,0,40-50%
71992,0.564684625784556,0,40-50%
71993,0.5574745499293009,0,40-50%
71994,0.6294997019767761,0,50-60%
71995,0.5995718204180399,0,50-60%
71996,0.5835077726046244,0,50-60%
71997,0.7475362105369567,0,70-80%
71998,0.7228240056037902,0,70-80%
71999,0.5785424076716105,0,50-60%
72000,0.6509712301890055,0,60-70%
72001,0.6113813204765319,0,50-60%
72002,0.6473265253702799,0,60-70%
72003,0.5201693418820699,0,40-50%
72004,0.5743663274447123,0,50-60%
72005,0.5425934158960978,0,40-50%
72006,0.5488861444791158,0,40-50%
72007,0.5420646313031514,0,40-50%
72008,0.6167678518295288,0,50-60%
72009,0.8427117430369059,0,80-90%
72010,0.8046632690429687,0,80-90%
72011,0.6088013016382853,0,50-60%
72012,0.5506570580800374,0,40-50%
72013,0.6353323701222737,0,50-60%
72014,0.8078978621164957,0,80-90%
72015,0.6795261465708414,0,60-70%
72016,0.6671515666643778,0,60-70%
72017,0.6060426476796468,0,50-60%
72018,0.5951392614046732,0,50-60%
72019,0.6433677914937337,0,60-70%
72020,0.5787632110913594,0,50-60%
72021,0.5867650472323099,0,50-60%
72022,0.5890842321713765,0,50-60%
72023,0.8226349039077758,0,80-90%
72024,0.5743712428410848,0,50-60%
72025,0.559740507920583,0,40-50%
72026,0.6535887403488159,0,60-70%
72027,0.5498529318173726,0,40-50%
72028,0.6082125865618387,0,50-60%
72029,0.6225702129999796,0,50-60%
72030,0.6377553029060363,0,50-60%
72031,0.5902816020647684,0,50-60%
72032,0.5880341771443685,0,50-60%
72033,0.6246088706652323,0,50-60%
72034,0.6680769883791605,0,60-70%
72035,0.5721769892374674,0,40-50%
72036,0.6257186495463053,0,50-60%
72037,0.5430346968968709,0,40-50%
72038,0.6370598041216532,0,50-60%
72039,0.5741793476740519,0,50-60%
72040,0.6521158181826273,0,60-70%
72041,0.6275570356051127,0,50-60%
72042,0.5250516179402669,0,40-50%
72043,0.5960234049161275,0,50-60%
72044,0.5161633733113606,0,40-50%
72045,0.5389749371210734,0,40-50%
72046,0.6345814151763916,0,50-60%
72047,0.6738846543629964,0,60-70%
72048,0.6023892127672831,0,50-60%
72049,0.5791855696042378,0,50-60%
72050,0.6498596631685892,0,60-70%
72051,0.5510833226839701,0,40-50%
72052,0.6423325780232747,0,60-70%
72053,0.6240679306983947,0,50-60%
72054,0.5482234004338582,0,40-50%
72055,0.6429544054667155,0,60-70%
72056,0.5788608156840006,0,50-60%
72057,0.576779151280721,0,50-60%
72058,0.5711370948155721,0,40-50%
72059,0.7163411342302958,0,70-80%
72060,0.597459968249003,0,50-60%
72062,0.5588492714564005,0,40-50%
72063,0.746639724890391,0,70-80%
72064,0.6168709638913472,0,50-60%
72065,0.5849029663403829,0,50-60%
72066,0.6645330154101053,0,60-70%
72067,0.700816123008728,0,60-70%
72068,0.5248641017278035,0,40-50%
72069,0.5352617743810018,0,40-50%
72070,0.5521740558942159,0,40-50%
72071,0.551142537911733,0,40-50%
72072,0.5816727840105692,0,50-60%
72073,0.5161600354512532,0,40-50%
72074,0.6713300628662109,0,60-70%
72075,0.5523420813878377,0,40-50%
72076,0.5294049623807271,0,40-50%
72077,0.5663140657742818,0,40-50%
72078,0.6812428477605184,0,60-70%
72079,0.5975078307787577,0,50-60%
72080,0.6049944125811259,0,50-60%
72081,0.6202248020172119,0,50-60%
72082,0.5414319876035054,0,40-50%
72083,0.584562206586202,0,50-60%
72084,0.5713855269749959,0,40-50%
72085,0.5942758285204569,0,50-60%
72086,0.4983460250695546,0,30-40%
72087,0.5803472681045532,0,50-60%
72088,0.5462688767115275,0,40-50%
72089,0.6322030706405639,0,50-60%
72090,0.6161386612256368,0,50-60%
72091,0.583299839814504,0,50-60%
72092,0.6539396011034647,0,60-70%
72093,0.6263050996462504,0,50-60%
72094,0.599965330282847,0,50-60%
72095,0.6248990260759989,0,50-60%
72096,0.6581204497019449,0,60-70%
72097,0.5308072232405344,0,40-50%
72098,0.5499525033632914,0,40-50%
72099,0.6472380720774332,0,60-70%
72100,0.6016868594487508,0,50-60%
72101,0.6037638746897379,0,50-60%
72102,0.5676519238154093,0,40-50%
72103,0.673546398003896,0,60-70%
72104,0.6197650117874145,0,50-60%
72105,0.5612090471585591,0,40-50%
72106,0.5277586820920308,0,40-50%
72107,0.8453474922180175,0,80-90%
72108,0.5360802057584126,0,40-50%
72109,0.6404502633412679,0,50-60%
72110,0.6070207638740539,0,50-60%
72111,0.5870600306193033,0,50-60%
72112,0.5951869173049926,0,50-60%
72113,0.6233293973604838,0,50-60%
72114,0.5905475579897562,0,50-60%
72115,0.5308072232405344,0,40-50%
72116,0.6171843969027201,0,50-60%
72117,0.564971232732137,0,40-50%
72118,0.6009223742485046,0,50-60%
72119,0.5351273380915323,0,40-50%
72120,0.7006686889330546,0,60-70%
72121,0.6081099751790364,0,50-60%
72122,0.529195094426473,0,40-50%
72123,0.5815294666290283,0,50-60%
72124,0.5727491024335225,0,40-50%
72125,0.6081036888758341,0,50-60%
72126,0.6612087451616923,0,60-70%
72127,0.591953810373942,0,50-60%
72128,0.6285187883377075,0,50-60%
72129,0.6390575133959452,0,50-60%
72130,0.6261374595959981,0,50-60%
72131,0.6959925853411356,0,60-70%
72132,0.6623792015711466,0,60-70%
72133,0.5576935969988505,0,40-50%
72134,0.7161924206415812,0,70-80%
72135,0.5614749434789021,0,40-50%
72136,0.6150743924776713,0,50-60%
72137,0.5795566999117533,0,50-60%
72138,0.6212169213294982,0,50-60%
72139,0.553607547601064,0,40-50%
72140,0.6594038569132487,0,60-70%
72141,0.6435179951985677,0,60-70%
72142,0.6501964015960693,0,60-70%
72143,0.5728478077252706,0,40-50%
72144,0.5490040742556254,0,40-50%
72145,0.5300659778912862,0,40-50%
72146,0.5828466378847758,0,50-60%
72147,0.5429761651357015,0,40-50%
72148,0.5846498572031656,0,50-60%
72149,0.6774886213938395,0,60-70%
72150,0.6139492673873901,0,50-60%
72151,0.5807338320414225,0,50-60%
72152,0.5945566856066385,0,50-60%
72153,0.7270955406824747,0,70-80%
72154,0.5122851970990498,0,40-50%
72155,0.5830650571187337,0,50-60%
72156,0.5676885488828023,0,40-50%
72157,0.6493888738950093,0,60-70%
72158,0.625532174428304,0,50-60%
72159,0.5369764211972554,0,40-50%
72160,0.5605290177663167,0,40-50%
72161,0.579671677271525,0,50-60%
72162,0.6677859388987223,0,60-70%
72163,0.5419884565671285,0,40-50%
72164,0.7930950485865275,0,80-90%
72165,0.6062196138699849,0,50-60%
72166,0.6296973509788513,0,50-60%
72167,0.5494508706728617,0,40-50%
72168,0.6267691814104716,0,50-60%
72169,0.6088143272399902,0,50-60%
72170,0.6176500005722045,0,50-60%
72171,0.4900890254179637,0,30-40%
72172,0.6471189541816711,0,60-70%
72173,0.5863489154179891,0,50-60%
72174,0.642972314675649,0,60-70%
72175,0.5539822820027669,0,40-50%
72176,0.6326162778536478,0,50-60%
72177,0.5089233759244283,0,40-50%
72178,0.5488861444791158,0,40-50%
72179,0.5709254109064738,0,40-50%
72180,0.5791299584706624,0,50-60%
72181,0.7301389220555623,0,70-80%
72182,0.556909287293752,0,40-50%
72183,0.6419408880869547,0,60-70%
72184,0.6551552656491597,0,60-70%
72185,0.5798996928532918,0,50-60%
72186,0.6465313676198323,0,60-70%
72187,0.6381185614267985,0,50-60%
72188,0.6235943996111551,0,50-60%
72189,0.5816727840105692,0,50-60%
72190,0.5687689148585001,0,40-50%
72191,0.5302644037405649,0,40-50%
72192,0.6403951926231384,0,50-60%
72193,0.607744658311208,0,50-60%
72194,0.4996885918776194,0,30-40%
72195,0.5705008152325948,0,40-50%
72196,0.5750854256947835,0,50-60%
72197,0.566934967358907,0,40-50%
72198,0.5761708262761434,0,50-60%
72199,0.6022657119433085,0,50-60%
72200,0.6138370914459228,0,50-60%
72201,0.5713378154436747,0,40-50%
72202,0.6207390073140462,0,50-60%
72203,0.5322344544728597,0,40-50%
72204,0.6327762885093688,0,50-60%
72205,0.6217015070915222,0,50-60%
72206,0.6043920480410258,0,50-60%
72207,0.6184999588330586,0,50-60%
72208,0.5134587251345316,0,40-50%
72209,0.6899175607363383,0,60-70%
72210,0.6353416088422139,0,50-60%
72211,0.8751041574478149,0,90-100%
72212,0.6558386964797973,0,60-70%
72213,0.5816727840105692,0,50-60%
72214,0.5491392854054769,0,40-50%
72215,0.655720945517222,0,60-70%
72216,0.5919697844187418,0,50-60%
72217,0.5764497760136922,0,50-60%
72218,0.5792964660326639,0,50-60%
72219,0.57239257923762,0,40-50%
72220,0.6035688800811767,0,50-60%
72221,0.643772924264272,0,60-70%
72222,0.5101689341862996,0,40-50%
72223,0.5382254405021667,0,40-50%
72224,0.6087499820391337,0,50-60%
72225,0.6277366840044657,0,50-60%
72226,0.6877022070884704,0,60-70%
72227,0.5417854431470235,0,40-50%
72228,0.6235911491711934,0,50-60%
72229,0.5820304714838663,0,50-60%
72230,0.5962928496996561,0,50-60%
72231,0.6655307971636454,0,60-70%
72232,0.6253741346995035,0,50-60%
72233,0.5770409944852193,0,50-60%
72234,0.6286869886716207,0,50-60%
72235,0.6049944125811259,0,50-60%
72236,0.544010695139567,0,40-50%
72237,0.660085765838623,0,60-70%
72238,0.674977537314097,0,60-70%
72239,0.6024658643404642,0,50-60%
72240,0.547147655804952,0,40-50%
72241,0.6379037144978841,0,50-60%
72242,0.5852062665621439,0,50-60%
72243,0.5392943266232808,0,40-50%
72244,0.6012277248700459,0,50-60%
72245,0.5922424160639445,0,50-60%
72246,0.5605231486956278,0,40-50%
72247,0.6296729726791381,0,50-60%
72248,0.5504153016408284,0,40-50%
72249,0.5580896380742391,0,40-50%
72250,0.5879659616152445,0,50-60%
72251,0.5637226346333821,0,40-50%
72252,0.6215635819435119,0,50-60%
72253,0.5657592061360677,0,40-50%
72254,0.6183059496879577,0,50-60%
72255,0.6062804106076558,0,50-60%
72256,0.5630086305936177,0,40-50%
72257,0.6535975896517435,0,60-70%
72258,0.4915519618193308,0,30-40%
72259,0.6388246380488077,0,50-60%
72260,0.580724144299825,0,50-60%
72261,0.5816727840105692,0,50-60%
72262,0.5995508077939351,0,50-60%
72263,0.6205692572593688,0,50-60%
72264,0.619155315876007,0,50-60%
72265,0.5497665646870931,0,40-50%
72266,0.5738503578503926,0,50-60%
72267,0.6965919100443522,0,60-70%
72268,0.5764307939211527,0,50-60%
72269,0.5838936530749003,0,50-60%
72270,0.6525544487635294,0,60-70%
72271,0.5852289163271586,0,50-60%
72272,0.58323162428538,0,50-60%
72273,0.5532606207529703,0,40-50%
72274,0.5455653909047444,0,40-50%
72275,0.6194602532386779,0,50-60%
72276,0.6154531203905741,0,50-60%
72277,0.5976662321090698,0,50-60%
72278,0.5945566856066385,0,50-60%
72279,0.5547055247624715,0,40-50%
72280,0.5850015842119852,0,50-60%
72281,0.5894995891253153,0,50-60%
72282,0.5900002085367838,0,50-60%
72283,0.570401513894399,0,40-50%
72284,0.6095536314646403,0,50-60%
72285,0.7580094896952311,0,70-80%
72286,0.6443250420888265,0,60-70%
72287,0.6585961543718973,0,60-70%
72288,0.640794690767924,0,50-60%
72289,0.8837281150817871,0,90-100%
72290,0.5696023944218953,0,40-50%
72291,0.5911315046946207,0,50-60%
72292,0.6216559969584147,0,50-60%
72293,0.556646848042806,0,40-50%
72294,0.5536035262743632,0,40-50%
72295,0.6125437858899434,0,50-60%
72296,0.5734482371012369,0,50-60%
72297,0.5713407042821248,0,40-50%
72298,0.5856228116353352,0,50-60%
72299,0.5378362181981404,0,40-50%
72300,0.6527293883959452,0,60-70%
72301,0.6232623739242553,0,50-60%
72302,0.5257868412335713,0,40-50%
72303,0.5192958954175313,0,40-50%
72304,0.7919246835708618,0,80-90%
72305,0.4833682738939921,0,30-40%
72306,0.5757424476941426,0,50-60%
72307,0.6170947833061218,0,50-60%
72308,0.5621888004938761,0,40-50%
72309,0.6112741195360819,0,50-60%
72310,0.5806100927988688,0,50-60%
72311,0.5847437345186869,0,50-60%
72312,0.5888610723813374,0,50-60%
72313,0.5859375241597493,0,50-60%
72314,0.5996617916425069,0,50-60%
72315,0.5988559964497884,0,50-60%
72316,0.6857220493952433,0,60-70%
72317,0.6526249928474426,0,60-70%
72318,0.6049944125811259,0,50-60%
72319,0.6042919996579488,0,50-60%
72320,0.6469139102300008,0,60-70%
72321,0.5540343764623006,0,40-50%
72322,0.6039992812474568,0,50-60%
72323,0.578929448445638,0,50-60%
72324,0.5798974278767903,0,50-60%
72325,0.5432538035710652,0,40-50%
72326,0.5127722862561543,0,40-50%
72327,0.5742503964106241,0,50-60%
72328,0.5956897381146748,0,50-60%
72329,0.4803288820584615,0,30-40%
72330,0.5600557290712992,0,40-50%
72331,0.5630012118021647,0,40-50%
72332,0.5316705349286397,0,40-50%
72333,0.6433896981875101,0,60-70%
72334,0.7146767937342325,0,70-80%
72335,0.6104612909952799,0,50-60%
72336,0.5966555717786153,0,50-60%
72337,0.5482357981999715,0,40-50%
72338,0.5387824419339498,0,40-50%
72339,0.631872145652771,0,50-60%
72340,0.6415960752169291,0,60-70%
72341,0.6964848004976908,0,60-70%
72342,0.5777548793156941,0,50-60%
72343,0.5894749724070231,0,50-60%
72344,0.6007804834047953,0,50-60%
72345,0.576861139456431,0,50-60%
72346,0.6063536647160848,0,50-60%
72347,0.7712825500170389,0,70-80%
72348,0.6399049722353617,0,50-60%
72349,0.5542935692469279,0,40-50%
72350,0.6455305778185526,0,60-70%
72351,0.6645436250368754,0,60-70%
72352,0.5860428177515665,0,50-60%
72353,0.6195701642036437,0,50-60%
72354,0.651976045290629,0,60-70%
72355,0.5504991653760274,0,40-50%
72356,0.5577978137334187,0,40-50%
72357,0.7784723006884257,0,70-80%
72358,0.5696349385579427,0,40-50%
72359,0.5467113219896952,0,40-50%
72360,0.8661678118705749,0,90-100%
72361,0.4920872393449148,0,30-40%
72362,0.663996514002482,0,60-70%
72363,0.5503813269933064,0,40-50%
72364,0.5703976395924886,0,40-50%
72365,0.6188581549326578,0,50-60%
72366,0.5260073506037394,0,40-50%
72367,0.5613021814028422,0,40-50%
72368,0.5586470328966776,0,40-50%
72369,0.568021413008372,0,40-50%
72370,0.5919390284220377,0,50-60%
72371,0.5910918080012003,0,50-60%
72372,0.5821903629302978,0,50-60%
72373,0.5639143231709798,0,40-50%
72374,0.5687145236333211,0,40-50%
72375,0.5906858407656351,0,50-60%
72376,0.6173481030464172,0,50-60%
72377,0.5715496185620625,0,40-50%
72378,0.5845748745600382,0,50-60%
72379,0.5726121031443278,0,40-50%
72380,0.661867463906606,0,60-70%
72381,0.6361701451937357,0,50-60%
72382,0.728156682173411,0,70-80%
72383,0.5798366629282633,0,50-60%
72384,0.5683824065526326,0,40-50%
72385,0.5550383908748626,0,40-50%
72386,0.6226995550791422,0,50-60%
72387,0.6081928574244181,0,50-60%
72388,0.5518390499750773,0,40-50%
72389,0.5603313687642415,0,40-50%
72390,0.6332991404533386,0,50-60%
72391,0.6300097945531209,0,50-60%
72392,0.643440155506134,0,60-70%
72393,0.7170879208246866,0,70-80%
72394,0.5867527964909871,0,50-60%
72395,0.6183845046361287,0,50-60%
72396,0.6266241354942321,0,50-60%
72397,0.6419281644821166,0,60-70%
72398,0.5824123584429423,0,50-60%
72399,0.6964955293337504,0,60-70%
72400,0.6521919929186503,0,60-70%
72401,0.5704843961397806,0,40-50%
72402,0.6589642726580301,0,60-70%
72403,0.5960615558624267,0,50-60%
72404,0.5586205366452535,0,40-50%
72405,0.585580404917399,0,50-60%
72406,0.576131101767222,0,50-60%
72407,0.6187715771993001,0,50-60%
72408,0.5142734292348226,0,40-50%
72409,0.5404875520070394,0,40-50%
72410,0.58006178967158,0,50-60%
72411,0.7231142762502034,0,70-80%
72412,0.5426639877955118,0,40-50%
72413,0.6525919400850931,0,60-70%
72414,0.6085805260340372,0,50-60%
72415,0.609337147394816,0,50-60%
72416,0.6449905597368876,0,60-70%
72417,0.6060539447466532,0,50-60%
72418,0.5298999789555867,0,40-50%
72419,0.5396430177688598,0,40-50%
72420,0.5569265130360921,0,40-50%
72421,0.6134459657669067,0,50-60%
72422,0.561024900595347,0,40-50%
72423,0.5756805502573649,0,50-60%
72424,0.5849228146870931,0,50-60%
72425,0.5965239051183064,0,50-60%
72426,0.6556366049448649,0,60-70%
72427,0.5697541200319926,0,40-50%
72428,0.6259428822199503,0,50-60%
72429,0.6354191862742106,0,50-60%
72430,0.6458113753000895,0,60-70%
72431,0.5928169452349344,0,50-60%
72432,0.5796838644345601,0,50-60%
72433,0.6171417199770609,0,50-60%
72434,0.5663983467419942,0,40-50%
72435,0.5707156621615092,0,40-50%
72436,0.5971615277926127,0,50-60%
72437,0.5749458634058634,0,50-60%
72438,0.6305440031687418,0,50-60%
72439,0.6278741601308186,0,50-60%
72440,0.5798231922785441,0,50-60%
72441,0.5245020054976145,0,40-50%
72442,0.6198374592463175,0,50-60%
72443,0.6131847782135009,0,50-60%
72444,0.5666903498967488,0,40-50%
72445,0.5817660652796427,0,50-60%
72446,0.6259213371276855,0,50-60%
72447,0.6213764511744181,0,50-60%
72448,0.6128519458770751,0,50-60%
72449,0.5533447507222493,0,40-50%
72450,0.5751073602040608,0,50-60%
72451,0.6129259430567423,0,50-60%
72452,0.5939603093465169,0,50-60%
72453,0.5802624189058939,0,50-60%
72454,0.6220681630770365,0,50-60%
72455,0.5838269236882527,0,50-60%
72456,0.5765494667689005,0,50-60%
72457,0.6063127163251241,0,50-60%
72458,0.5001373532613118,0,30-40%
72459,0.7536582036018371,0,70-80%
72460,0.5962983929316202,0,50-60%
72461,0.5488861444791158,0,40-50%
72462,0.5456829908688863,0,40-50%
72463,0.5535339954694112,0,40-50%
72464,0.5112909936110178,0,40-50%
72465,0.5844007376035054,0,50-60%
72466,0.534509384950002,0,40-50%
72467,0.6659318490028381,0,60-70%
72468,0.5859101060231526,0,50-60%
72469,0.547792760848999,0,40-50%
72470,0.5545062982241312,0,40-50%
72471,0.6360004229545593,0,50-60%
72472,0.6081794741948445,0,50-60%
72473,0.4605194273789724,0,30-40%
72474,0.6120053175290425,0,50-60%
72475,0.6395682059923807,0,50-60%
72476,0.6516908370653788,0,60-70%
72477,0.6082729064623514,0,50-60%
72478,0.6291080994606018,0,50-60%
72479,0.5411417129834493,0,40-50%
72480,0.6708901209831237,0,60-70%
72481,0.5764169934590657,0,50-60%
72482,0.6323519908587137,0,50-60%
72483,0.8849994821548461,0,90-100%
72484,0.6701878272692362,0,60-70%
72485,0.5824169162114461,0,50-60%
72486,0.5573967936833699,0,40-50%
72487,0.6863847020467122,0,60-70%
72488,0.5661760532061259,0,40-50%
72489,0.6733722054163614,0,60-70%
72490,0.5994873010317484,0,50-60%
72491,0.5655337217648824,0,40-50%
72492,0.597027953783671,0,50-60%
72493,0.633990848382314,0,50-60%
72494,0.5436814072926839,0,40-50%
72495,0.5790184977849324,0,50-60%
72496,0.5794656836191813,0,50-60%
72497,0.5574801209767659,0,40-50%
72498,0.5764300190607706,0,50-60%
72499,0.6110932194391886,0,50-60%
72500,0.6058686617215474,0,50-60%
72501,0.5572335365613301,0,40-50%
72502,0.5436830762227376,0,40-50%
72503,0.5684033873875936,0,40-50%
72504,0.7588254772822062,0,70-80%
72505,0.5317260268529256,0,40-50%
72506,0.6448768022855123,0,60-70%
72507,0.6877191626230875,0,60-70%
72508,0.6126748604774475,0,50-60%
72509,0.5376894715627034,0,40-50%
72510,0.5961603803634643,0,50-60%
72511,0.6362933758099873,0,50-60%
72512,0.5446649435361226,0,40-50%
72514,0.534136796315511,0,40-50%
72515,0.5860889199574788,0,50-60%
72516,0.4868846797148387,0,30-40%
72517,0.5875666979153951,0,50-60%
72518,0.5653341058095296,0,40-50%
72519,0.5463583710988362,0,40-50%
72520,0.5825750195185343,0,50-60%
72521,0.5922424160639445,0,50-60%
72522,0.5173347237904866,0,40-50%
72523,0.6844206415812174,0,60-70%
72524,0.6177253090540568,0,50-60%
72525,0.5597610119183858,0,40-50%
72526,0.5433951857884725,0,40-50%
72527,0.560769105275472,0,40-50%
72528,0.5865097883542378,0,50-60%
72529,0.6252909862200419,0,50-60%
72530,0.6393448952039082,0,50-60%
72531,0.6350887659390767,0,50-60%
72532,0.5643475615183512,0,40-50%
72533,0.625886166413625,0,50-60%
72534,0.5667073690096537,0,40-50%
72535,0.6059748493830363,0,50-60%
72536,0.5919425729115804,0,50-60%
72537,0.6266135814984639,0,50-60%
72538,0.576635595480601,0,50-60%
72539,0.5298150423367818,0,40-50%
72540,0.544966038386027,0,40-50%
72541,0.6018117907842,0,50-60%
72542,0.548403378645579,0,40-50%
72543,0.500058347304662,0,30-40%
72544,0.5319380405743916,0,40-50%
72545,0.593449437936147,0,50-60%
72546,0.6165245456695556,0,50-60%
72547,0.613413242816925,0,50-60%
72548,0.5747383200327555,0,50-60%
72549,0.5681909564336141,0,40-50%
72550,0.6131174249649047,0,50-60%
72551,0.6973992549578348,0,60-70%
72552,0.5859441998799642,0,50-60%
72553,0.6243824922243754,0,50-60%
72554,0.6113550626436869,0,50-60%
72555,0.6533622705141703,0,60-70%
72556,0.5745082143147786,0,50-60%
72557,0.5947163942654927,0,50-60%
72558,0.6007184945742289,0,50-60%
72559,0.6713742299079895,0,60-70%
72560,0.6049389484723409,0,50-60%
72561,0.5684539043108622,0,40-50%
72562,0.6297482493718465,0,50-60%
72563,0.611425634543101,0,50-60%
72564,0.5812442266146342,0,50-60%
72565,0.6376046183904012,0,50-60%
72566,0.6017739736239115,0,50-60%
72567,0.5529240611394246,0,40-50%
72568,0.5974021517435709,0,50-60%
72569,0.5854191147486368,0,50-60%
72570,0.6011596285502115,0,50-60%
72571,0.6027240994771321,0,50-60%
72572,0.6272899471918741,0,50-60%
72573,0.5428610089619954,0,40-50%
72574,0.5724744442303975,0,40-50%
72575,0.5002507530848185,0,30-40%
72576,0.6342905405362447,0,50-60%
72577,0.7575331293741862,0,70-80%
72578,0.5142325424353281,0,40-50%
72579,0.5948416872024536,0,50-60%
72580,0.5781345609029134,0,50-60%
72581,0.6075964533487955,0,50-60%
72582,0.6609976851145426,0,60-70%
72583,0.667498612721761,0,60-70%
72584,0.5582919362386067,0,40-50%
72585,0.6395910663604736,0,50-60%
72586,0.5547007881800333,0,40-50%
72587,0.6658746881484985,0,60-70%
72588,0.6217879338264465,0,50-60%
72589,0.7205324454307556,0,70-80%
72590,0.5643481257756551,0,40-50%
68727,0.7199152989387512,0,70-80%
68728,0.7005580348968505,0,60-70%
68733,0.6280899289449056,0,50-60%
68734,0.6880513393084208,0,60-70%
68736,0.6354476772944132,0,50-60%
68741,0.660111781279246,0,60-70%
68742,0.6034612897237142,0,50-60%
72591,0.5460040532747904,0,40-50%
72592,0.6575279199282328,0,60-70%
72593,0.5519841872851053,0,40-50%
72594,0.5512398722966512,0,40-50%
72595,0.4409254136880239,0,30-40%
72596,0.579671677271525,0,50-60%
72597,0.5945158564249674,0,50-60%
72598,0.5568901263872782,0,40-50%
72599,0.5375509503682454,0,40-50%
72600,0.5284915211995442,0,40-50%
72601,0.5452500823338826,0,40-50%
72602,0.5760579072634379,0,50-60%
72603,0.629211271127065,0,50-60%
72604,0.5920978430112203,0,50-60%
72605,0.6084403637250264,0,50-60%
72606,0.565318342367808,0,40-50%
72607,0.5895208679835001,0,50-60%
72608,0.5841992142995198,0,50-60%
72609,0.5450391414960225,0,40-50%
72610,0.6329810264905293,0,50-60%
72611,0.5235276463826497,0,40-50%
72612,0.4923124872843424,0,30-40%
72613,0.6146964712142944,0,50-60%
72614,0.6465591155687967,0,60-70%
72615,0.5949796123504638,0,50-60%
72616,0.539055431207021,0,40-50%
72617,0.6072576923370361,0,50-60%
72618,0.5842857920328776,0,50-60%
72619,0.5841982049942016,0,50-60%
72620,0.5815607550938924,0,50-60%
72621,0.56436141761144,0,40-50%
72622,0.554852390607198,0,40-50%
72623,0.5515143238703409,0,40-50%
72624,0.7553789579073588,0,70-80%
72625,0.6216329895655314,0,50-60%
72626,0.6311740838686625,0,50-60%
72627,0.587978566010793,0,50-60%
72628,0.6753436886469523,0,60-70%
72629,0.4494529012044271,0,30-40%
72630,0.6228243989944457,0,50-60%
72631,0.57590740553538,0,50-60%
72632,0.6349561456044515,0,50-60%
72633,0.7411305271784464,0,70-80%
72634,0.5513037088712056,0,40-50%
72635,0.5634631160100301,0,40-50%
72636,0.5825905763308207,0,50-60%
72637,0.5765651427904764,0,50-60%
72638,0.6298028790156046,0,50-60%
72639,0.6639242453575134,0,60-70%
72640,0.601371256828308,0,50-60%
72641,0.4918892029126485,0,30-40%
72642,0.6167549772262573,0,50-60%
72643,0.6131174249649047,0,50-60%
72644,0.5713228546778361,0,40-50%
72645,0.6298993471463521,0,50-60%
72646,0.5543408039410909,0,40-50%
72647,0.6563158594767252,0,60-70%
72648,0.5458679440816243,0,40-50%
72649,0.5719166361490885,0,40-50%
72650,0.6198469085693359,0,50-60%
72651,0.5358954631487528,0,40-50%
72652,0.5942307952245076,0,50-60%
72653,0.5927165114084879,0,50-60%
72654,0.6166112386385599,0,50-60%
72655,0.5698695146242777,0,40-50%
72656,0.6119196656545003,0,50-60%
72657,0.6272069457372029,0,50-60%
72658,0.5447964313824971,0,40-50%
72659,0.5932913982073466,0,50-60%
72660,0.6618188265164693,0,60-70%
72661,0.73238694302241,0,70-80%
72662,0.5399182680447896,0,40-50%
72663,0.5486810448964436,0,40-50%
72664,0.5747407916386922,0,50-60%
72665,0.576035046895345,0,50-60%
72666,0.5214087012608846,0,40-50%
72667,0.5816724859873453,0,50-60%
72668,0.5962114893595377,0,50-60%
72669,0.5785834752718607,0,50-60%
72670,0.8567499799728393,0,90-100%
72671,0.540880406220754,0,40-50%
72672,0.630778813680013,0,50-60%
72673,0.4793055299123128,0,30-40%
72674,0.8367432041168212,0,80-90%
72675,0.6668128056526184,0,60-70%
72676,0.6208415312767028,0,50-60%
72677,0.549624884446462,0,40-50%
72678,0.5922424160639445,0,50-60%
72679,0.5995231234232584,0,50-60%
72680,0.5518393162091573,0,40-50%
72681,0.5652494990030924,0,40-50%
72682,0.6715893708864847,0,60-70%
72683,0.5549109819730123,0,40-50%
72684,0.5860206130345662,0,50-60%
72685,0.6155927144686381,0,50-60%
72686,0.6082019769350687,0,50-60%
72687,0.6635176502863566,0,60-70%
72688,0.6377828680674235,0,50-60%
72689,0.6320535225868225,0,50-60%
72690,0.6358259561856587,0,50-60%
72691,0.6043564640680948,0,50-60%
72692,0.6200616919199625,0,50-60%
72693,0.6577494703928629,0,60-70%
72694,0.581177139600118,0,50-60%
72695,0.530222857316335,0,40-50%
72696,0.5993874314626058,0,50-60%
72697,0.5679952465693155,0,40-50%
72698,0.5407495144208272,0,40-50%
72699,0.5845224502881368,0,50-60%
72700,0.6891986691157023,0,60-70%
72701,0.6275291724205017,0,50-60%
72702,0.7481160127321879,0,70-80%
72703,0.5775690916379292,0,50-60%
72704,0.5870661381085713,0,50-60%
72705,0.5595419648488362,0,40-50%
72706,0.669234391371409,0,60-70%
72707,0.6732146107355753,0,60-70%
72708,0.7278705798784891,0,70-80%
72709,0.645025754292806,0,60-70%
72710,0.576043542544047,0,50-60%
72711,0.5612263046900431,0,40-50%
72712,0.5600459221204122,0,40-50%
72713,0.5897977593739827,0,50-60%
72714,0.6630330049196879,0,60-70%
72715,0.6826060973803202,0,60-70%
72716,0.5225128177007039,0,40-50%
72717,0.6701065543492635,0,60-70%
72718,0.6192958000500997,0,50-60%
72719,0.5583122336069742,0,40-50%
72720,0.6264095587730407,0,50-60%
72721,0.5595714095433553,0,40-50%
72722,0.6526342275937398,0,60-70%
72723,0.6016878449122111,0,50-60%
72724,0.6480956637064615,0,60-70%
72725,0.5745337251027425,0,50-60%
72726,0.5370327475865682,0,40-50%
72727,0.5474182012875874,0,40-50%
72728,0.5928580406506856,0,50-60%
72729,0.655866114616394,0,60-70%
72730,0.5319786313374837,0,40-50%
72731,0.5766220930417378,0,50-60%
72732,0.7161720954577128,0,70-80%
72733,0.539518499692281,0,40-50%
72734,0.6131083054542541,0,50-60%
72735,0.6019166989326477,0,50-60%
72736,0.4828575793107351,0,30-40%
72737,0.5381726586023966,0,40-50%
72738,0.8464283032417297,0,80-90%
72739,0.5631203614870707,0,40-50%
72740,0.6381077451705932,0,50-60%
72741,0.656507786432902,0,60-70%
72742,0.5104965809186299,0,40-50%
72743,0.5646900815963745,0,40-50%
72744,0.5493833664258321,0,40-50%
72745,0.5791148506800333,0,50-60%
72746,0.6217306537628173,0,50-60%
72747,0.6585406624476114,0,60-70%
72748,0.6563725434939066,0,60-70%
72749,0.5787630322774251,0,50-60%
72750,0.6033776961962382,0,50-60%
72751,0.6023937745094299,0,50-60%
72752,0.6224748137791951,0,50-60%
72753,0.5841383301417032,0,50-60%
72754,0.6050569100379943,0,50-60%
72755,0.6525056643486022,0,60-70%
72756,0.5488861444791158,0,40-50%
72757,0.61091610622406,0,50-60%
72758,0.6011018120447794,0,50-60%
72759,0.5365395191510518,0,40-50%
72760,0.5528369787534078,0,40-50%
72761,0.5786055289904276,0,50-60%
72762,0.6312220973968505,0,50-60%
72763,0.6686621549924214,0,60-70%
72764,0.5947877449989318,0,50-60%
72765,0.6448690854708353,0,60-70%
72766,0.6181580387751261,0,50-60%
72767,0.6245899163881937,0,50-60%
72768,0.5798222068150838,0,50-60%
72769,0.624629644870758,0,50-60%
72770,0.880813030719757,0,90-100%
72771,0.8909902257919311,0,90-100%
72772,0.5425934158960978,0,40-50%
72773,0.6110932194391886,0,50-60%
72774,0.6574848257700602,0,60-70%
72775,0.5586583577791849,0,40-50%
72776,0.5513199213345845,0,40-50%
72777,0.5878629647890726,0,50-60%
72778,0.5710478070576985,0,40-50%
72779,0.5742243173917134,0,50-60%
72780,0.6110932194391886,0,50-60%
72781,0.6654824895858764,0,60-70%
72782,0.6428321563402811,0,60-70%
72783,0.581250365893046,0,50-60%
72784,0.6305952949523925,0,50-60%
72785,0.6050534807840983,0,50-60%
72786,0.5488861444791158,0,40-50%
72787,0.6144945306777954,0,50-60%
72788,0.6174302342732747,0,50-60%
72789,0.6124496701558431,0,50-60%
72790,0.7757512612342834,0,70-80%
72791,0.4924351218541463,0,30-40%
72792,0.576046192963918,0,50-60%
72793,0.6295746806462605,0,50-60%
72794,0.5369567516644795,0,40-50%
72795,0.5505934003194173,0,40-50%
72796,0.6753716432253519,0,60-70%
72797,0.5289776566823323,0,40-50%
72798,0.5832587126096089,0,50-60%
72799,0.6082881652514139,0,50-60%
72800,0.6373646500905354,0,50-60%
72801,0.5644077900250752,0,40-50%
72802,0.5389275792439778,0,40-50%
72803,0.5647992455164591,0,40-50%
72804,0.5807791315714518,0,50-60%
72805,0.6033508741060892,0,50-60%
72806,0.6775509678522745,0,60-70%
72807,0.5649666431744893,0,40-50%
72808,0.5324576142628987,0,40-50%
72809,0.6479360742568969,0,60-70%
72810,0.6841957532564799,0,60-70%
72811,0.5305963420073191,0,40-50%
72812,0.5503138863245646,0,40-50%
72813,0.701695827960968,0,60-70%
72814,0.5693125966389974,0,40-50%
72815,0.5711528304417928,0,40-50%
72816,0.5673800352414449,0,40-50%
72817,0.6653535925547281,0,60-70%
72818,0.5478565656344095,0,40-50%
72819,0.5646324995358785,0,40-50%
72820,0.5941870175997416,0,50-60%
72821,0.6378979368209838,0,50-60%
72822,0.6028591039975484,0,50-60%
72823,0.5457287990252176,0,40-50%
72824,0.4666443410714467,0,30-40%
72825,0.6356310529708862,0,50-60%
72826,0.5408459547360738,0,40-50%
72827,0.6029856764475504,0,50-60%
72828,0.583901965936025,0,50-60%
72829,0.615746911684672,0,50-60%
72830,0.5556769334475199,0,40-50%
72831,0.5898648742039998,0,50-60%
72832,0.6247042380968729,0,50-60%
72833,0.6181528253555297,0,50-60%
72834,0.6459868235588073,0,60-70%
72835,0.5934996250470479,0,50-60%
72836,0.6578097902933756,0,60-70%
72837,0.6004901173909505,0,50-60%
72838,0.5915046893755594,0,50-60%
72839,0.5695349219640096,0,40-50%
72840,0.6267949306170145,0,50-60%
72841,0.5526350382169087,0,40-50%
72842,0.5756269338925679,0,50-60%
72843,0.6197695973714192,0,50-60%
72844,0.6200539155006408,0,50-60%
72845,0.6098546945254008,0,50-60%
72846,0.7066564841270446,0,60-70%
72847,0.8369097990989685,0,80-90%
72848,0.612140266418457,0,50-60%
72849,0.5528455340067545,0,40-50%
72850,0.5362152102788289,0,40-50%
72851,0.5180931332906087,0,40-50%
72852,0.6487328373591105,0,60-70%
72853,0.5811010284423828,0,50-60%
72854,0.5667428615887959,0,40-50%
72855,0.5744814518292745,0,50-60%
72856,0.5183070543607076,0,40-50%
72857,0.5851517283121744,0,50-60%
72858,0.5427422765096028,0,40-50%
72859,0.5406819545427958,0,40-50%
72860,0.6225341521898905,0,50-60%
72861,0.5482480767567952,0,40-50%
72862,0.5794477704366048,0,50-60%
72863,0.5816727840105692,0,50-60%
72864,0.586880739847819,0,50-60%
72865,0.566963637193044,0,40-50%
72866,0.5706525686581929,0,40-50%
72867,0.5705736242930094,0,40-50%
72868,0.5125736835797627,0,40-50%
72869,0.5798965059916178,0,50-60%
72870,0.524037087281545,0,40-50%
72871,0.5014794114430745,0,30-40%
72872,0.5439417603810628,0,40-50%
72873,0.6088225804964701,0,50-60%
72874,0.6034904681841532,0,50-60%
72875,0.6398194673856099,0,50-60%
72876,0.6472140792210896,0,60-70%
72877,0.6456724964777628,0,60-70%
72878,0.5491930487950643,0,40-50%
72879,0.5171547177632649,0,40-50%
72880,0.5828870816230773,0,50-60%
72881,0.5565768721898396,0,40-50%
72882,0.5917644464174906,0,50-60%
72883,0.7364106459617614,0,70-80%
72884,0.5978939496676127,0,50-60%
72885,0.5677377823193868,0,40-50%
72886,0.5719141605695088,0,40-50%
72887,0.661132928053538,0,60-70%
72888,0.5816727840105692,0,50-60%
72889,0.6361880544026692,0,50-60%
72890,0.6167145016988118,0,50-60%
72891,0.5623734238942464,0,40-50%
72892,0.5426502787272135,0,40-50%
72893,0.5816377960840861,0,50-60%
72894,0.5673796180089314,0,40-50%
72895,0.5542343818346659,0,40-50%
72896,0.625103855450948,0,50-60%
72897,0.6138768159548441,0,50-60%
72898,0.5913010799090067,0,50-60%
72899,0.5768918954531351,0,50-60%
72900,0.6108196937243143,0,50-60%
72901,0.6196784618695577,0,50-60%
72902,0.6070444825490315,0,50-60%
72903,0.5960278474489847,0,50-60%
72904,0.6902446432113647,0,60-70%
72905,0.5472189151446024,0,40-50%
72906,0.6248284541765848,0,50-60%
72907,0.5188652518590291,0,40-50%
72908,0.5222682022253672,0,40-50%
72909,0.6005758328437805,0,50-60%
72910,0.5452555063565572,0,40-50%
72911,0.5670435392061869,0,40-50%
72912,0.6132549606959025,0,50-60%
72913,0.541055286248525,0,40-50%
72914,0.6191579066912333,0,50-60%
72915,0.5949068311055501,0,50-60%
72916,0.5822946392695109,0,50-60%
72917,0.5366284214655558,0,40-50%
72918,0.5606889092127482,0,40-50%
72919,0.7331950906117757,0,70-80%
72920,0.7869430147806803,0,80-90%
72921,0.7742216272354125,0,70-80%
72922,0.6179358604749043,0,50-60%
72923,0.6118147654533386,0,50-60%
72924,0.6809325777689615,0,60-70%
72925,0.524037087281545,0,40-50%
72926,0.5830110870997111,0,50-60%
72927,0.6742275002797444,0,60-70%
72928,0.5751817189852396,0,50-60%
72929,0.5820304714838663,0,50-60%
72930,0.5945566856066385,0,50-60%
72931,0.5969122015635172,0,50-60%
72932,0.572967911084493,0,50-60%
72933,0.5745367371241251,0,50-60%
72934,0.5903674605687459,0,50-60%
72935,0.590426083723704,0,50-60%
72936,0.8219636960029602,0,80-90%
72937,0.5847186687787373,0,50-60%
72938,0.5945566856066385,0,50-60%
72939,0.5959923508961995,0,50-60%
72940,0.5945566856066385,0,50-60%
72941,0.5387824419339498,0,40-50%
72942,0.5623779538472493,0,40-50%
72943,0.5816727840105692,0,50-60%
72944,0.6103991233507792,0,50-60%
72945,0.5574801209767659,0,40-50%
72946,0.5710243546168009,0,40-50%
72947,0.6608440839449564,0,60-70%
72948,0.5543595794041951,0,40-50%
72949,0.6343200488090515,0,50-60%
72950,0.6492232643763224,0,60-70%
72951,0.5593818071683248,0,40-50%
72952,0.6550069414774576,0,60-70%
72953,0.7670186125437418,0,70-80%
72954,0.666691359202067,0,60-70%
72955,0.5418369415601094,0,40-50%
72956,0.5808376911481221,0,50-60%
72957,0.5991963707605997,0,50-60%
72958,0.6030505541165669,0,50-60%
72959,0.5949068311055501,0,50-60%
72960,0.5692752245267232,0,40-50%
72961,0.6163608395258585,0,50-60%
72962,0.5697708689371744,0,40-50%
72963,0.5644968711535135,0,40-50%
72964,0.60429962905248,0,50-60%
72965,0.579026576201121,0,50-60%
72966,0.6154822074572245,0,50-60%
72967,0.6057195944786071,0,50-60%
72968,0.5462519172032674,0,40-50%
72969,0.5493741277058919,0,40-50%
72970,0.6315211299260457,0,50-60%
72971,0.598454054514567,0,50-60%
72972,0.6011472307840983,0,50-60%
72973,0.5459843519528707,0,40-50%
72974,0.5732500198682149,0,50-60%
72975,0.5448034647305806,0,40-50%
72976,0.5823591593106587,0,50-60%
72977,0.7309825661977132,0,70-80%
72978,0.4936566316286723,0,30-40%
72979,0.5203909837404886,0,40-50%
72980,0.5892038626670837,0,50-60%
72981,0.652065484046936,0,60-70%
72982,0.6307917200724283,0,50-60%
72983,0.5802514238357543,0,50-60%
72984,0.5169168078104655,0,40-50%
72985,0.5198062303860982,0,40-50%
72986,0.6044209284782409,0,50-60%
72987,0.6053346954981486,0,50-60%
72988,0.5978857560157775,0,50-60%
72989,0.5542756560643514,0,40-50%
72990,0.5314604881604512,0,40-50%
72991,0.5533030592600504,0,40-50%
72992,0.5658935550053914,0,40-50%
72993,0.5301231387456258,0,40-50%
72994,0.5678838454882303,0,40-50%
72995,0.5459859016736348,0,40-50%
72996,0.6019496881167093,0,50-60%
72997,0.5835625770886739,0,50-60%
72998,0.5934005025227864,0,50-60%
72999,0.5352888348897298,0,40-50%
73000,0.5360189321835835,0,40-50%
73001,0.5304575208028157,0,40-50%
73002,0.5695541464487711,0,40-50%
73003,0.5262961033185323,0,40-50%
73004,0.5478379371960957,0,40-50%
73005,0.6803550365765889,0,60-70%
73006,0.5600145104726155,0,40-50%
73007,0.5866926554044087,0,50-60%
73008,0.6530921422640482,0,60-70%
73009,0.6346232854525248,0,50-60%
73010,0.5815696361859639,0,50-60%
73011,0.5167526844342549,0,40-50%
73012,0.5488861444791158,0,40-50%
73013,0.5770409944852193,0,50-60%
73014,0.613940263112386,0,50-60%
73015,0.7321026288668314,0,70-80%
73016,0.6497002207438151,0,60-70%
73017,0.5875460468928019,0,50-60%
73018,0.6617788039843241,0,60-70%
73019,0.6055014375050862,0,50-60%
73020,0.5330240391890207,0,40-50%
73021,0.5832937601407369,0,50-60%
73022,0.5934473835627238,0,50-60%
73023,0.5723797920544942,0,40-50%
73024,0.7772609237035115,0,70-80%
73025,0.6345390044848124,0,50-60%
73026,0.5704794211387634,0,40-50%
73027,0.6563624703089396,0,60-70%
73028,0.5026197079022725,0,30-40%
73029,0.7160528543790181,0,70-80%
73030,0.5980859640439351,0,50-60%
73031,0.5834074858029683,0,50-60%
73032,0.518443608601888,0,40-50%
73033,0.6073488278388977,0,50-60%
73034,0.601049657980601,0,50-60%
73035,0.6366871836980184,0,50-60%
73036,0.6460789723396301,0,60-70%
73037,0.5793254021008809,0,50-60%
73038,0.5841048919359842,0,50-60%
73039,0.5184714439709981,0,40-50%
73040,0.5927338245709737,0,50-60%
73041,0.6617788039843241,0,60-70%
73042,0.5016321185429891,0,30-40%
73043,0.6248746795654296,0,50-60%
68707,0.5931485536893208,0,50-60%
68699,0.7803506536483764,0,80-90%
68685,0.7069712562561035,0,60-70%
68720,0.6832580847740173,0,60-70%
68690,0.6114976051648457,0,50-60%
68691,0.6513586603800455,0,60-70%
68692,0.6880261583328247,0,60-70%
68693,0.7379932684898376,0,70-80%
68697,0.6976492090225219,0,60-70%
68698,0.6903161091804504,0,60-70%
68703,0.6582804285685221,0,60-70%
68705,0.5797665360768636,0,50-60%
73044,0.613973701318105,0,50-60%
68811,0.61785977713267,0,50-60%
68807,0.7739883942604064,0,70-80%
68424,0.6659381949106852,0,60-70%
68709,0.7008952461878458,0,60-70%
68710,0.6168586257298787,0,50-60%
68711,0.7092844529151916,0,60-70%
68712,0.6552734934488932,0,60-70%
68716,0.5865897181828816,0,50-60%
68713,0.7446278018951416,0,70-80%
68717,0.6191803458531697,0,50-60%
68718,0.6383704506556193,0,50-60%
68719,0.7244299931526184,0,70-80%
68778,0.655489023844401,0,60-70%
68779,0.709896560827891,0,60-70%
68781,0.6865895949999491,0,60-70%
68782,0.7318764014244079,0,70-80%
68783,0.7494317574501037,0,70-80%
68784,0.7625835223197936,0,70-80%
68789,0.635575112024943,0,50-60%
68791,0.7422151846885681,0,70-80%
68792,0.6158009413083394,0,50-60%
68794,0.6835640632311503,0,60-70%
68752,0.6618683897654215,0,60-70%
68756,0.6145964506467183,0,50-60%
68757,0.743302433013916,0,70-80%
68754,0.7264734191894531,0,70-80%
68755,0.671099957148234,0,60-70%
68758,0.7277289314270019,0,70-80%
68762,0.6467100623448689,0,60-70%
68763,0.6923155748049418,0,60-70%
68764,0.7170267386436462,0,70-80%
68765,0.7130503935813903,0,70-80%
68509,0.7503522915840148,0,70-80%
68651,0.6449054721196492,0,60-70%
68655,0.7237765474319457,0,70-80%
68656,0.6225706580479939,0,50-60%
68661,0.7126550955772399,0,70-80%
68663,0.7375139279365539,0,70-80%
68671,0.6470907890001932,0,60-70%
68672,0.6171940210660298,0,50-60%
68674,0.7401658577919006,0,70-80%
68677,0.7381359620094299,0,70-80%
68678,0.6227277162869771,0,50-60%
68497,0.6138702872594197,0,50-60%
68498,0.7198490781784057,0,70-80%
68500,0.7487204356193542,0,70-80%
68505,0.7084563059806823,0,60-70%
68506,0.5925588849385579,0,50-60%
68507,0.6914088411331176,0,60-70%
68508,0.6326278411547342,0,50-60%
68408,0.602113509496053,0,50-60%
68793,0.6626142822901407,0,60-70%
68795,0.7012190186182657,0,60-70%
68796,0.6801545583407084,0,60-70%
68797,0.7070221586227416,0,60-70%
68798,0.7306841297149658,0,70-80%
68799,0.6650759541193644,0,60-70%
68800,0.5984887126286824,0,50-60%
68801,0.7301729006767272,0,70-80%
68802,0.6228720787366231,0,50-60%
68676,0.7327819151878356,0,70-80%
68680,0.7147676033973693,0,70-80%
68681,0.6176139953931172,0,50-60%
68684,0.5842895153363545,0,50-60%
68682,0.6134726646741231,0,50-60%
68683,0.6039579752286275,0,50-60%
68686,0.656437186717987,0,60-70%
68688,0.6787532531420389,0,60-70%
68689,0.6806427203814188,0,60-70%
68434,0.6032166126569112,0,50-60%
68653,0.7747751755714416,0,70-80%
68673,0.7612660212516784,0,70-80%
68694,0.7276783866882324,0,70-80%
68766,0.7449735684394836,0,70-80%
68767,0.6906108223597208,0,60-70%
68768,0.6966623031298319,0,60-70%
68769,0.7253361029624938,0,70-80%
68770,0.6319357994397481,0,50-60%
68771,0.7317197008132934,0,70-80%
68773,0.6317432764371236,0,50-60%
68774,0.7349287552833557,0,70-80%
68776,0.6873741113344828,0,60-70%
68777,0.722920922756195,0,70-80%
73045,0.4800976458390554,0,30-40%
73046,0.4665612819989522,0,30-40%
73047,0.5177726709047953,0,40-50%
73048,0.4572375956376394,0,30-40%
73049,0.5265765153566996,0,40-50%
73050,0.5483129266103108,0,40-50%
73051,0.5577952507336934,0,40-50%
73052,0.5594304445584615,0,40-50%
73053,0.5850959661801656,0,50-60%
73054,0.4776319506963094,0,30-40%
73055,0.5347649696667989,0,40-50%
73056,0.5724382046063741,0,40-50%
73057,0.6041755321820577,0,50-60%
73058,0.5577807111740112,0,40-50%
73059,0.5401008092562357,0,40-50%
73060,0.5413771513303121,0,40-50%
73061,0.5300260427792867,0,40-50%
73062,0.4389557185967763,0,30-40%
73063,0.482459926923116,0,30-40%
73064,0.5677533987363179,0,40-50%
73065,0.5831934455235799,0,50-60%
73066,0.3350304308732351,0,10-20%
73067,0.5502333882649739,0,40-50%
73068,0.5391534808476766,0,40-50%
73070,0.6258223338127136,0,50-60%
73071,0.5317679885228475,0,40-50%
73072,0.5405535065333048,0,40-50%
73073,0.5273103995323181,0,40-50%
73074,0.7075934691429138,0,60-70%
73075,0.3851057830651601,0,20-30%
73076,0.5099464896519978,0,40-50%
73077,0.5482084396680196,0,40-50%
73078,0.5482084396680196,0,40-50%
73079,0.4564142468770345,0,30-40%
73080,0.5384178403218587,0,40-50%
73081,0.5519557836850484,0,40-50%
73082,0.4531352463563283,0,30-40%
73083,0.5473962071736653,0,40-50%
73084,0.5359317941665649,0,40-50%
73085,0.5465478860537211,0,40-50%
73086,0.5015420877138773,0,30-40%
73087,0.5772825721104939,0,50-60%
73088,0.6037287079493204,0,50-60%
73089,0.4631043914159139,0,30-40%
73090,0.483576470931371,0,30-40%
73091,0.5280653499762217,0,40-50%
73092,0.4632140639623006,0,30-40%
73093,0.6878252906799316,0,60-70%
73094,0.6878252906799316,0,60-70%
73095,0.6930927319526672,0,60-70%
73096,0.6930927319526672,0,60-70%
73097,0.6878252906799316,0,60-70%
73098,0.5043574217160542,0,40-50%
73099,0.5288974308172861,0,40-50%
73100,0.561439689318339,0,40-50%
73101,0.4469145479996999,0,30-40%
73102,0.5155179762045542,0,40-50%
73103,0.6457813663482666,0,60-70%
73104,0.5204184316794077,0,40-50%
73105,0.6069407148361206,0,50-60%
73106,0.5738297664324442,0,50-60%
73107,0.5381921175320943,0,40-50%
73108,0.4310382846196492,0,20-30%
73109,0.469921732266744,0,30-40%
73110,0.4779503587086995,0,30-40%
73111,0.5107036196390787,0,40-50%
73112,0.6081233305931091,0,50-60%
73113,0.4993116521040598,0,30-40%
73114,0.5312724374930063,0,40-50%
73115,0.3484959545930227,0,10-20%
73116,0.6093633456230163,0,50-60%
73117,0.6178973598480224,0,50-60%
73118,0.5343355182011922,0,40-50%
73119,0.5102503541310628,0,40-50%
73120,0.5579270366032918,0,40-50%
73121,0.5093020462195078,0,40-50%
73122,0.5248107297420501,0,40-50%
73123,0.5898662451108296,0,50-60%
73124,0.574796553770701,0,50-60%
73125,0.602156754652659,0,50-60%
73126,0.5834158304532369,0,50-60%
73127,0.485513145049413,0,30-40%
73128,0.4467212203343709,0,30-40%
73129,0.6100824756622314,0,50-60%
73130,0.4676438215573629,0,30-40%
73131,0.5118351224263509,0,40-50%
73132,0.5213224533398946,0,40-50%
73133,0.6669622027079264,0,60-70%
73134,0.4208631161053975,0,20-30%
73135,0.5449226740201314,0,40-50%
73136,0.5565169695218404,0,40-50%
73137,0.6878252906799316,0,60-70%
73138,0.5801738742192586,0,50-60%
73139,0.5705389343897501,0,40-50%
73140,0.5674370808601379,0,40-50%
73141,0.6104266924858093,0,50-60%
73142,0.4996656719048818,0,30-40%
73143,0.5943810625076293,0,50-60%
73144,0.6518176479339599,0,60-70%
73145,0.6292282028198242,0,50-60%
73146,0.6699025316238403,0,60-70%
73147,0.5296443346341451,0,40-50%
73148,0.5483551863034566,0,40-50%
73149,0.4922339879671732,0,30-40%
73150,0.5183575990994771,0,40-50%
73151,0.6086498184204101,0,50-60%
73152,0.5050919615427653,0,40-50%
73153,0.5327036940256754,0,40-50%
73154,0.6499061865806579,0,60-70%
73155,0.6230107231140136,0,50-60%
73156,0.5118381642500559,0,40-50%
73157,0.514647092739741,0,40-50%
73158,0.4441385808785756,0,30-40%
73159,0.5669916553497314,0,40-50%
73160,0.5200274550120035,0,40-50%
73161,0.4559807720979055,0,30-40%
73162,0.5460064970652262,0,40-50%
73163,0.5120539906819661,0,40-50%
73164,0.4641882124741872,0,30-40%
73165,0.57497727505366,0,50-60%
73166,0.5528860373497009,0,40-50%
73167,0.4952433648904165,0,30-40%
73168,0.4664099160035451,0,30-40%
73169,0.5335062407652537,0,40-50%
73170,0.5217359923521677,0,40-50%
73171,0.5950071179072062,0,50-60%
73172,0.511416876633962,0,40-50%
73173,0.5902117136319478,0,50-60%
73174,0.4739110115369161,0,30-40%
73176,0.5933324379920959,0,50-60%
73177,0.6512123627662658,0,60-70%
73178,0.7449628992080688,0,70-80%
73179,0.465138548930486,0,30-40%
73180,0.6571829600334167,0,60-70%
73181,0.6321934146881103,0,50-60%
73182,0.4345499538580576,0,20-30%
73183,0.5962670130729675,0,50-60%
73184,0.3684918247858683,0,20-30%
73185,0.4904452803929647,0,30-40%
73186,0.5611849410533905,0,40-50%
73187,0.601037709236145,0,50-60%
73188,0.5555175506273905,0,40-50%
73189,0.5784364306131998,0,50-60%
73190,0.5145239475568135,0,40-50%
73191,0.5291391256650289,0,40-50%
73192,0.475171292146047,0,30-40%
73193,0.5773682279586791,0,50-60%
73194,0.5501315557161967,0,40-50%
73195,0.5252951068878173,0,40-50%
73196,0.6295308156013488,0,50-60%
73197,0.4833883586724599,0,30-40%
73198,0.5369566642443339,0,40-50%
73199,0.6303718967437744,0,50-60%
73200,0.4991049412091573,0,30-40%
73201,0.4805839899381002,0,30-40%
73202,0.5026139580408732,0,30-40%
73203,0.4440288487275441,0,30-40%
73204,0.5741858127911885,0,50-60%
73205,0.5673409663836161,0,40-50%
73206,0.5599164012273152,0,40-50%
73207,0.5232889615694681,0,40-50%
73208,0.4948340299924215,0,30-40%
73209,0.5046901944478352,0,40-50%
73210,0.5552115423679351,0,40-50%
73211,0.572267588297526,0,40-50%
73212,0.468790048678716,0,30-40%
73213,0.543187793413798,0,40-50%
73214,0.5071316324869791,0,40-50%
73215,0.4927148484388987,0,30-40%
73216,0.5980703516006469,0,50-60%
73217,0.5707173906962076,0,40-50%
73218,0.6193850878079732,0,50-60%
73219,0.3810334447224935,0,20-30%
73220,0.5620581471125284,0,40-50%
73221,0.4860539081891378,0,30-40%
73222,0.558696830590566,0,40-50%
73223,0.5720868074099222,0,40-50%
73224,0.614201124827067,0,50-60%
73225,0.4640982710520426,0,30-40%
73226,0.5719487034479777,0,40-50%
73227,0.5604193174044291,0,40-50%
73228,0.5271432085037231,0,40-50%
73229,0.4320653918584188,0,20-30%
73230,0.6244976166089375,0,50-60%
73231,0.4804739319483439,0,30-40%
73232,0.502247536500295,0,30-40%
73233,0.550920927842458,0,40-50%
73234,0.4253297391732534,0,20-30%
73235,0.5648785196940104,0,40-50%
73236,0.4903675857385,0,30-40%
73237,0.6710384173393249,0,60-70%
73238,0.4780658725102742,0,30-40%
73239,0.6126700603167216,0,50-60%
73240,0.641838638305664,0,60-70%
73241,0.5169770104885101,0,40-50%
73242,0.5253476463953654,0,40-50%
73243,0.6108207983970642,0,50-60%
73244,0.6018812023798624,0,50-60%
73245,0.5555175506273905,0,40-50%
73246,0.6339654011726379,0,50-60%
73247,0.6239772124290466,0,50-60%
73248,0.5513933860460917,0,40-50%
73249,0.5825298113822936,0,50-60%
73250,0.4808688107331594,0,30-40%
73251,0.5290360692342122,0,40-50%
73252,0.5309498551686604,0,40-50%
73253,0.6094246191978454,0,50-60%
73254,0.5524617079099019,0,40-50%
73255,0.5135123971303304,0,40-50%
73256,0.5182036422888437,0,40-50%
73257,0.5555175506273905,0,40-50%
73258,0.4946857038338979,0,30-40%
73259,0.5479652249018351,0,40-50%
73260,0.7103957497278849,0,70-80%
73261,0.5840169154802958,0,50-60%
73262,0.6560600363413492,0,60-70%
73263,0.6477248632113138,0,60-70%
73264,0.7244345509211222,0,70-80%
73265,0.6112817767461141,0,50-60%
73266,0.549275660832723,0,40-50%
73267,0.5824656728108724,0,50-60%
73268,0.5996170007387797,0,50-60%
73269,0.6962850335439046,0,60-70%
73270,0.6039530002276102,0,50-60%
73271,0.6039530002276102,0,50-60%
73272,0.6510095877647399,0,60-70%
73273,0.5622086766560872,0,40-50%
73274,0.6223832650184631,0,50-60%
73275,0.5288449489275614,0,40-50%
73276,0.5281964186032613,0,40-50%
73277,0.5750805977185567,0,50-60%
73278,0.5772244893709818,0,50-60%
73279,0.6660953127543131,0,60-70%
73280,0.5550828817685445,0,40-50%
73281,0.592108512242635,0,50-60%
73282,0.5744641664822896,0,50-60%
73283,0.5470283590952555,0,40-50%
73284,0.5588144305547078,0,40-50%
73285,0.5769973360697428,0,50-60%
73286,0.6537359320322672,0,60-70%
73287,0.6580457054773966,0,60-70%
73288,0.5371985677083333,0,40-50%
73289,0.5759139302571614,0,50-60%
73290,0.60830673011144,0,50-60%
73291,0.5371985677083333,0,40-50%
73292,0.5761859658559163,0,50-60%
73293,0.543936932404836,0,40-50%
73294,0.6310405098597208,0,50-60%
73295,0.5732407215436299,0,50-60%
73296,0.5954854451815287,0,50-60%
73297,0.5986360870997111,0,50-60%
73298,0.5668766740163167,0,40-50%
73299,0.5485290530522664,0,40-50%
73300,0.6310740394592285,0,50-60%
73301,0.5478140357335408,0,40-50%
73302,0.5506977402369181,0,40-50%
73303,0.642046149889628,0,60-70%
73304,0.6044814550081888,0,50-60%
73305,0.6094398740132649,0,50-60%
73306,0.5985935889879862,0,50-60%
73307,0.6045014503796895,0,50-60%
73308,0.5769973360697428,0,50-60%
73309,0.6001267714500427,0,50-60%
73310,0.5444530231952667,0,40-50%
73311,0.6215122623443603,0,50-60%
73312,0.5911539478302001,0,50-60%
73313,0.6342839840253194,0,50-60%
73314,0.5186324957211812,0,40-50%
73315,0.6287445707321166,0,50-60%
73316,0.4846239927609762,0,30-40%
73317,0.568096753279368,0,40-50%
