incident_id,date,predicted_category_machine,predicted_category_human,state,year,month,year_month,quarter
55035,2023-12-31,Numbers / Symbols,Antisemitism,Ohio,2023,12,2023-12,4
54433,2023-12-31,Numbers / Symbols,Antisemitism,New Jersey,2023,12,2023-12,4
55033,2023-12-31,Incidents / Events,Antisemitism,Texas,2023,12,2023-12,4
63717,2024-01-01,Groups / Movements,Antisemitism,New York,2024,1,2024-01,1
54432,2023-12-31,Incidents / Events,Antisemitism,Maryland,2023,12,2023-12,4
55032,2023-12-31,Incidents / Events,Antisemitism,North Carolina,2023,12,2023-12,4
63538,2024-01-02,Publications,Antisemitism,Arizona,2024,1,2024-01,1
63924,2024-01-02,Key Concepts / Definitions,Antisemitism,California,2024,1,2024-01,1
63587,2024-01-02,Key Concepts / Definitions,Antisemitism,California,2024,1,2024-01,1
63725,2024-01-02,Key Concepts / Definitions,Antisemitism,California,2024,1,2024-01,1
63641,2024-01-01,Incidents / Events,Antisemitism,California,2024,1,2024-01,1
63680,2024-01-02,Incidents / Events,Antisemitism,California,2024,1,2024-01,1
63449,2024-01-02,Key Concepts / Definitions,Antisemitism,California,2024,1,2024-01,1
63704,2024-01-02,Key Concepts / Definitions,Antisemitism,California,2024,1,2024-01,1
63610,2024-01-02,Key Concepts / Definitions,Antisemitism,California,2024,1,2024-01,1
63893,2024-01-02,Incidents / Events,Antisemitism,California,2024,1,2024-01,1
63847,2024-01-02,Numbers / Symbols,Antisemitism,Massachusetts,2024,1,2024-01,1
63442,2024-01-02,Slogans / Code words,Antisemitism,Alaska,2024,1,2024-01,1
63743,2024-01-02,Slogans / Code words,Antisemitism,Vermont,2024,1,2024-01,1
63485,2024-01-03,Numbers / Symbols,Antisemitism,Maryland,2024,1,2024-01,1
63727,2024-01-03,Key Concepts / Definitions,Antisemitism,North Carolina,2024,1,2024-01,1
63591,2024-01-03,Slogans / Code words,Antisemitism,Illinois,2024,1,2024-01,1
63919,2024-01-03,Key Concepts / Definitions,Antisemitism,Michigan,2024,1,2024-01,1
63584,2024-01-02,Incidents / Events,Antisemitism,California,2024,1,2024-01,1
63798,2024-01-02,Key Concepts / Definitions,Antisemitism,California,2024,1,2024-01,1
63568,2024-01-02,Key Concepts / Definitions,Antisemitism,California,2024,1,2024-01,1
63553,2024-01-03,Incidents / Events,Antisemitism,Michigan,2024,1,2024-01,1
63645,2024-01-02,Incidents / Events,Antisemitism,California,2024,1,2024-01,1
63886,2024-01-03,Key Concepts / Definitions,Antisemitism,Michigan,2024,1,2024-01,1
63612,2024-01-03,Key Concepts / Definitions,Antisemitism,Michigan,2024,1,2024-01,1
63906,2024-01-03,Key Concepts / Definitions,Antisemitism,Michigan,2024,1,2024-01,1
63601,2024-01-03,Key Concepts / Definitions,Antisemitism,Michigan,2024,1,2024-01,1
63496,2024-01-03,Incidents / Events,Antisemitism,Michigan,2024,1,2024-01,1
63770,2024-01-03,Key Concepts / Definitions,Antisemitism,Michigan,2024,1,2024-01,1
63448,2024-01-03,Incidents / Events,Antisemitism,Michigan,2024,1,2024-01,1
63833,2024-01-03,Key Concepts / Definitions,Antisemitism,North Carolina,2024,1,2024-01,1
55026,2023-12-31,Incidents / Events,Antisemitism,Texas,2023,12,2023-12,4
63750,2024-01-02,Key Concepts / Definitions,Antisemitism,California,2024,1,2024-01,1
54426,2023-12-31,People,Antisemitism,California,2023,12,2023-12,4
63684,2024-01-02,Key Concepts / Definitions,Antisemitism,California,2024,1,2024-01,1
63912,2024-01-04,Slogans / Code words,Antisemitism,Washington D.C.,2024,1,2024-01,1
63487,2024-01-03,Groups / Movements,Antisemitism,Maryland,2024,1,2024-01,1
55018,2023-12-31,Incidents / Events,Antisemitism,Texas,2023,12,2023-12,4
63552,2024-01-03,"Slogans / Code words, Key Concepts / Definitions",Antisemitism,New York,2024,1,2024-01,1
63923,2024-01-04,Numbers / Symbols,Antisemitism,Massachusetts,2024,1,2024-01,1
63444,2024-01-04,Slogans / Code words,Antisemitism,California,2024,1,2024-01,1
63497,2024-01-03,Incidents / Events,Antisemitism,North Carolina,2024,1,2024-01,1
63845,2024-01-02,Key Concepts / Definitions,Antisemitism,California,2024,1,2024-01,1
63920,2024-01-04,Numbers / Symbols,Antisemitism,Oregon,2024,1,2024-01,1
63609,2024-01-02,Key Concepts / Definitions,Antisemitism,California,2024,1,2024-01,1
63841,2024-01-02,Key Concepts / Definitions,Antisemitism,California,2024,1,2024-01,1
63848,2024-01-02,Key Concepts / Definitions,Antisemitism,California,2024,1,2024-01,1
63901,2024-01-02,Key Concepts / Definitions,Antisemitism,California,2024,1,2024-01,1
68924,2024-01-01,Slogans / Code words,Antisemitism,Pennsylvania,2024,1,2024-01,1
63780,2024-01-05,Numbers / Symbols,Antisemitism,Vermont,2024,1,2024-01,1
63686,2024-01-03,Groups / Movements,Antisemitism,California,2024,1,2024-01,1
63892,2024-01-02,Incidents / Events,Antisemitism,New York,2024,1,2024-01,1
63816,2024-01-02,Key Concepts / Definitions,Antisemitism,California,2024,1,2024-01,1
63726,2024-01-02,Key Concepts / Definitions,Antisemitism,California,2024,1,2024-01,1
63896,2024-01-02,Key Concepts / Definitions,Antisemitism,California,2024,1,2024-01,1
63670,2024-01-02,Incidents / Events,Antisemitism,California,2024,1,2024-01,1
63859,2024-01-02,Key Concepts / Definitions,Antisemitism,California,2024,1,2024-01,1
63900,2024-01-02,Key Concepts / Definitions,Antisemitism,California,2024,1,2024-01,1
63818,2024-01-02,Incidents / Events,Antisemitism,California,2024,1,2024-01,1
63486,2024-01-02,Key Concepts / Definitions,Antisemitism,California,2024,1,2024-01,1
63626,2024-01-02,Key Concepts / Definitions,Antisemitism,California,2024,1,2024-01,1
63476,2024-01-02,Incidents / Events,Antisemitism,California,2024,1,2024-01,1
63757,2024-01-02,Key Concepts / Definitions,Antisemitism,California,2024,1,2024-01,1
63521,2024-01-02,Key Concepts / Definitions,Antisemitism,California,2024,1,2024-01,1
63768,2024-01-02,Key Concepts / Definitions,Antisemitism,California,2024,1,2024-01,1
63834,2024-01-02,Key Concepts / Definitions,Antisemitism,California,2024,1,2024-01,1
63616,2024-01-02,Key Concepts / Definitions,Antisemitism,California,2024,1,2024-01,1
63555,2024-01-02,Incidents / Events,Antisemitism,California,2024,1,2024-01,1
63599,2024-01-02,Incidents / Events,Antisemitism,California,2024,1,2024-01,1
63543,2024-01-02,Key Concepts / Definitions,Antisemitism,California,2024,1,2024-01,1
63520,2024-01-02,Incidents / Events,Antisemitism,California,2024,1,2024-01,1
63471,2024-01-02,Key Concepts / Definitions,Antisemitism,California,2024,1,2024-01,1
63453,2024-01-02,Key Concepts / Definitions,Antisemitism,California,2024,1,2024-01,1
63783,2024-01-02,Key Concepts / Definitions,Antisemitism,California,2024,1,2024-01,1
63617,2024-01-02,Key Concepts / Definitions,Antisemitism,California,2024,1,2024-01,1
63625,2024-01-02,Key Concepts / Definitions,Antisemitism,California,2024,1,2024-01,1
63562,2024-01-02,Key Concepts / Definitions,Antisemitism,California,2024,1,2024-01,1
63744,2024-01-02,Key Concepts / Definitions,Antisemitism,California,2024,1,2024-01,1
63679,2024-01-02,Key Concepts / Definitions,Antisemitism,California,2024,1,2024-01,1
63460,2024-01-02,Incidents / Events,Antisemitism,California,2024,1,2024-01,1
63730,2024-01-02,Key Concepts / Definitions,Antisemitism,California,2024,1,2024-01,1
63529,2024-01-02,Incidents / Events,Antisemitism,California,2024,1,2024-01,1
63731,2024-01-02,Key Concepts / Definitions,Antisemitism,California,2024,1,2024-01,1
63648,2024-01-02,Key Concepts / Definitions,Antisemitism,California,2024,1,2024-01,1
63510,2024-01-02,Incidents / Events,Antisemitism,California,2024,1,2024-01,1
63582,2024-01-02,Key Concepts / Definitions,Antisemitism,California,2024,1,2024-01,1
63819,2024-01-02,Key Concepts / Definitions,Antisemitism,California,2024,1,2024-01,1
63855,2024-01-02,Key Concepts / Definitions,Antisemitism,California,2024,1,2024-01,1
63463,2024-01-02,Key Concepts / Definitions,Antisemitism,California,2024,1,2024-01,1
63490,2024-01-02,Key Concepts / Definitions,Antisemitism,California,2024,1,2024-01,1
63836,2024-01-02,Key Concepts / Definitions,Antisemitism,California,2024,1,2024-01,1
63878,2024-01-02,Key Concepts / Definitions,Antisemitism,California,2024,1,2024-01,1
63638,2024-01-02,Key Concepts / Definitions,Antisemitism,California,2024,1,2024-01,1
63653,2024-01-02,Key Concepts / Definitions,Antisemitism,California,2024,1,2024-01,1
63918,2024-01-04,Slogans / Code words,Antisemitism,California,2024,1,2024-01,1
63917,2024-01-04,Key Concepts / Definitions,Antisemitism,New York,2024,1,2024-01,1
63869,2024-01-07,Numbers / Symbols,Antisemitism,California,2024,1,2024-01,1
63738,2024-01-02,Key Concepts / Definitions,Antisemitism,California,2024,1,2024-01,1
63657,2024-01-02,Key Concepts / Definitions,Antisemitism,California,2024,1,2024-01,1
63662,2024-01-07,Incidents / Events,Antisemitism,Florida,2024,1,2024-01,1
63512,2024-01-04,Numbers / Symbols,Antisemitism,Maryland,2024,1,2024-01,1
63559,2024-01-02,Incidents / Events,Antisemitism,California,2024,1,2024-01,1
63771,2024-01-02,Key Concepts / Definitions,Antisemitism,California,2024,1,2024-01,1
63567,2024-01-02,Key Concepts / Definitions,Antisemitism,California,2024,1,2024-01,1
63509,2024-01-02,Key Concepts / Definitions,Antisemitism,California,2024,1,2024-01,1
63481,2024-01-02,Incidents / Events,Antisemitism,California,2024,1,2024-01,1
63699,2024-01-02,Key Concepts / Definitions,Antisemitism,California,2024,1,2024-01,1
63663,2024-01-02,Key Concepts / Definitions,Antisemitism,California,2024,1,2024-01,1
63740,2024-01-02,Key Concepts / Definitions,Antisemitism,California,2024,1,2024-01,1
63573,2024-01-02,Key Concepts / Definitions,Antisemitism,California,2024,1,2024-01,1
63556,2024-01-02,Key Concepts / Definitions,Antisemitism,California,2024,1,2024-01,1
63646,2024-01-02,Key Concepts / Definitions,Antisemitism,California,2024,1,2024-01,1
63647,2024-01-02,Key Concepts / Definitions,Antisemitism,California,2024,1,2024-01,1
63903,2024-01-02,Key Concepts / Definitions,Antisemitism,California,2024,1,2024-01,1
63737,2024-01-02,Key Concepts / Definitions,Antisemitism,California,2024,1,2024-01,1
63804,2024-01-08,Slogans / Code words,Antisemitism,California,2024,1,2024-01,1
63673,2024-01-02,Key Concepts / Definitions,Antisemitism,California,2024,1,2024-01,1
63767,2024-01-05,People,Antisemitism,Nevada,2024,1,2024-01,1
63605,2024-01-02,Key Concepts / Definitions,Antisemitism,California,2024,1,2024-01,1
63462,2024-01-02,Key Concepts / Definitions,Antisemitism,California,2024,1,2024-01,1
63564,2024-01-02,Incidents / Events,Antisemitism,California,2024,1,2024-01,1
63447,2024-01-02,Key Concepts / Definitions,Antisemitism,California,2024,1,2024-01,1
63576,2024-01-02,Key Concepts / Definitions,Antisemitism,California,2024,1,2024-01,1
60709,2023-12-31,Incidents / Events,Antisemitism,Michigan,2023,12,2023-12,4
63644,2024-01-02,Key Concepts / Definitions,Antisemitism,California,2024,1,2024-01,1
63466,2024-01-02,Key Concepts / Definitions,Antisemitism,California,2024,1,2024-01,1
63468,2024-01-02,Key Concepts / Definitions,Antisemitism,California,2024,1,2024-01,1
63877,2024-01-02,Key Concepts / Definitions,Antisemitism,California,2024,1,2024-01,1
63693,2024-01-08,Incidents / Events,Antisemitism,Washington,2024,1,2024-01,1
63810,2024-01-08,Incidents / Events,Antisemitism,New York,2024,1,2024-01,1
68925,2024-01-03,Key Concepts / Definitions,Antisemitism,Connecticut,2024,1,2024-01,1
63637,2024-01-01,Numbers / Symbols,Antisemitism,Connecticut,2024,1,2024-01,1
63824,2024-01-06,Slogans / Code words,Antisemitism,Maryland,2024,1,2024-01,1
63519,2024-01-08,Platforms / Sites,Antisemitism,Washington,2024,1,2024-01,1
63766,2024-01-08,Slogans / Code words,Antisemitism,Florida,2024,1,2024-01,1
63751,2024-01-08,Slogans / Code words,Antisemitism,New Jersey,2024,1,2024-01,1
63524,2024-01-08,Groups / Movements,Antisemitism,Missouri,2024,1,2024-01,1
59520,2023-12-31,Slogans / Code words,Antisemitism,California,2023,12,2023-12,4
59754,2023-12-31,Slogans / Code words,Antisemitism,Colorado,2023,12,2023-12,4
59724,2023-12-31,Conspiracy Theories,Antisemitism,Oregon,2023,12,2023-12,4
59605,2023-12-31,Numbers / Symbols,Antisemitism,Florida,2023,12,2023-12,4
60312,2023-12-31,Slogans / Code words,Antisemitism,Missouri,2023,12,2023-12,4
59568,2023-12-31,Numbers / Symbols,Antisemitism,Maine,2023,12,2023-12,4
59993,2023-12-31,Numbers / Symbols,Antisemitism,Georgia,2023,12,2023-12,4
59719,2023-12-31,Slogans / Code words,Antisemitism,New Jersey,2023,12,2023-12,4
59361,2023-12-31,Slogans / Code words,Antisemitism,New Jersey,2023,12,2023-12,4
59964,2023-12-31,Slogans / Code words,Antisemitism,Ohio,2023,12,2023-12,4
60059,2023-12-31,Numbers / Symbols,Antisemitism,Florida,2023,12,2023-12,4
60134,2023-12-31,Numbers / Symbols,Antisemitism,Illinois,2023,12,2023-12,4
59104,2023-12-31,Slogans / Code words,Antisemitism,California,2023,12,2023-12,4
59183,2023-12-31,Slogans / Code words,Antisemitism,New York,2023,12,2023-12,4
59524,2023-12-31,Slogans / Code words,Antisemitism,Massachusetts,2023,12,2023-12,4
59641,2023-12-31,Numbers / Symbols,Antisemitism,California,2023,12,2023-12,4
68927,2024-01-03,Slogans / Code words,Antisemitism,California,2024,1,2024-01,1
68928,2024-01-03,Platforms / Sites,Antisemitism,Michigan,2024,1,2024-01,1
68929,2024-01-03,Groups / Movements,Antisemitism,Massachusetts,2024,1,2024-01,1
68930,2024-01-02,Slogans / Code words,Antisemitism,Kansas,2024,1,2024-01,1
64970,2024-01-02,Groups / Movements,Antisemitism,Colorado,2024,1,2024-01,1
68931,2024-01-01,Slogans / Code words,Antisemitism,California,2024,1,2024-01,1
68932,2024-01-01,Slogans / Code words,Antisemitism,New York,2024,1,2024-01,1
68933,2024-01-01,Groups / Movements,Antisemitism,New York,2024,1,2024-01,1
68934,2024-01-01,Numbers / Symbols,Antisemitism,New York,2024,1,2024-01,1
68935,2024-01-01,Slogans / Code words,Antisemitism,Georgia,2024,1,2024-01,1
59102,2023-12-31,Slogans / Code words,Antisemitism,New York,2023,12,2023-12,4
59230,2023-12-31,Slogans / Code words,Antisemitism,Texas,2023,12,2023-12,4
59340,2023-12-31,Slogans / Code words,Antisemitism,Louisiana,2023,12,2023-12,4
59353,2023-12-31,Slogans / Code words,Antisemitism,New York,2023,12,2023-12,4
60396,2023-12-31,Numbers / Symbols,Antisemitism,Washington,2023,12,2023-12,4
59391,2023-12-31,Slogans / Code words,Antisemitism,North Carolina,2023,12,2023-12,4
59939,2023-12-31,Numbers / Symbols,Antisemitism,New Hampshire,2023,12,2023-12,4
59609,2023-12-31,Slogans / Code words,Antisemitism,Rhode Island,2023,12,2023-12,4
59387,2023-12-31,Slogans / Code words,Antisemitism,Maryland,2023,12,2023-12,4
59162,2023-12-31,Slogans / Code words,Antisemitism,Wisconsin,2023,12,2023-12,4
59712,2023-12-31,Slogans / Code words,Antisemitism,North Carolina,2023,12,2023-12,4
59554,2023-12-31,Slogans / Code words,Antisemitism,Utah,2023,12,2023-12,4
60300,2023-12-31,Numbers / Symbols,Antisemitism,Washington D.C.,2023,12,2023-12,4
59995,2023-12-31,Slogans / Code words,Antisemitism,North Carolina,2023,12,2023-12,4
59376,2023-12-31,Slogans / Code words,Antisemitism,Minnesota,2023,12,2023-12,4
63692,2024-01-03,Key Concepts / Definitions,Antisemitism,Colorado,2024,1,2024-01,1
63885,2024-01-09,Incidents / Events,Antisemitism,Colorado,2024,1,2024-01,1
63747,2024-01-03,Numbers / Symbols,Antisemitism,New York,2024,1,2024-01,1
63721,2024-01-09,Key Concepts / Definitions,Antisemitism,Colorado,2024,1,2024-01,1
63690,2024-01-08,Incidents / Events,Antisemitism,Texas,2024,1,2024-01,1
63507,2024-01-04,Numbers / Symbols,Antisemitism,New York,2024,1,2024-01,1
63790,2024-01-05,Key Concepts / Definitions,Antisemitism,Pennsylvania,2024,1,2024-01,1
68936,2024-01-06,Slogans / Code words,Antisemitism,Florida,2024,1,2024-01,1
68937,2024-01-06,Slogans / Code words,Antisemitism,New Mexico,2024,1,2024-01,1
68938,2024-01-07,Slogans / Code words,Antisemitism,North Carolina,2024,1,2024-01,1
68939,2024-01-06,Slogans / Code words,Antisemitism,Florida,2024,1,2024-01,1
68940,2024-01-06,Groups / Movements,Antisemitism,Washington,2024,1,2024-01,1
68941,2024-01-06,Slogans / Code words,Antisemitism,New York,2024,1,2024-01,1
68942,2024-01-06,Slogans / Code words,Antisemitism,Arizona,2024,1,2024-01,1
68943,2024-01-07,Slogans / Code words,Antisemitism,Maryland,2024,1,2024-01,1
68944,2024-01-07,Slogans / Code words,Antisemitism,Alabama,2024,1,2024-01,1
68945,2024-01-04,Slogans / Code words,Antisemitism,Arizona,2024,1,2024-01,1
68946,2024-01-06,Slogans / Code words,Antisemitism,Arizona,2024,1,2024-01,1
68947,2024-01-05,Slogans / Code words,Antisemitism,New Jersey,2024,1,2024-01,1
68948,2024-01-05,Groups / Movements,Antisemitism,Illinois,2024,1,2024-01,1
68949,2024-01-04,Slogans / Code words,Antisemitism,New York,2024,1,2024-01,1
68950,2024-01-07,Groups / Movements,Antisemitism,Louisiana,2024,1,2024-01,1
68951,2024-01-05,Slogans / Code words,Antisemitism,Florida,2024,1,2024-01,1
68952,2024-01-06,Slogans / Code words,Antisemitism,California,2024,1,2024-01,1
68953,2024-01-06,Slogans / Code words,Antisemitism,Colorado,2024,1,2024-01,1
68954,2024-01-06,Groups / Movements,Antisemitism,Wisconsin,2024,1,2024-01,1
68955,2024-01-06,Slogans / Code words,Antisemitism,Florida,2024,1,2024-01,1
68956,2024-01-06,Slogans / Code words,Antisemitism,Illinois,2024,1,2024-01,1
68957,2024-01-06,Slogans / Code words,Antisemitism,Pennsylvania,2024,1,2024-01,1
68958,2024-01-08,Groups / Movements,Antisemitism,Georgia,2024,1,2024-01,1
68959,2024-01-07,Slogans / Code words,Antisemitism,Texas,2024,1,2024-01,1
68960,2024-01-04,"Slogans / Code words, Conspiracy Theories, Key Concepts / Definitions",Antisemitism,Florida,2024,1,2024-01,1
68961,2024-01-07,Slogans / Code words,Antisemitism,Missouri,2024,1,2024-01,1
68962,2024-01-07,Slogans / Code words,Antisemitism,California,2024,1,2024-01,1
68963,2024-01-06,People,Antisemitism,Wisconsin,2024,1,2024-01,1
68964,2024-01-07,People,Antisemitism,Georgia,2024,1,2024-01,1
68965,2024-01-05,Numbers / Symbols,Antisemitism,Colorado,2024,1,2024-01,1
68966,2024-01-07,Slogans / Code words,Antisemitism,California,2024,1,2024-01,1
68967,2024-01-06,Slogans / Code words,Antisemitism,California,2024,1,2024-01,1
68968,2024-01-05,Slogans / Code words,Antisemitism,New York,2024,1,2024-01,1
68969,2024-01-06,Slogans / Code words,Antisemitism,Rhode Island,2024,1,2024-01,1
68970,2024-01-06,Slogans / Code words,Antisemitism,Texas,2024,1,2024-01,1
68971,2024-01-06,Slogans / Code words,Antisemitism,Texas,2024,1,2024-01,1
68972,2024-01-07,Slogans / Code words,Antisemitism,Minnesota,2024,1,2024-01,1
68973,2024-01-05,Slogans / Code words,Antisemitism,California,2024,1,2024-01,1
68974,2024-01-04,Slogans / Code words,Antisemitism,Colorado,2024,1,2024-01,1
68975,2024-01-04,Slogans / Code words,Antisemitism,Wisconsin,2024,1,2024-01,1
68976,2024-01-06,Slogans / Code words,Antisemitism,New York,2024,1,2024-01,1
68977,2024-01-08,Slogans / Code words,Antisemitism,New York,2024,1,2024-01,1
68978,2024-01-07,Slogans / Code words,Antisemitism,Texas,2024,1,2024-01,1
68979,2024-01-04,Slogans / Code words,Antisemitism,Kentucky,2024,1,2024-01,1
68980,2024-01-05,Groups / Movements,Antisemitism,Ohio,2024,1,2024-01,1
68981,2024-01-07,Slogans / Code words,Antisemitism,Michigan,2024,1,2024-01,1
68982,2024-01-06,Slogans / Code words,Antisemitism,New York,2024,1,2024-01,1
68983,2024-01-07,Slogans / Code words,Antisemitism,Ohio,2024,1,2024-01,1
68984,2024-01-06,Groups / Movements,Antisemitism,Georgia,2024,1,2024-01,1
68985,2024-01-06,Numbers / Symbols,Antisemitism,Minnesota,2024,1,2024-01,1
68986,2024-01-07,Slogans / Code words,Antisemitism,Colorado,2024,1,2024-01,1
68987,2024-01-04,Slogans / Code words,Antisemitism,North Carolina,2024,1,2024-01,1
63523,2024-01-09,Slogans / Code words,Antisemitism,Arkansas,2024,1,2024-01,1
63792,2024-01-09,Slogans / Code words,Antisemitism,Nevada,2024,1,2024-01,1
63484,2024-01-06,Groups / Movements,Antisemitism,Michigan,2024,1,2024-01,1
63870,2024-01-09,People,Antisemitism,Washington,2024,1,2024-01,1
63807,2024-01-08,Numbers / Symbols,Antisemitism,Connecticut,2024,1,2024-01,1
63922,2024-01-07,Numbers / Symbols,Antisemitism,New Jersey,2024,1,2024-01,1
63483,2024-01-04,Numbers / Symbols,Antisemitism,Massachusetts,2024,1,2024-01,1
63711,2024-01-04,Key Concepts / Definitions,Antisemitism,Massachusetts,2024,1,2024-01,1
63649,2024-01-02,Numbers / Symbols,Antisemitism,Florida,2024,1,2024-01,1
63899,2024-01-02,Key Concepts / Definitions,Antisemitism,Texas,2024,1,2024-01,1
63758,2024-01-10,Numbers / Symbols,Antisemitism,New York,2024,1,2024-01,1
63850,2024-01-08,Slogans / Code words,Antisemitism,Florida,2024,1,2024-01,1
63749,2024-01-11,Key Concepts / Definitions,Antisemitism,Arizona,2024,1,2024-01,1
68988,2024-01-10,Slogans / Code words,Antisemitism,Maryland,2024,1,2024-01,1
63594,2024-01-06,People,Antisemitism,Oregon,2024,1,2024-01,1
63650,2024-01-08,"Slogans / Code words, Key Concepts / Definitions",Antisemitism,Hawaii,2024,1,2024-01,1
63660,2024-01-11,Numbers / Symbols,Antisemitism,New York,2024,1,2024-01,1
64975,2024-01-11,Slogans / Code words,Antisemitism,Illinois,2024,1,2024-01,1
63504,2024-01-08,Slogans / Code words,Antisemitism,Maine,2024,1,2024-01,1
68989,2024-01-11,Slogans / Code words,Antisemitism,Massachusetts,2024,1,2024-01,1
63537,2024-01-11,Numbers / Symbols,Antisemitism,Massachusetts,2024,1,2024-01,1
63772,2024-01-12,Groups / Movements,Antisemitism,Indiana,2024,1,2024-01,1
63642,2024-01-10,Slogans / Code words,Antisemitism,Maryland,2024,1,2024-01,1
63739,2024-01-11,Slogans / Code words,Antisemitism,Ohio,2024,1,2024-01,1
63800,2024-01-09,Numbers / Symbols,Antisemitism,California,2024,1,2024-01,1
63664,2024-01-13,Groups / Movements,Antisemitism,Indiana,2024,1,2024-01,1
63867,2024-01-13,Numbers / Symbols,Antisemitism,California,2024,1,2024-01,1
63823,2024-01-14,Slogans / Code words,Antisemitism,Florida,2024,1,2024-01,1
63774,2024-01-14,Slogans / Code words,Antisemitism,New York,2024,1,2024-01,1
63451,2024-01-14,Slogans / Code words,Antisemitism,California,2024,1,2024-01,1
63802,2024-01-05,Numbers / Symbols,Antisemitism,New Jersey,2024,1,2024-01,1
63871,2024-01-14,Groups / Movements,Antisemitism,Michigan,2024,1,2024-01,1
63880,2024-01-15,Slogans / Code words,Antisemitism,Washington D.C.,2024,1,2024-01,1
63577,2024-01-15,Incidents / Events,Antisemitism,California,2024,1,2024-01,1
68990,2024-01-15,Slogans / Code words,Antisemitism,New Jersey,2024,1,2024-01,1
63815,2024-01-11,Groups / Movements,Antisemitism,New York,2024,1,2024-01,1
63624,2024-01-16,Platforms / Sites,Antisemitism,Pennsylvania,2024,1,2024-01,1
63775,2024-01-14,Numbers / Symbols,Antisemitism,Maryland,2024,1,2024-01,1
63604,2024-01-15,Key Concepts / Definitions,Antisemitism,Pennsylvania,2024,1,2024-01,1
63795,2024-01-14,Numbers / Symbols,Antisemitism,Pennsylvania,2024,1,2024-01,1
63580,2024-01-12,Incidents / Events,Antisemitism,Maryland,2024,1,2024-01,1
63797,2024-01-12,Groups / Movements,Antisemitism,New York,2024,1,2024-01,1
63586,2024-01-16,Incidents / Events,Antisemitism,Pennsylvania,2024,1,2024-01,1
63840,2024-01-12,Numbers / Symbols,Antisemitism,New Jersey,2024,1,2024-01,1
63761,2024-01-16,Groups / Movements,Antisemitism,Washington,2024,1,2024-01,1
63890,2024-01-15,Incidents / Events,Antisemitism,California,2024,1,2024-01,1
65545,2024-01-15,Groups / Movements,Antisemitism,California,2024,1,2024-01,1
63857,2024-01-14,Numbers / Symbols,Antisemitism,Maine,2024,1,2024-01,1
63723,2024-01-09,Slogans / Code words,Antisemitism,Georgia,2024,1,2024-01,1
63866,2024-01-27,Key Concepts / Definitions,Antisemitism,California,2024,1,2024-01,1
63526,2024-01-16,Slogans / Code words,Antisemitism,New York,2024,1,2024-01,1
63874,2024-01-14,Numbers / Symbols,Antisemitism,Maine,2024,1,2024-01,1
63794,2024-01-13,Slogans / Code words,Antisemitism,Georgia,2024,1,2024-01,1
63735,2024-01-13,Slogans / Code words,Antisemitism,Massachusetts,2024,1,2024-01,1
63455,2024-01-14,Slogans / Code words,Antisemitism,Oklahoma,2024,1,2024-01,1
63861,2024-01-17,Key Concepts / Definitions,Antisemitism,Illinois,2024,1,2024-01,1
63652,2024-01-14,Groups / Movements,Antisemitism,Georgia,2024,1,2024-01,1
63762,2024-01-17,Tactics,Antisemitism,Arizona,2024,1,2024-01,1
68991,2024-01-17,Incidents / Events,Antisemitism,New Jersey,2024,1,2024-01,1
63788,2024-01-13,Groups / Movements,Antisemitism,New York,2024,1,2024-01,1
63712,2024-01-05,Numbers / Symbols,Antisemitism,Massachusetts,2024,1,2024-01,1
63849,2024-01-17,Slogans / Code words,Antisemitism,California,2024,1,2024-01,1
66656,2024-01-14,Slogans / Code words,Antisemitism,New York,2024,1,2024-01,1
63654,2024-01-06,Slogans / Code words,Antisemitism,California,2024,1,2024-01,1
63806,2024-01-14,Slogans / Code words,Antisemitism,Oklahoma,2024,1,2024-01,1
63872,2024-01-18,Numbers / Symbols,Antisemitism,Illinois,2024,1,2024-01,1
63713,2024-01-18,Groups / Movements,Antisemitism,Illinois,2024,1,2024-01,1
63674,2024-01-18,Slogans / Code words,Antisemitism,Arizona,2024,1,2024-01,1
63445,2024-01-19,Incidents / Events,Antisemitism,New York,2024,1,2024-01,1
63813,2024-01-19,Numbers / Symbols,Antisemitism,Nevada,2024,1,2024-01,1
63915,2024-01-18,Slogans / Code words,Antisemitism,New Jersey,2024,1,2024-01,1
63651,2024-01-23,People,Antisemitism,Massachusetts,2024,1,2024-01,1
63709,2024-01-19,Key Concepts / Definitions,Antisemitism,Arizona,2024,1,2024-01,1
63677,2024-01-19,Slogans / Code words,Antisemitism,Alaska,2024,1,2024-01,1
63779,2024-01-19,Slogans / Code words,Antisemitism,California,2024,1,2024-01,1
63516,2024-01-19,Groups / Movements,Antisemitism,Maryland,2024,1,2024-01,1
63630,2024-01-20,Slogans / Code words,Antisemitism,California,2024,1,2024-01,1
63715,2024-01-19,Numbers / Symbols,Antisemitism,New York,2024,1,2024-01,1
63879,2024-01-20,Incidents / Events,Antisemitism,New Jersey,2024,1,2024-01,1
63534,2024-01-18,Publications,Antisemitism,New Jersey,2024,1,2024-01,1
65546,2024-01-21,Slogans / Code words,Antisemitism,New Jersey,2024,1,2024-01,1
63741,2024-01-17,Groups / Movements,Antisemitism,Georgia,2024,1,2024-01,1
63633,2024-01-06,Slogans / Code words,Antisemitism,Montana,2024,1,2024-01,1
63661,2024-01-12,Numbers / Symbols,Antisemitism,New Jersey,2024,1,2024-01,1
64974,2024-01-11,Slogans / Code words,Antisemitism,Minnesota,2024,1,2024-01,1
68992,2024-01-19,Slogans / Code words,Antisemitism,New York,2024,1,2024-01,1
63551,2024-01-22,Numbers / Symbols,Antisemitism,Hawaii,2024,1,2024-01,1
63827,2024-01-15,Groups / Movements,Antisemitism,California,2024,1,2024-01,1
63596,2024-01-19,Numbers / Symbols,Antisemitism,New York,2024,1,2024-01,1
63863,2024-01-22,People,Antisemitism,Massachusetts,2024,1,2024-01,1
63852,2024-01-22,Groups / Movements,Antisemitism,Washington,2024,1,2024-01,1
63666,2024-01-16,Groups / Movements,Antisemitism,California,2024,1,2024-01,1
63689,2024-01-22,Numbers / Symbols,Antisemitism,New York,2024,1,2024-01,1
68993,2024-01-23,Groups / Movements,Antisemitism,Pennsylvania,2024,1,2024-01,1
68994,2024-01-11,Slogans / Code words,Antisemitism,New York,2024,1,2024-01,1
68995,2024-01-11,Groups / Movements,Antisemitism,New York,2024,1,2024-01,1
68996,2024-01-08,Slogans / Code words,Antisemitism,California,2024,1,2024-01,1
68997,2024-01-08,Slogans / Code words,Antisemitism,Minnesota,2024,1,2024-01,1
68998,2024-01-08,Slogans / Code words,Antisemitism,Massachusetts,2024,1,2024-01,1
68999,2024-01-08,Numbers / Symbols,Antisemitism,Texas,2024,1,2024-01,1
69000,2024-01-08,Slogans / Code words,Antisemitism,South Carolina,2024,1,2024-01,1
69001,2024-01-08,Groups / Movements,Antisemitism,Oregon,2024,1,2024-01,1
69002,2024-01-08,Slogans / Code words,Antisemitism,Maryland,2024,1,2024-01,1
69003,2024-01-08,Slogans / Code words,Antisemitism,Ohio,2024,1,2024-01,1
69004,2024-01-07,Groups / Movements,Antisemitism,California,2024,1,2024-01,1
69005,2024-01-07,Groups / Movements,Antisemitism,Iowa,2024,1,2024-01,1
69006,2024-01-11,Slogans / Code words,Antisemitism,North Carolina,2024,1,2024-01,1
69007,2024-01-11,Groups / Movements,Antisemitism,New York,2024,1,2024-01,1
69008,2024-01-11,Groups / Movements,Antisemitism,New York,2024,1,2024-01,1
64976,2024-01-11,Slogans / Code words,Antisemitism,Illinois,2024,1,2024-01,1
64977,2024-01-11,People,Antisemitism,Washington,2024,1,2024-01,1
64973,2024-01-11,Groups / Movements,Antisemitism,Ohio,2024,1,2024-01,1
69009,2024-01-11,Conspiracy Theories,Antisemitism,Colorado,2024,1,2024-01,1
69010,2024-01-11,Slogans / Code words,Antisemitism,Texas,2024,1,2024-01,1
64972,2024-01-10,Slogans / Code words,Antisemitism,Michigan,2024,1,2024-01,1
69011,2024-01-10,Slogans / Code words,Antisemitism,Nebraska,2024,1,2024-01,1
69012,2024-01-10,Groups / Movements,Antisemitism,Pennsylvania,2024,1,2024-01,1
69013,2024-01-10,Slogans / Code words,Antisemitism,Texas,2024,1,2024-01,1
69014,2024-01-10,Slogans / Code words,Antisemitism,California,2024,1,2024-01,1
69015,2024-01-09,People,Antisemitism,California,2024,1,2024-01,1
69016,2024-01-09,Slogans / Code words,Antisemitism,New York,2024,1,2024-01,1
69017,2024-01-09,Slogans / Code words,Antisemitism,New York,2024,1,2024-01,1
69018,2024-01-09,Slogans / Code words,Antisemitism,Kentucky,2024,1,2024-01,1
69019,2024-01-09,Slogans / Code words,Antisemitism,Arizona,2024,1,2024-01,1
69020,2024-01-09,Slogans / Code words,Antisemitism,California,2024,1,2024-01,1
69021,2024-01-12,Slogans / Code words,Antisemitism,New York,2024,1,2024-01,1
69022,2024-01-12,Numbers / Symbols,Antisemitism,Texas,2024,1,2024-01,1
69023,2024-01-12,Slogans / Code words,Antisemitism,Ohio,2024,1,2024-01,1
69024,2024-01-12,Slogans / Code words,Antisemitism,Georgia,2024,1,2024-01,1
69025,2024-01-12,Slogans / Code words,Antisemitism,Pennsylvania,2024,1,2024-01,1
69026,2024-01-12,Slogans / Code words,Antisemitism,Oregon,2024,1,2024-01,1
69027,2024-01-12,Groups / Movements,Antisemitism,New York,2024,1,2024-01,1
69028,2024-01-11,Groups / Movements,Antisemitism,Washington D.C.,2024,1,2024-01,1
69029,2024-01-11,Slogans / Code words,Antisemitism,New York,2024,1,2024-01,1
69030,2024-01-11,Slogans / Code words,Antisemitism,Oregon,2024,1,2024-01,1
69031,2024-01-21,Slogans / Code words,Antisemitism,Utah,2024,1,2024-01,1
69032,2024-01-21,Groups / Movements,Antisemitism,Texas,2024,1,2024-01,1
69033,2024-01-21,People,Antisemitism,Pennsylvania,2024,1,2024-01,1
69034,2024-01-21,Groups / Movements,Antisemitism,North Carolina,2024,1,2024-01,1
69035,2024-01-21,Groups / Movements,Antisemitism,Connecticut,2024,1,2024-01,1
69036,2024-01-21,Groups / Movements,Antisemitism,Georgia,2024,1,2024-01,1
69037,2024-01-21,Numbers / Symbols,Antisemitism,Florida,2024,1,2024-01,1
69038,2024-01-21,Slogans / Code words,Antisemitism,Texas,2024,1,2024-01,1
69039,2024-01-21,Numbers / Symbols,Antisemitism,Texas,2024,1,2024-01,1
69040,2024-01-20,Numbers / Symbols,Antisemitism,Oregon,2024,1,2024-01,1
69041,2024-01-13,Slogans / Code words,Antisemitism,Washington,2024,1,2024-01,1
69042,2024-01-13,Slogans / Code words,Antisemitism,Washington D.C.,2024,1,2024-01,1
69043,2024-01-12,Slogans / Code words,Antisemitism,Pennsylvania,2024,1,2024-01,1
64978,2024-01-12,People,Antisemitism,Washington,2024,1,2024-01,1
69044,2024-01-12,Slogans / Code words,Antisemitism,California,2024,1,2024-01,1
69045,2024-01-12,Slogans / Code words,Antisemitism,New Jersey,2024,1,2024-01,1
69046,2024-01-12,Numbers / Symbols,Antisemitism,California,2024,1,2024-01,1
69047,2024-01-12,Slogans / Code words,Antisemitism,California,2024,1,2024-01,1
69048,2024-01-12,Slogans / Code words,Antisemitism,Alaska,2024,1,2024-01,1
69049,2024-01-17,Slogans / Code words,Antisemitism,Pennsylvania,2024,1,2024-01,1
69050,2024-01-17,Slogans / Code words,Antisemitism,California,2024,1,2024-01,1
69051,2024-01-17,Groups / Movements,Antisemitism,Kentucky,2024,1,2024-01,1
69052,2024-01-17,Slogans / Code words,Antisemitism,Colorado,2024,1,2024-01,1
69053,2024-01-16,Slogans / Code words,Antisemitism,Utah,2024,1,2024-01,1
69054,2024-01-15,Groups / Movements,Antisemitism,Pennsylvania,2024,1,2024-01,1
69055,2024-01-13,Groups / Movements,Antisemitism,Florida,2024,1,2024-01,1
69056,2024-01-13,Numbers / Symbols,Antisemitism,Utah,2024,1,2024-01,1
69057,2024-01-12,Slogans / Code words,Antisemitism,New Mexico,2024,1,2024-01,1
69058,2024-01-15,Numbers / Symbols,Antisemitism,Massachusetts,2024,1,2024-01,1
69059,2024-01-15,Groups / Movements,Antisemitism,Washington,2024,1,2024-01,1
69060,2024-01-15,Groups / Movements,Antisemitism,Washington,2024,1,2024-01,1
69061,2024-01-15,Groups / Movements,Antisemitism,Georgia,2024,1,2024-01,1
69062,2024-01-15,Slogans / Code words,Antisemitism,New York,2024,1,2024-01,1
69063,2024-01-15,Slogans / Code words,Antisemitism,California,2024,1,2024-01,1
69064,2024-01-15,Groups / Movements,Antisemitism,California,2024,1,2024-01,1
69065,2024-01-15,Slogans / Code words,Antisemitism,New York,2024,1,2024-01,1
69066,2024-01-14,People,Antisemitism,New Mexico,2024,1,2024-01,1
69067,2024-01-14,Slogans / Code words,Antisemitism,Massachusetts,2024,1,2024-01,1
69068,2024-01-14,Slogans / Code words,Antisemitism,Arizona,2024,1,2024-01,1
69069,2024-01-13,Groups / Movements,Antisemitism,Florida,2024,1,2024-01,1
69070,2024-01-13,Groups / Movements,Antisemitism,Illinois,2024,1,2024-01,1
69071,2024-01-13,Slogans / Code words,Antisemitism,Oregon,2024,1,2024-01,1
69072,2024-01-13,Groups / Movements,Antisemitism,California,2024,1,2024-01,1
69073,2024-01-13,Slogans / Code words,Antisemitism,New Mexico,2024,1,2024-01,1
69074,2024-01-13,Slogans / Code words,Antisemitism,California,2024,1,2024-01,1
69075,2024-01-13,Groups / Movements,Antisemitism,Idaho,2024,1,2024-01,1
69076,2024-01-13,Slogans / Code words,Antisemitism,California,2024,1,2024-01,1
69077,2024-01-22,Slogans / Code words,Antisemitism,Pennsylvania,2024,1,2024-01,1
69078,2024-01-22,Slogans / Code words,Antisemitism,Vermont,2024,1,2024-01,1
64988,2024-01-22,Slogans / Code words,Antisemitism,Colorado,2024,1,2024-01,1
69079,2024-01-22,Groups / Movements,Antisemitism,Ohio,2024,1,2024-01,1
69080,2024-01-20,Slogans / Code words,Antisemitism,California,2024,1,2024-01,1
69081,2024-01-20,Slogans / Code words,Antisemitism,California,2024,1,2024-01,1
69082,2024-01-20,Slogans / Code words,Antisemitism,California,2024,1,2024-01,1
69083,2024-01-20,Slogans / Code words,Antisemitism,Virginia,2024,1,2024-01,1
69084,2024-01-20,Slogans / Code words,Antisemitism,Maryland,2024,1,2024-01,1
69085,2024-01-20,Groups / Movements,Antisemitism,Rhode Island,2024,1,2024-01,1
69086,2024-01-20,Groups / Movements,Antisemitism,Massachusetts,2024,1,2024-01,1
69087,2024-01-20,Slogans / Code words,Antisemitism,Minnesota,2024,1,2024-01,1
69088,2024-01-20,Numbers / Symbols,Antisemitism,Wisconsin,2024,1,2024-01,1
69089,2024-01-20,Numbers / Symbols,Antisemitism,Florida,2024,1,2024-01,1
69090,2024-01-20,Groups / Movements,Antisemitism,New Jersey,2024,1,2024-01,1
69091,2024-01-20,Groups / Movements,Antisemitism,New York,2024,1,2024-01,1
69092,2024-01-20,Slogans / Code words,Antisemitism,North Carolina,2024,1,2024-01,1
69093,2024-01-20,Numbers / Symbols,Antisemitism,Pennsylvania,2024,1,2024-01,1
69094,2024-01-20,People,Antisemitism,Illinois,2024,1,2024-01,1
69095,2024-01-20,Groups / Movements,Antisemitism,Georgia,2024,1,2024-01,1
69096,2024-01-20,Numbers / Symbols,Antisemitism,Arizona,2024,1,2024-01,1
64987,2024-01-20,Slogans / Code words,Antisemitism,Oregon,2024,1,2024-01,1
69097,2024-01-20,Slogans / Code words,Antisemitism,Washington,2024,1,2024-01,1
69098,2024-01-20,Numbers / Symbols,Antisemitism,Kansas,2024,1,2024-01,1
69099,2024-01-20,Slogans / Code words,Antisemitism,Massachusetts,2024,1,2024-01,1
69100,2024-01-20,Numbers / Symbols,Antisemitism,Vermont,2024,1,2024-01,1
69101,2024-01-20,Numbers / Symbols,Antisemitism,Pennsylvania,2024,1,2024-01,1
69102,2024-01-19,Slogans / Code words,Antisemitism,Minnesota,2024,1,2024-01,1
69103,2024-01-19,Slogans / Code words,Antisemitism,New York,2024,1,2024-01,1
64986,2024-01-19,Slogans / Code words,Antisemitism,Arizona,2024,1,2024-01,1
69104,2024-01-18,Numbers / Symbols,Antisemitism,North Carolina,2024,1,2024-01,1
69105,2024-01-18,Slogans / Code words,Antisemitism,California,2024,1,2024-01,1
69106,2024-01-18,Slogans / Code words,Antisemitism,New Jersey,2024,1,2024-01,1
69107,2024-01-18,Groups / Movements,Antisemitism,Texas,2024,1,2024-01,1
63722,2024-01-23,Publications,Antisemitism,Minnesota,2024,1,2024-01,1
63789,2024-01-23,Key Concepts / Definitions,Antisemitism,California,2024,1,2024-01,1
63700,2024-01-16,Slogans / Code words,Antisemitism,California,2024,1,2024-01,1
63868,2024-01-23,Incidents / Events,Antisemitism,Florida,2024,1,2024-01,1
63450,2024-01-08,Groups / Movements,Antisemitism,Pennsylvania,2024,1,2024-01,1
63763,2024-01-23,Slogans / Code words,Antisemitism,Massachusetts,2024,1,2024-01,1
63493,2024-01-08,Numbers / Symbols,Antisemitism,Maine,2024,1,2024-01,1
63814,2024-01-20,"Slogans / Code words, Conspiracy Theories",Antisemitism,California,2024,1,2024-01,1
63659,2024-01-23,People,Antisemitism,Colorado,2024,1,2024-01,1
63531,2024-01-24,Tactics,Antisemitism,New York,2024,1,2024-01,1
63627,2024-01-16,Incidents / Events,Antisemitism,California,2024,1,2024-01,1
63734,2024-01-23,Slogans / Code words,Antisemitism,Connecticut,2024,1,2024-01,1
63701,2024-01-22,Groups / Movements,Antisemitism,New Jersey,2024,1,2024-01,1
63839,2024-01-16,Key Concepts / Definitions,Antisemitism,Washington,2024,1,2024-01,1
63479,2024-01-25,Incidents / Events,Antisemitism,Massachusetts,2024,1,2024-01,1
63547,2024-01-09,Incidents / Events,Antisemitism,Colorado,2024,1,2024-01,1
63889,2024-01-09,Incidents / Events,Antisemitism,Colorado,2024,1,2024-01,1
63600,2024-01-09,Incidents / Events,Antisemitism,Colorado,2024,1,2024-01,1
63897,2024-01-09,Incidents / Events,Antisemitism,Colorado,2024,1,2024-01,1
63540,2024-01-09,Incidents / Events,Antisemitism,Colorado,2024,1,2024-01,1
63694,2024-01-09,Key Concepts / Definitions,Antisemitism,Colorado,2024,1,2024-01,1
63678,2024-01-09,Key Concepts / Definitions,Antisemitism,Colorado,2024,1,2024-01,1
63495,2024-01-09,Incidents / Events,Antisemitism,Colorado,2024,1,2024-01,1
63608,2024-01-09,Key Concepts / Definitions,Antisemitism,Colorado,2024,1,2024-01,1
63776,2024-01-09,Key Concepts / Definitions,Antisemitism,Colorado,2024,1,2024-01,1
63505,2024-01-09,Key Concepts / Definitions,Antisemitism,Colorado,2024,1,2024-01,1
63542,2024-01-09,Incidents / Events,Antisemitism,Colorado,2024,1,2024-01,1
63635,2024-01-09,Key Concepts / Definitions,Antisemitism,Colorado,2024,1,2024-01,1
63602,2024-01-09,Incidents / Events,Antisemitism,Colorado,2024,1,2024-01,1
63473,2024-01-09,Incidents / Events,Antisemitism,Colorado,2024,1,2024-01,1
63688,2024-01-09,Incidents / Events,Antisemitism,Colorado,2024,1,2024-01,1
63876,2024-01-09,Incidents / Events,Antisemitism,Colorado,2024,1,2024-01,1
63873,2024-01-09,Incidents / Events,Antisemitism,Colorado,2024,1,2024-01,1
63728,2024-01-09,Incidents / Events,Antisemitism,Colorado,2024,1,2024-01,1
69108,2024-01-23,People,Antisemitism,Missouri,2024,1,2024-01,1
63513,2024-01-25,Groups / Movements,Antisemitism,Massachusetts,2024,1,2024-01,1
63482,2024-01-25,Numbers / Symbols,Antisemitism,California,2024,1,2024-01,1
63707,2024-01-25,Numbers / Symbols,Antisemitism,New York,2024,1,2024-01,1
60748,2023-12-31,Slogans / Code words,Antisemitism,Florida,2023,12,2023-12,4
63632,2024-01-25,"Slogans / Code words, Key Concepts / Definitions",Antisemitism,Washington D.C.,2024,1,2024-01,1
63492,2024-01-24,Groups / Movements,Antisemitism,California,2024,1,2024-01,1
63826,2024-01-23,Groups / Movements,Antisemitism,California,2024,1,2024-01,1
63545,2024-01-26,Slogans / Code words,Antisemitism,Washington,2024,1,2024-01,1
63623,2024-01-22,Publications,Antisemitism,California,2024,1,2024-01,1
65001,2024-01-25,People,Antisemitism,California,2024,1,2024-01,1
63443,2024-01-05,Groups / Movements,Antisemitism,California,2024,1,2024-01,1
63875,2024-01-19,Slogans / Code words,Antisemitism,California,2024,1,2024-01,1
63571,2024-01-27,Slogans / Code words,Antisemitism,New Jersey,2024,1,2024-01,1
63746,2024-01-27,Slogans / Code words,Antisemitism,California,2024,1,2024-01,1
63805,2024-01-07,Key Concepts / Definitions,Antisemitism,California,2024,1,2024-01,1
63628,2024-01-27,Numbers / Symbols,Antisemitism,California,2024,1,2024-01,1
69109,2024-01-27,Incidents / Events,Antisemitism,Ohio,2024,1,2024-01,1
69110,2024-01-27,Slogans / Code words,Antisemitism,Michigan,2024,1,2024-01,1
63489,2024-01-27,Key Concepts / Definitions,Antisemitism,Massachusetts,2024,1,2024-01,1
63578,2024-01-27,Numbers / Symbols,Antisemitism,Washington,2024,1,2024-01,1
63829,2024-01-25,Numbers / Symbols,Antisemitism,Massachusetts,2024,1,2024-01,1
63854,2024-01-28,Slogans / Code words,Antisemitism,New York,2024,1,2024-01,1
63585,2024-01-27,Slogans / Code words,Antisemitism,California,2024,1,2024-01,1
63710,2024-01-27,Slogans / Code words,Antisemitism,Illinois,2024,1,2024-01,1
63622,2024-01-28,Numbers / Symbols,Antisemitism,New York,2024,1,2024-01,1
63853,2024-01-26,Slogans / Code words,Antisemitism,Pennsylvania,2024,1,2024-01,1
63736,2024-01-27,Slogans / Code words,Antisemitism,Michigan,2024,1,2024-01,1
63720,2024-01-28,Tactics,Antisemitism,California,2024,1,2024-01,1
63683,2024-01-08,Key Concepts / Definitions,Antisemitism,Indiana,2024,1,2024-01,1
64088,2024-01-21,Groups / Movements,Antisemitism,Wisconsin,2024,1,2024-01,1
63672,2024-01-26,Publications,Antisemitism,Illinois,2024,1,2024-01,1
63502,2024-01-29,Slogans / Code words,Antisemitism,Michigan,2024,1,2024-01,1
63820,2024-01-29,Groups / Movements,Antisemitism,Illinois,2024,1,2024-01,1
66665,2024-01-28,Publications,Antisemitism,Washington D.C.,2024,1,2024-01,1
63461,2024-01-27,Incidents / Events,Antisemitism,Washington D.C.,2024,1,2024-01,1
63799,2024-01-29,Groups / Movements,Antisemitism,Illinois,2024,1,2024-01,1
63550,2024-01-24,Numbers / Symbols,Antisemitism,New Jersey,2024,1,2024-01,1
63595,2024-01-26,Slogans / Code words,Antisemitism,New Mexico,2024,1,2024-01,1
63669,2024-01-06,Slogans / Code words,Antisemitism,Massachusetts,2024,1,2024-01,1
63817,2024-01-30,Incidents / Events,Antisemitism,New York,2024,1,2024-01,1
63803,2024-01-29,Key Concepts / Definitions,Antisemitism,Virginia,2024,1,2024-01,1
69111,2024-01-29,Incidents / Events,Antisemitism,Washington D.C.,2024,1,2024-01,1
63716,2024-01-30,Key Concepts / Definitions,Antisemitism,New York,2024,1,2024-01,1
63583,2024-01-29,Incidents / Events,Antisemitism,California,2024,1,2024-01,1
63598,2024-01-29,Groups / Movements,Antisemitism,Illinois,2024,1,2024-01,1
63590,2024-01-30,Groups / Movements,Antisemitism,Vermont,2024,1,2024-01,1
69112,2024-01-21,Slogans / Code words,Antisemitism,New Jersey,2024,1,2024-01,1
63548,2024-01-29,Slogans / Code words,Antisemitism,New York,2024,1,2024-01,1
63503,2024-01-30,Slogans / Code words,Antisemitism,Massachusetts,2024,1,2024-01,1
63457,2024-01-29,Numbers / Symbols,Antisemitism,Colorado,2024,1,2024-01,1
63916,2024-01-29,Slogans / Code words,Antisemitism,New York,2024,1,2024-01,1
63756,2024-01-27,Incidents / Events,Antisemitism,New York,2024,1,2024-01,1
63708,2024-01-13,Slogans / Code words,Antisemitism,New York,2024,1,2024-01,1
63665,2024-01-19,Slogans / Code words,Antisemitism,California,2024,1,2024-01,1
63691,2024-01-27,Key Concepts / Definitions,Antisemitism,New York,2024,1,2024-01,1
63801,2024-01-30,Key Concepts / Definitions,Antisemitism,New Jersey,2024,1,2024-01,1
63574,2024-01-30,Key Concepts / Definitions,Antisemitism,Massachusetts,2024,1,2024-01,1
63830,2024-01-30,Numbers / Symbols,Antisemitism,Idaho,2024,1,2024-01,1
63812,2024-01-30,Key Concepts / Definitions,Antisemitism,Arizona,2024,1,2024-01,1
63733,2024-01-14,Incidents / Events,Antisemitism,California,2024,1,2024-01,1
63904,2024-01-25,Groups / Movements,Antisemitism,Missouri,2024,1,2024-01,1
63882,2024-01-02,Slogans / Code words,Antisemitism,Missouri,2024,1,2024-01,1
69113,2024-01-23,Slogans / Code words,Antisemitism,Missouri,2024,1,2024-01,1
63572,2024-01-19,Groups / Movements,Antisemitism,Missouri,2024,1,2024-01,1
63446,2024-01-24,Numbers / Symbols,Antisemitism,New Jersey,2024,1,2024-01,1
63837,2024-01-23,Key Concepts / Definitions,Antisemitism,Florida,2024,1,2024-01,1
63883,2024-01-30,Slogans / Code words,Antisemitism,Virginia,2024,1,2024-01,1
63488,2024-01-29,Slogans / Code words,Antisemitism,Washington D.C.,2024,1,2024-01,1
63541,2024-01-31,Incidents / Events,Antisemitism,Illinois,2024,1,2024-01,1
69114,2024-01-31,Groups / Movements,Antisemitism,California,2024,1,2024-01,1
63759,2024-01-31,Slogans / Code words,Antisemitism,Illinois,2024,1,2024-01,1
63724,2024-01-11,Slogans / Code words,Antisemitism,California,2024,1,2024-01,1
63675,2024-01-19,Numbers / Symbols,Antisemitism,New Jersey,2024,1,2024-01,1
63506,2024-01-27,People,Antisemitism,California,2024,1,2024-01,1
63864,2024-01-09,Slogans / Code words,Antisemitism,California,2024,1,2024-01,1
63985,2024-02-01,Numbers / Symbols,Antisemitism,New York,2024,2,2024-02,1
63655,2024-01-31,Key Concepts / Definitions,Antisemitism,New Jersey,2024,1,2024-01,1
63514,2024-01-03,Groups / Movements,Antisemitism,New Jersey,2024,1,2024-01,1
63581,2024-01-10,Groups / Movements,Antisemitism,Washington,2024,1,2024-01,1
63754,2024-01-10,Groups / Movements,Antisemitism,Arizona,2024,1,2024-01,1
63838,2024-01-11,Groups / Movements,Antisemitism,Maine,2024,1,2024-01,1
63764,2024-01-11,Groups / Movements,Antisemitism,Washington,2024,1,2024-01,1
63454,2024-01-16,Groups / Movements,Antisemitism,Connecticut,2024,1,2024-01,1
63494,2024-01-16,Groups / Movements,Antisemitism,Colorado,2024,1,2024-01,1
63991,2024-02-01,Numbers / Symbols,Antisemitism,Massachusetts,2024,2,2024-02,1
63831,2024-01-31,Publications,Antisemitism,Georgia,2024,1,2024-01,1
63753,2024-01-26,Numbers / Symbols,Antisemitism,California,2024,1,2024-01,1
64229,2024-02-01,Numbers / Symbols,Antisemitism,Massachusetts,2024,2,2024-02,1
63697,2024-01-26,Slogans / Code words,Antisemitism,Georgia,2024,1,2024-01,1
63968,2024-02-01,Slogans / Code words,Antisemitism,New Jersey,2024,2,2024-02,1
63887,2024-01-16,Slogans / Code words,Antisemitism,New Jersey,2024,1,2024-01,1
63640,2024-01-15,Key Concepts / Definitions,Antisemitism,Colorado,2024,1,2024-01,1
63634,2024-01-31,Publications,Antisemitism,Pennsylvania,2024,1,2024-01,1
64119,2024-02-01,Slogans / Code words,Antisemitism,Michigan,2024,2,2024-02,1
63932,2024-02-02,Numbers / Symbols,Antisemitism,Washington D.C.,2024,2,2024-02,1
63911,2024-01-30,Slogans / Code words,Antisemitism,Texas,2024,1,2024-01,1
69115,2024-01-29,Slogans / Code words,Antisemitism,Massachusetts,2024,1,2024-01,1
65008,2024-01-29,Numbers / Symbols,Antisemitism,Colorado,2024,1,2024-01,1
69116,2024-01-29,Groups / Movements,Antisemitism,California,2024,1,2024-01,1
69117,2024-01-28,Numbers / Symbols,Antisemitism,North Carolina,2024,1,2024-01,1
69118,2024-01-28,Slogans / Code words,Antisemitism,Virginia,2024,1,2024-01,1
69119,2024-01-28,Slogans / Code words,Antisemitism,Georgia,2024,1,2024-01,1
69120,2024-01-28,Slogans / Code words,Antisemitism,Hawaii,2024,1,2024-01,1
69121,2024-01-28,Numbers / Symbols,Antisemitism,Washington,2024,1,2024-01,1
69122,2024-01-27,Slogans / Code words,Antisemitism,New York,2024,1,2024-01,1
69123,2024-01-27,Groups / Movements,Antisemitism,Massachusetts,2024,1,2024-01,1
69124,2024-01-27,Numbers / Symbols,Antisemitism,California,2024,1,2024-01,1
69125,2024-01-27,Slogans / Code words,Antisemitism,California,2024,1,2024-01,1
69126,2024-01-27,Slogans / Code words,Antisemitism,Florida,2024,1,2024-01,1
69127,2024-01-27,People,Antisemitism,Illinois,2024,1,2024-01,1
69128,2024-01-27,Groups / Movements,Antisemitism,Illinois,2024,1,2024-01,1
69129,2024-01-27,Groups / Movements,Antisemitism,Maryland,2024,1,2024-01,1
69130,2024-01-27,Slogans / Code words,Antisemitism,Georgia,2024,1,2024-01,1
69131,2024-01-27,Slogans / Code words,Antisemitism,Nebraska,2024,1,2024-01,1
69132,2024-01-27,Slogans / Code words,Antisemitism,Texas,2024,1,2024-01,1
69133,2024-01-16,Slogans / Code words,Antisemitism,Massachusetts,2024,1,2024-01,1
69134,2024-01-16,Numbers / Symbols,Antisemitism,Georgia,2024,1,2024-01,1
69135,2024-01-16,Slogans / Code words,Antisemitism,North Carolina,2024,1,2024-01,1
69136,2024-01-15,Groups / Movements,Antisemitism,Pennsylvania,2024,1,2024-01,1
69137,2024-01-14,Slogans / Code words,Antisemitism,California,2024,1,2024-01,1
69138,2024-01-14,Slogans / Code words,Antisemitism,California,2024,1,2024-01,1
69139,2024-01-14,Numbers / Symbols,Antisemitism,Texas,2024,1,2024-01,1
69140,2024-01-14,Slogans / Code words,Antisemitism,California,2024,1,2024-01,1
63844,2024-01-29,Numbers / Symbols,Antisemitism,New Jersey,2024,1,2024-01,1
69141,2024-01-27,Slogans / Code words,Antisemitism,New Hampshire,2024,1,2024-01,1
69142,2024-01-27,Groups / Movements,Antisemitism,New York,2024,1,2024-01,1
69143,2024-01-27,Groups / Movements,Antisemitism,Minnesota,2024,1,2024-01,1
69144,2024-01-27,Numbers / Symbols,Antisemitism,Pennsylvania,2024,1,2024-01,1
69145,2024-01-27,Numbers / Symbols,Antisemitism,Connecticut,2024,1,2024-01,1
69146,2024-01-27,Slogans / Code words,Antisemitism,Ohio,2024,1,2024-01,1
69147,2024-01-27,Slogans / Code words,Antisemitism,California,2024,1,2024-01,1
69148,2024-01-27,Numbers / Symbols,Antisemitism,Georgia,2024,1,2024-01,1
69149,2024-01-27,Slogans / Code words,Antisemitism,Indiana,2024,1,2024-01,1
69150,2024-01-27,Slogans / Code words,Antisemitism,North Carolina,2024,1,2024-01,1
69151,2024-01-13,Groups / Movements,Antisemitism,Washington,2024,1,2024-01,1
69152,2024-01-13,Slogans / Code words,Antisemitism,Ohio,2024,1,2024-01,1
69153,2024-01-13,Slogans / Code words,Antisemitism,Oregon,2024,1,2024-01,1
69154,2024-01-12,Numbers / Symbols,Antisemitism,California,2024,1,2024-01,1
69155,2024-01-11,Slogans / Code words,Antisemitism,Michigan,2024,1,2024-01,1
69156,2024-01-10,Slogans / Code words,Antisemitism,Wisconsin,2024,1,2024-01,1
69157,2024-01-10,Slogans / Code words,Antisemitism,California,2024,1,2024-01,1
69158,2024-01-08,Numbers / Symbols,Antisemitism,Arizona,2024,1,2024-01,1
69159,2024-01-24,Slogans / Code words,Antisemitism,New Hampshire,2024,1,2024-01,1
64994,2024-01-24,Slogans / Code words,Antisemitism,Pennsylvania,2024,1,2024-01,1
64993,2024-01-24,Slogans / Code words,Antisemitism,New York,2024,1,2024-01,1
69160,2024-01-24,Slogans / Code words,Antisemitism,California,2024,1,2024-01,1
69161,2024-01-23,Groups / Movements,Antisemitism,New Mexico,2024,1,2024-01,1
69162,2024-01-23,Numbers / Symbols,Antisemitism,Missouri,2024,1,2024-01,1
69163,2024-01-23,People,Antisemitism,California,2024,1,2024-01,1
69164,2024-01-23,Slogans / Code words,Antisemitism,Hawaii,2024,1,2024-01,1
64989,2024-01-23,"Slogans / Code words, Key Concepts / Definitions",Antisemitism,Missouri,2024,1,2024-01,1
69165,2024-01-23,Slogans / Code words,Antisemitism,Massachusetts,2024,1,2024-01,1
69166,2024-01-25,People,Antisemitism,Washington,2024,1,2024-01,1
69167,2024-01-25,Slogans / Code words,Antisemitism,Minnesota,2024,1,2024-01,1
69168,2024-01-25,Slogans / Code words,Antisemitism,Texas,2024,1,2024-01,1
64997,2024-01-25,Slogans / Code words,Antisemitism,New York,2024,1,2024-01,1
69169,2024-01-25,Slogans / Code words,Antisemitism,New York,2024,1,2024-01,1
64999,2024-01-25,Slogans / Code words,Antisemitism,New York,2024,1,2024-01,1
69170,2024-01-25,Slogans / Code words,Antisemitism,Florida,2024,1,2024-01,1
69171,2024-01-24,Slogans / Code words,Antisemitism,California,2024,1,2024-01,1
69172,2024-01-24,People,Antisemitism,Illinois,2024,1,2024-01,1
65548,2024-02-01,Slogans / Code words,Antisemitism,Illinois,2024,2,2024-02,1
65006,2024-01-26,Numbers / Symbols,Antisemitism,Illinois,2024,1,2024-01,1
69173,2024-01-26,Slogans / Code words,Antisemitism,New York,2024,1,2024-01,1
65004,2024-01-26,Slogans / Code words,Antisemitism,California,2024,1,2024-01,1
69174,2024-01-26,Slogans / Code words,Antisemitism,Ohio,2024,1,2024-01,1
69175,2024-01-26,Slogans / Code words,Antisemitism,Oregon,2024,1,2024-01,1
69176,2024-01-26,Slogans / Code words,Antisemitism,Ohio,2024,1,2024-01,1
69177,2024-01-25,Numbers / Symbols,Antisemitism,New York,2024,1,2024-01,1
69178,2024-01-25,Groups / Movements,Antisemitism,Texas,2024,1,2024-01,1
65000,2024-01-25,Groups / Movements,Antisemitism,New York,2024,1,2024-01,1
69179,2024-01-25,Slogans / Code words,Antisemitism,Massachusetts,2024,1,2024-01,1
69180,2024-01-27,Slogans / Code words,Antisemitism,South Carolina,2024,1,2024-01,1
69181,2024-01-27,Groups / Movements,Antisemitism,New York,2024,1,2024-01,1
69182,2024-01-27,Slogans / Code words,Antisemitism,Texas,2024,1,2024-01,1
69183,2024-01-27,Slogans / Code words,Antisemitism,Maryland,2024,1,2024-01,1
69184,2024-01-27,Numbers / Symbols,Antisemitism,California,2024,1,2024-01,1
65002,2024-01-26,Slogans / Code words,Antisemitism,Oregon,2024,1,2024-01,1
69185,2024-01-26,Slogans / Code words,Antisemitism,California,2024,1,2024-01,1
69186,2024-01-26,Groups / Movements,Antisemitism,Wisconsin,2024,1,2024-01,1
65005,2024-01-26,Slogans / Code words,Antisemitism,Washington D.C.,2024,1,2024-01,1
69187,2024-01-26,Slogans / Code words,Antisemitism,Michigan,2024,1,2024-01,1
64991,2024-01-23,Numbers / Symbols,Antisemitism,Georgia,2024,1,2024-01,1
69188,2024-01-22,Slogans / Code words,Antisemitism,Hawaii,2024,1,2024-01,1
69189,2024-01-22,Groups / Movements,Antisemitism,Wisconsin,2024,1,2024-01,1
69190,2024-01-21,Slogans / Code words,Antisemitism,Nebraska,2024,1,2024-01,1
69191,2024-01-21,Slogans / Code words,Antisemitism,California,2024,1,2024-01,1
69192,2024-01-20,Slogans / Code words,Antisemitism,California,2024,1,2024-01,1
69193,2024-01-20,Slogans / Code words,Antisemitism,Virginia,2024,1,2024-01,1
69194,2024-01-16,Slogans / Code words,Antisemitism,Arizona,2024,1,2024-01,1
69195,2024-01-16,Numbers / Symbols,Antisemitism,Florida,2024,1,2024-01,1
64128,2024-02-02,Numbers / Symbols,Antisemitism,California,2024,2,2024-02,1
63793,2024-01-16,People,Antisemitism,Colorado,2024,1,2024-01,1
63895,2024-01-31,Numbers / Symbols,Antisemitism,Pennsylvania,2024,1,2024-01,1
63615,2024-01-30,Publications,Antisemitism,Indiana,2024,1,2024-01,1
63702,2024-01-13,People,Antisemitism,Texas,2024,1,2024-01,1
64091,2024-02-01,"Slogans / Code words, Numbers / Symbols",Antisemitism,Wisconsin,2024,2,2024-02,1
63828,2024-01-21,Publications,Antisemitism,California,2024,1,2024-01,1
64044,2024-02-02,Numbers / Symbols,Antisemitism,Illinois,2024,2,2024-02,1
64037,2024-02-02,Slogans / Code words,Antisemitism,California,2024,2,2024-02,1
63561,2024-01-30,Numbers / Symbols,Antisemitism,California,2024,1,2024-01,1
63937,2024-02-03,Groups / Movements,Antisemitism,California,2024,2,2024-02,1
64073,2024-02-01,Numbers / Symbols,Antisemitism,Illinois,2024,2,2024-02,1
63960,2024-02-02,"Slogans / Code words, Key Concepts / Definitions",Antisemitism,Wisconsin,2024,2,2024-02,1
63687,2024-01-24,Numbers / Symbols,Antisemitism,Massachusetts,2024,1,2024-01,1
64078,2024-02-02,Slogans / Code words,Antisemitism,New York,2024,2,2024-02,1
63558,2024-01-30,Slogans / Code words,Antisemitism,California,2024,1,2024-01,1
63535,2024-01-31,Key Concepts / Definitions,Antisemitism,Michigan,2024,1,2024-01,1
64156,2024-02-01,Numbers / Symbols,Antisemitism,New Jersey,2024,2,2024-02,1
63592,2024-01-24,Slogans / Code words,Antisemitism,California,2024,1,2024-01,1
63517,2024-01-29,Key Concepts / Definitions,Antisemitism,Wisconsin,2024,1,2024-01,1
63965,2024-02-02,Slogans / Code words,Antisemitism,New York,2024,2,2024-02,1
64215,2024-02-04,Slogans / Code words,Antisemitism,Wisconsin,2024,2,2024-02,1
64211,2024-02-01,Slogans / Code words,Antisemitism,New Jersey,2024,2,2024-02,1
66676,2024-02-05,Slogans / Code words,Antisemitism,Illinois,2024,2,2024-02,1
64239,2024-02-05,Groups / Movements,Antisemitism,North Carolina,2024,2,2024-02,1
69196,2024-01-26,Incidents / Events,Antisemitism,California,2024,1,2024-01,1
64125,2024-02-04,Incidents / Events,Antisemitism,California,2024,2,2024-02,1
63773,2024-01-15,Publications,Antisemitism,New York,2024,1,2024-01,1
64151,2024-02-02,Slogans / Code words,Antisemitism,New York,2024,2,2024-02,1
69197,2024-02-01,Key Concepts / Definitions,Antisemitism,Connecticut,2024,2,2024-02,1
64240,2024-02-05,People,Antisemitism,Texas,2024,2,2024-02,1
64241,2024-02-06,Numbers / Symbols,Antisemitism,New York,2024,2,2024-02,1
66667,2024-01-31,People,Antisemitism,California,2024,1,2024-01,1
69198,2024-02-04,Numbers / Symbols,Antisemitism,Ohio,2024,2,2024-02,1
64242,2024-02-06,Key Concepts / Definitions,Antisemitism,Michigan,2024,2,2024-02,1
66679,2024-02-06,Numbers / Symbols,Antisemitism,Arizona,2024,2,2024-02,1
64243,2024-02-06,Numbers / Symbols,Antisemitism,Maryland,2024,2,2024-02,1
64244,2024-02-06,Slogans / Code words,Antisemitism,Florida,2024,2,2024-02,1
64245,2024-02-06,Publications,Antisemitism,California,2024,2,2024-02,1
64246,2024-02-05,Numbers / Symbols,Antisemitism,New York,2024,2,2024-02,1
63785,2024-01-17,Slogans / Code words,Antisemitism,Massachusetts,2024,1,2024-01,1
64247,2024-02-07,People,Antisemitism,New York,2024,2,2024-02,1
66673,2024-02-02,Numbers / Symbols,Antisemitism,Maine,2024,2,2024-02,1
63656,2024-01-30,Numbers / Symbols,Antisemitism,New York,2024,1,2024-01,1
69199,2024-01-24,Numbers / Symbols,Antisemitism,New York,2024,1,2024-01,1
64014,2024-02-07,Slogans / Code words,Antisemitism,Massachusetts,2024,2,2024-02,1
64248,2024-02-07,Numbers / Symbols,Antisemitism,New York,2024,2,2024-02,1
69200,2024-02-02,Slogans / Code words,Antisemitism,California,2024,2,2024-02,1
69201,2024-02-01,Slogans / Code words,Antisemitism,New York,2024,2,2024-02,1
69202,2024-02-01,Slogans / Code words,Antisemitism,Michigan,2024,2,2024-02,1
69203,2024-02-01,Slogans / Code words,Antisemitism,Oregon,2024,2,2024-02,1
69204,2024-02-01,Numbers / Symbols,Antisemitism,Minnesota,2024,2,2024-02,1
65013,2024-02-01,Slogans / Code words,Antisemitism,Michigan,2024,2,2024-02,1
65012,2024-02-01,Slogans / Code words,Antisemitism,Texas,2024,2,2024-02,1
69205,2024-01-31,Groups / Movements,Antisemitism,New York,2024,1,2024-01,1
69206,2024-01-31,Slogans / Code words,Antisemitism,California,2024,1,2024-01,1
69207,2024-02-04,Numbers / Symbols,Antisemitism,Rhode Island,2024,2,2024-02,1
69208,2024-02-04,Slogans / Code words,Antisemitism,North Carolina,2024,2,2024-02,1
69209,2024-02-04,Slogans / Code words,Antisemitism,California,2024,2,2024-02,1
69210,2024-02-04,Groups / Movements,Antisemitism,New York,2024,2,2024-02,1
69211,2024-02-04,Slogans / Code words,Antisemitism,California,2024,2,2024-02,1
69212,2024-02-04,Slogans / Code words,Antisemitism,Massachusetts,2024,2,2024-02,1
69213,2024-02-04,Slogans / Code words,Antisemitism,Texas,2024,2,2024-02,1
69214,2024-02-03,Slogans / Code words,Antisemitism,New York,2024,2,2024-02,1
69215,2024-02-03,Slogans / Code words,Antisemitism,Maine,2024,2,2024-02,1
69216,2024-02-03,Slogans / Code words,Antisemitism,Arkansas,2024,2,2024-02,1
69217,2024-02-03,Slogans / Code words,Antisemitism,California,2024,2,2024-02,1
69218,2024-02-03,Slogans / Code words,Antisemitism,California,2024,2,2024-02,1
69219,2024-02-03,Numbers / Symbols,Antisemitism,North Carolina,2024,2,2024-02,1
69220,2024-02-03,Numbers / Symbols,Antisemitism,Pennsylvania,2024,2,2024-02,1
69221,2024-02-03,Groups / Movements,Antisemitism,California,2024,2,2024-02,1
69222,2024-02-03,Slogans / Code words,Antisemitism,Pennsylvania,2024,2,2024-02,1
69223,2024-02-03,Slogans / Code words,Antisemitism,Missouri,2024,2,2024-02,1
69224,2024-02-03,Groups / Movements,Antisemitism,Maine,2024,2,2024-02,1
69225,2024-02-03,Slogans / Code words,Antisemitism,California,2024,2,2024-02,1
69226,2024-01-29,Slogans / Code words,Antisemitism,Massachusetts,2024,1,2024-01,1
69227,2024-01-29,Slogans / Code words,Antisemitism,Arizona,2024,1,2024-01,1
69228,2024-01-28,Numbers / Symbols,Antisemitism,North Carolina,2024,1,2024-01,1
65007,2024-01-27,Slogans / Code words,Antisemitism,Ohio,2024,1,2024-01,1
69229,2024-01-27,Slogans / Code words,Antisemitism,New Jersey,2024,1,2024-01,1
69230,2024-01-27,Slogans / Code words,Antisemitism,Massachusetts,2024,1,2024-01,1
69231,2024-01-27,Numbers / Symbols,Antisemitism,Maine,2024,1,2024-01,1
69232,2024-01-26,Groups / Movements,Antisemitism,New York,2024,1,2024-01,1
69233,2024-01-26,Slogans / Code words,Antisemitism,Missouri,2024,1,2024-01,1
69234,2024-02-05,Slogans / Code words,Antisemitism,Illinois,2024,2,2024-02,1
69235,2024-02-05,Slogans / Code words,Antisemitism,Maryland,2024,2,2024-02,1
69236,2024-02-05,Slogans / Code words,Antisemitism,Michigan,2024,2,2024-02,1
69237,2024-02-05,Groups / Movements,Antisemitism,Colorado,2024,2,2024-02,1
69238,2024-02-05,Slogans / Code words,Antisemitism,Pennsylvania,2024,2,2024-02,1
69239,2024-02-04,Slogans / Code words,Antisemitism,Massachusetts,2024,2,2024-02,1
69240,2024-02-04,Groups / Movements,Antisemitism,Washington,2024,2,2024-02,1
69241,2024-02-04,Slogans / Code words,Antisemitism,Wisconsin,2024,2,2024-02,1
69242,2024-02-04,Slogans / Code words,Antisemitism,California,2024,2,2024-02,1
65020,2024-02-03,Slogans / Code words,Antisemitism,Washington D.C.,2024,2,2024-02,1
69243,2024-02-01,Slogans / Code words,Antisemitism,Washington D.C.,2024,2,2024-02,1
69244,2024-01-31,Slogans / Code words,Antisemitism,Michigan,2024,1,2024-01,1
69245,2024-01-31,Numbers / Symbols,Antisemitism,Illinois,2024,1,2024-01,1
65011,2024-01-31,Slogans / Code words,Antisemitism,Texas,2024,1,2024-01,1
69246,2024-01-30,Slogans / Code words,Antisemitism,Massachusetts,2024,1,2024-01,1
69247,2024-01-30,Groups / Movements,Antisemitism,Massachusetts,2024,1,2024-01,1
69248,2024-01-30,Groups / Movements,Antisemitism,Illinois,2024,1,2024-01,1
69249,2024-01-30,Numbers / Symbols,Antisemitism,Pennsylvania,2024,1,2024-01,1
69250,2024-01-30,Groups / Movements,Antisemitism,Missouri,2024,1,2024-01,1
65009,2024-01-30,Groups / Movements,Antisemitism,California,2024,1,2024-01,1
69251,2024-01-30,Slogans / Code words,Antisemitism,Florida,2024,1,2024-01,1
69252,2024-02-03,Slogans / Code words,Antisemitism,Tennessee,2024,2,2024-02,1
69253,2024-02-02,Groups / Movements,Antisemitism,Wisconsin,2024,2,2024-02,1
65015,2024-02-02,Slogans / Code words,Antisemitism,New York,2024,2,2024-02,1
69254,2024-02-02,Slogans / Code words,Antisemitism,Missouri,2024,2,2024-02,1
69255,2024-02-02,Slogans / Code words,Antisemitism,Ohio,2024,2,2024-02,1
65016,2024-02-02,Slogans / Code words,Antisemitism,New Jersey,2024,2,2024-02,1
69256,2024-02-02,Numbers / Symbols,Antisemitism,New York,2024,2,2024-02,1
65017,2024-02-02,Numbers / Symbols,Antisemitism,New York,2024,2,2024-02,1
65018,2024-02-02,Slogans / Code words,Antisemitism,Rhode Island,2024,2,2024-02,1
65003,2024-01-26,Slogans / Code words,Antisemitism,Massachusetts,2024,1,2024-01,1
69257,2024-01-26,Slogans / Code words,Antisemitism,Virginia,2024,1,2024-01,1
64996,2024-01-25,Slogans / Code words,Antisemitism,California,2024,1,2024-01,1
69258,2024-01-25,Slogans / Code words,Antisemitism,Florida,2024,1,2024-01,1
69259,2024-01-24,Slogans / Code words,Antisemitism,Texas,2024,1,2024-01,1
69260,2024-01-15,Slogans / Code words,Antisemitism,Massachusetts,2024,1,2024-01,1
69261,2024-01-14,Slogans / Code words,Antisemitism,Massachusetts,2024,1,2024-01,1
69262,2024-01-07,Slogans / Code words,Antisemitism,Massachusetts,2024,1,2024-01,1
63921,2024-01-23,Slogans / Code words,Antisemitism,Florida,2024,1,2024-01,1
64235,2024-02-04,Platforms / Sites,Antisemitism,California,2024,2,2024-02,1
64249,2024-02-06,Slogans / Code words,Antisemitism,Washington,2024,2,2024-02,1
69263,2024-02-07,Slogans / Code words,Antisemitism,New York,2024,2,2024-02,1
64250,2024-02-06,Groups / Movements,Antisemitism,Massachusetts,2024,2,2024-02,1
64251,2024-02-08,Groups / Movements,Antisemitism,Maryland,2024,2,2024-02,1
69264,2024-02-07,Slogans / Code words,Antisemitism,Virginia,2024,2,2024-02,1
64252,2024-02-08,Numbers / Symbols,Antisemitism,Massachusetts,2024,2,2024-02,1
63501,2024-01-31,Numbers / Symbols,Antisemitism,Connecticut,2024,1,2024-01,1
63781,2024-01-31,Numbers / Symbols,Antisemitism,New York,2024,1,2024-01,1
64253,2024-02-07,Slogans / Code words,Antisemitism,Illinois,2024,2,2024-02,1
64122,2024-02-02,Publications,Antisemitism,New Jersey,2024,2,2024-02,1
69265,2024-02-09,Numbers / Symbols,Antisemitism,California,2024,2,2024-02,1
64254,2024-02-11,Groups / Movements,Antisemitism,Massachusetts,2024,2,2024-02,1
64255,2024-02-11,Groups / Movements,Antisemitism,Colorado,2024,2,2024-02,1
64256,2024-02-10,Slogans / Code words,Antisemitism,California,2024,2,2024-02,1
64257,2024-02-12,Slogans / Code words,Antisemitism,California,2024,2,2024-02,1
64258,2024-02-09,Slogans / Code words,Antisemitism,Connecticut,2024,2,2024-02,1
64259,2024-02-10,Numbers / Symbols,Antisemitism,Texas,2024,2,2024-02,1
64058,2024-02-01,Publications,Antisemitism,Michigan,2024,2,2024-02,1
64260,2024-02-08,Numbers / Symbols,Antisemitism,New York,2024,2,2024-02,1
64016,2024-02-12,People,Antisemitism,Rhode Island,2024,2,2024-02,1
69266,2024-02-11,"Slogans / Code words, Key Concepts / Definitions",Antisemitism,Illinois,2024,2,2024-02,1
69267,2024-01-28,Slogans / Code words,Antisemitism,New York,2024,1,2024-01,1
64261,2024-02-10,Slogans / Code words,Antisemitism,Illinois,2024,2,2024-02,1
64150,2024-02-02,Numbers / Symbols,Antisemitism,New York,2024,2,2024-02,1
64262,2024-02-12,Slogans / Code words,Antisemitism,New York,2024,2,2024-02,1
64263,2024-02-07,Slogans / Code words,Antisemitism,California,2024,2,2024-02,1
64264,2024-02-06,Numbers / Symbols,Antisemitism,Connecticut,2024,2,2024-02,1
64265,2024-02-11,Slogans / Code words,Antisemitism,New York,2024,2,2024-02,1
64266,2024-02-12,Slogans / Code words,Antisemitism,Colorado,2024,2,2024-02,1
64267,2024-02-10,Numbers / Symbols,Antisemitism,Texas,2024,2,2024-02,1
64268,2024-02-12,People,Antisemitism,New York,2024,2,2024-02,1
64269,2024-02-06,Slogans / Code words,Antisemitism,New York,2024,2,2024-02,1
64270,2024-02-05,Slogans / Code words,Antisemitism,California,2024,2,2024-02,1
64271,2024-02-06,Groups / Movements,Antisemitism,New York,2024,2,2024-02,1
64272,2024-02-09,Numbers / Symbols,Antisemitism,California,2024,2,2024-02,1
64273,2024-02-13,Groups / Movements,Antisemitism,California,2024,2,2024-02,1
69268,2024-02-09,Key Concepts / Definitions,Antisemitism,Utah,2024,2,2024-02,1
64274,2024-02-11,Groups / Movements,Antisemitism,California,2024,2,2024-02,1
69269,2024-01-28,People,Antisemitism,New York,2024,1,2024-01,1
63629,2024-01-29,Slogans / Code words,Antisemitism,New York,2024,1,2024-01,1
64130,2024-02-04,Groups / Movements,Antisemitism,New York,2024,2,2024-02,1
63992,2024-02-04,Slogans / Code words,Antisemitism,New York,2024,2,2024-02,1
64276,2024-02-07,Numbers / Symbols,Antisemitism,New York,2024,2,2024-02,1
64277,2024-02-13,Slogans / Code words,Antisemitism,New York,2024,2,2024-02,1
64278,2024-02-13,Key Concepts / Definitions,Antisemitism,New Jersey,2024,2,2024-02,1
64279,2024-02-14,Numbers / Symbols,Antisemitism,New York,2024,2,2024-02,1
64280,2024-02-13,"Slogans / Code words, Conspiracy Theories",Antisemitism,Michigan,2024,2,2024-02,1
62366,2023-12-31,Incidents / Events,Antisemitism,Texas,2023,12,2023-12,4
64281,2024-02-13,"Slogans / Code words, Key Concepts / Definitions",Antisemitism,Florida,2024,2,2024-02,1
60977,2023-12-31,Incidents / Events,Antisemitism,Texas,2023,12,2023-12,4
60428,2023-12-31,Incidents / Events,Antisemitism,Texas,2023,12,2023-12,4
60954,2023-12-31,Incidents / Events,Antisemitism,Texas,2023,12,2023-12,4
62238,2023-12-31,Incidents / Events,Antisemitism,Texas,2023,12,2023-12,4
60815,2023-12-31,Incidents / Events,Antisemitism,Texas,2023,12,2023-12,4
61652,2023-12-31,Incidents / Events,Antisemitism,Texas,2023,12,2023-12,4
62383,2023-12-31,Incidents / Events,Antisemitism,Texas,2023,12,2023-12,4
64282,2024-02-06,Key Concepts / Definitions,Antisemitism,Massachusetts,2024,2,2024-02,1
64031,2024-02-06,Slogans / Code words,Antisemitism,Washington,2024,2,2024-02,1
64284,2024-02-12,Slogans / Code words,Antisemitism,Georgia,2024,2,2024-02,1
64285,2024-02-14,Slogans / Code words,Antisemitism,California,2024,2,2024-02,1
64286,2024-02-15,Numbers / Symbols,Antisemitism,New Jersey,2024,2,2024-02,1
64287,2024-02-15,Incidents / Events,Antisemitism,Arizona,2024,2,2024-02,1
64288,2024-02-13,Numbers / Symbols,Antisemitism,Wisconsin,2024,2,2024-02,1
64289,2024-02-09,Slogans / Code words,Antisemitism,California,2024,2,2024-02,1
64290,2024-02-13,Groups / Movements,Antisemitism,Indiana,2024,2,2024-02,1
64291,2024-02-13,Incidents / Events,Antisemitism,Minnesota,2024,2,2024-02,1
64292,2024-02-13,Key Concepts / Definitions,Antisemitism,Illinois,2024,2,2024-02,1
69270,2024-02-10,Slogans / Code words,Antisemitism,Minnesota,2024,2,2024-02,1
64293,2024-02-15,Numbers / Symbols,Antisemitism,Maine,2024,2,2024-02,1
64294,2024-02-14,Slogans / Code words,Antisemitism,Michigan,2024,2,2024-02,1
69271,2024-02-15,Key Concepts / Definitions,Antisemitism,Texas,2024,2,2024-02,1
65549,2024-02-15,Slogans / Code words,Antisemitism,New York,2024,2,2024-02,1
64295,2024-02-15,Numbers / Symbols,Antisemitism,North Carolina,2024,2,2024-02,1
64296,2024-02-11,Slogans / Code words,Antisemitism,Connecticut,2024,2,2024-02,1
64297,2024-02-09,Groups / Movements,Antisemitism,California,2024,2,2024-02,1
69272,2024-02-10,Slogans / Code words,Antisemitism,New York,2024,2,2024-02,1
64824,2024-02-08,Numbers / Symbols,Antisemitism,Vermont,2024,2,2024-02,1
64825,2024-02-15,Publications,Antisemitism,Virginia,2024,2,2024-02,1
64300,2024-02-17,Slogans / Code words,Antisemitism,Texas,2024,2,2024-02,1
64301,2024-02-17,Numbers / Symbols,Antisemitism,California,2024,2,2024-02,1
65055,2024-02-15,Slogans / Code words,Antisemitism,Texas,2024,2,2024-02,1
64519,2024-02-13,Groups / Movements,Antisemitism,California,2024,2,2024-02,1
64302,2024-02-16,"Key Concepts / Definitions, Tactics",Antisemitism,Pennsylvania,2024,2,2024-02,1
64303,2024-02-17,Groups / Movements,Antisemitism,Tennessee,2024,2,2024-02,1
64304,2024-02-09,Numbers / Symbols,Antisemitism,Illinois,2024,2,2024-02,1
64305,2024-02-18,Numbers / Symbols,Antisemitism,California,2024,2,2024-02,1
66680,2024-02-06,Slogans / Code words,Antisemitism,California,2024,2,2024-02,1
64306,2024-02-18,Slogans / Code words,Antisemitism,California,2024,2,2024-02,1
64307,2024-02-19,Numbers / Symbols,Antisemitism,Illinois,2024,2,2024-02,1
69273,2024-02-19,Numbers / Symbols,Antisemitism,Ohio,2024,2,2024-02,1
64308,2024-02-19,Incidents / Events,Antisemitism,New Jersey,2024,2,2024-02,1
64613,2024-02-13,Slogans / Code words,Antisemitism,Indiana,2024,2,2024-02,1
66696,2024-02-17,Groups / Movements,Antisemitism,Texas,2024,2,2024-02,1
64309,2024-02-13,Slogans / Code words,Antisemitism,California,2024,2,2024-02,1
64310,2024-02-18,Slogans / Code words,Antisemitism,Illinois,2024,2,2024-02,1
69274,2024-02-15,Tactics,Antisemitism,Texas,2024,2,2024-02,1
64311,2024-02-20,Slogans / Code words,Antisemitism,Iowa,2024,2,2024-02,1
64312,2024-02-07,People,Antisemitism,Ohio,2024,2,2024-02,1
64313,2024-02-19,Slogans / Code words,Antisemitism,Colorado,2024,2,2024-02,1
66692,2024-02-15,People,Antisemitism,California,2024,2,2024-02,1
64314,2024-02-19,Groups / Movements,Antisemitism,Massachusetts,2024,2,2024-02,1
64315,2024-02-20,Groups / Movements,Antisemitism,Massachusetts,2024,2,2024-02,1
60477,2023-12-31,Incidents / Events,Antisemitism,New York,2023,12,2023-12,4
61396,2023-12-31,Incidents / Events,Antisemitism,New York,2023,12,2023-12,4
62357,2023-12-31,Incidents / Events,Antisemitism,New York,2023,12,2023-12,4
61556,2023-12-31,Slogans / Code words,Antisemitism,New York,2023,12,2023-12,4
62064,2023-12-31,Incidents / Events,Antisemitism,New York,2023,12,2023-12,4
61273,2023-12-31,Incidents / Events,Antisemitism,New York,2023,12,2023-12,4
61487,2023-12-31,Incidents / Events,Antisemitism,New York,2023,12,2023-12,4
61999,2023-12-31,Incidents / Events,Antisemitism,New York,2023,12,2023-12,4
62196,2023-12-31,Incidents / Events,Antisemitism,New York,2023,12,2023-12,4
69275,2024-02-16,Slogans / Code words,Antisemitism,Massachusetts,2024,2,2024-02,1
64316,2024-02-19,Slogans / Code words,Antisemitism,Colorado,2024,2,2024-02,1
64317,2024-02-15,Publications,Antisemitism,California,2024,2,2024-02,1
64318,2024-02-17,Incidents / Events,Antisemitism,Florida,2024,2,2024-02,1
64007,2024-02-20,Slogans / Code words,Antisemitism,Texas,2024,2,2024-02,1
64319,2024-02-17,Numbers / Symbols,Antisemitism,Florida,2024,2,2024-02,1
63760,2024-01-06,Numbers / Symbols,Antisemitism,North Carolina,2024,1,2024-01,1
64474,2024-02-24,Slogans / Code words,Antisemitism,Georgia,2024,2,2024-02,1
65550,2024-02-20,Publications,Antisemitism,New York,2024,2,2024-02,1
69276,2024-02-17,Key Concepts / Definitions,Antisemitism,Vermont,2024,2,2024-02,1
64320,2024-02-20,Numbers / Symbols,Antisemitism,Texas,2024,2,2024-02,1
64321,2024-02-07,Numbers / Symbols,Antisemitism,Indiana,2024,2,2024-02,1
64322,2024-02-20,"Slogans / Code words, Key Concepts / Definitions",Antisemitism,Florida,2024,2,2024-02,1
64323,2024-02-20,Slogans / Code words,Antisemitism,Arizona,2024,2,2024-02,1
64324,2024-02-21,Numbers / Symbols,Antisemitism,California,2024,2,2024-02,1
64325,2024-02-19,Groups / Movements,Antisemitism,Florida,2024,2,2024-02,1
63607,2024-01-17,Numbers / Symbols,Antisemitism,Nebraska,2024,1,2024-01,1
65551,2024-02-19,Key Concepts / Definitions,Antisemitism,Wisconsin,2024,2,2024-02,1
64326,2024-02-19,Numbers / Symbols,Antisemitism,Virginia,2024,2,2024-02,1
64327,2024-02-21,Slogans / Code words,Antisemitism,Delaware,2024,2,2024-02,1
69277,2024-03-16,Slogans / Code words,Antisemitism,Pennsylvania,2024,3,2024-03,1
64328,2024-02-18,Key Concepts / Definitions,Antisemitism,North Carolina,2024,2,2024-02,1
69278,2024-02-20,Slogans / Code words,Antisemitism,New Hampshire,2024,2,2024-02,1
64227,2024-02-21,"Slogans / Code words, Key Concepts / Definitions",Antisemitism,North Dakota,2024,2,2024-02,1
64329,2024-02-08,Slogans / Code words,Antisemitism,California,2024,2,2024-02,1
58603,2023-12-31,Groups / Movements,Antisemitism,Michigan,2023,12,2023-12,4
58605,2023-12-31,Groups / Movements,Antisemitism,Tennessee,2023,12,2023-12,4
64111,2024-01-29,People,Antisemitism,California,2024,1,2024-01,1
58604,2023-12-31,Groups / Movements,Antisemitism,Tennessee,2023,12,2023-12,4
58606,2023-12-31,Groups / Movements,Antisemitism,Wisconsin,2023,12,2023-12,4
63579,2024-01-24,Groups / Movements,Antisemitism,California,2024,1,2024-01,1
64330,2024-02-08,Slogans / Code words,Antisemitism,Colorado,2024,2,2024-02,1
64331,2024-02-22,Groups / Movements,Antisemitism,Illinois,2024,2,2024-02,1
64043,2024-02-22,Slogans / Code words,Antisemitism,Virginia,2024,2,2024-02,1
64332,2024-02-22,Slogans / Code words,Antisemitism,California,2024,2,2024-02,1
64333,2024-02-22,Numbers / Symbols,Antisemitism,California,2024,2,2024-02,1
64334,2024-02-20,Numbers / Symbols,Antisemitism,Colorado,2024,2,2024-02,1
69279,2024-01-25,Slogans / Code words,Antisemitism,New Jersey,2024,1,2024-01,1
63464,2024-01-24,Key Concepts / Definitions,Antisemitism,New York,2024,1,2024-01,1
69280,2024-02-22,Key Concepts / Definitions,Antisemitism,Texas,2024,2,2024-02,1
64336,2024-02-12,Slogans / Code words,Antisemitism,New York,2024,2,2024-02,1
65059,2024-02-15,Numbers / Symbols,Antisemitism,California,2024,2,2024-02,1
64337,2024-02-14,"Slogans / Code words, Conspiracy Theories",Antisemitism,California,2024,2,2024-02,1
69281,2024-02-12,Platforms / Sites,Antisemitism,New York,2024,2,2024-02,1
64338,2024-02-20,Numbers / Symbols,Antisemitism,New York,2024,2,2024-02,1
64339,2024-02-23,"Slogans / Code words, Key Concepts / Definitions",Antisemitism,Florida,2024,2,2024-02,1
64340,2024-02-22,Publications,Antisemitism,California,2024,2,2024-02,1
64194,2024-02-02,Key Concepts / Definitions,Antisemitism,Maryland,2024,2,2024-02,1
64341,2024-02-08,Incidents / Events,Antisemitism,New York,2024,2,2024-02,1
64342,2024-02-22,Slogans / Code words,Antisemitism,Kansas,2024,2,2024-02,1
64343,2024-02-15,Publications,Antisemitism,New Jersey,2024,2,2024-02,1
65058,2024-02-15,Groups / Movements,Antisemitism,Kansas,2024,2,2024-02,1
64344,2024-02-25,Slogans / Code words,Antisemitism,Texas,2024,2,2024-02,1
64345,2024-02-19,Publications,Antisemitism,Indiana,2024,2,2024-02,1
64346,2024-02-18,Slogans / Code words,Antisemitism,Illinois,2024,2,2024-02,1
69282,2024-02-17,Groups / Movements,Antisemitism,Indiana,2024,2,2024-02,1
69283,2024-02-25,Slogans / Code words,Antisemitism,Minnesota,2024,2,2024-02,1
64347,2024-02-25,Slogans / Code words,Antisemitism,North Carolina,2024,2,2024-02,1
64348,2024-02-22,Slogans / Code words,Antisemitism,Illinois,2024,2,2024-02,1
64349,2024-02-22,Publications,Antisemitism,Maryland,2024,2,2024-02,1
63745,2024-01-29,Groups / Movements,Antisemitism,New York,2024,1,2024-01,1
64350,2024-02-23,Numbers / Symbols,Antisemitism,Georgia,2024,2,2024-02,1
69284,2024-02-24,Groups / Movements,Antisemitism,Pennsylvania,2024,2,2024-02,1
65079,2024-02-26,Slogans / Code words,Antisemitism,Pennsylvania,2024,2,2024-02,1
63983,2024-02-02,Key Concepts / Definitions,Antisemitism,California,2024,2,2024-02,1
69285,2024-02-26,Numbers / Symbols,Antisemitism,California,2024,2,2024-02,1
64353,2024-02-17,Numbers / Symbols,Antisemitism,Pennsylvania,2024,2,2024-02,1
64354,2024-02-26,Slogans / Code words,Antisemitism,California,2024,2,2024-02,1
64355,2024-02-27,Groups / Movements,Antisemitism,New Jersey,2024,2,2024-02,1
64356,2024-02-26,Groups / Movements,Antisemitism,North Carolina,2024,2,2024-02,1
69286,2024-02-25,Key Concepts / Definitions,Antisemitism,Florida,2024,2,2024-02,1
64357,2024-02-27,Numbers / Symbols,Antisemitism,Florida,2024,2,2024-02,1
69287,2024-02-27,Incidents / Events,Antisemitism,New Jersey,2024,2,2024-02,1
64358,2024-02-26,Slogans / Code words,Antisemitism,California,2024,2,2024-02,1
64359,2024-02-25,Slogans / Code words,Antisemitism,Massachusetts,2024,2,2024-02,1
64202,2024-02-27,Numbers / Symbols,Antisemitism,Massachusetts,2024,2,2024-02,1
64360,2024-02-21,Groups / Movements,Antisemitism,Maryland,2024,2,2024-02,1
64361,2024-02-26,Slogans / Code words,Antisemitism,Colorado,2024,2,2024-02,1
64362,2024-02-28,Key Concepts / Definitions,Antisemitism,Washington,2024,2,2024-02,1
64363,2024-02-28,Incidents / Events,Antisemitism,New York,2024,2,2024-02,1
64364,2024-02-10,Platforms / Sites,Antisemitism,Texas,2024,2,2024-02,1
64061,2024-02-27,Slogans / Code words,Antisemitism,Colorado,2024,2,2024-02,1
64365,2024-02-27,Incidents / Events,Antisemitism,California,2024,2,2024-02,1
64172,2024-02-28,Slogans / Code words,Antisemitism,Virginia,2024,2,2024-02,1
64366,2024-02-22,Numbers / Symbols,Antisemitism,Delaware,2024,2,2024-02,1
64367,2024-02-29,Slogans / Code words,Antisemitism,Texas,2024,2,2024-02,1
65086,2024-02-27,People,Antisemitism,Nevada,2024,2,2024-02,1
64368,2024-02-26,Incidents / Events,Antisemitism,New Jersey,2024,2,2024-02,1
64369,2024-02-13,Groups / Movements,Antisemitism,Minnesota,2024,2,2024-02,1
64370,2024-02-29,People,Antisemitism,California,2024,2,2024-02,1
64203,2024-02-29,Slogans / Code words,Antisemitism,Illinois,2024,2,2024-02,1
64371,2024-02-28,Key Concepts / Definitions,Antisemitism,Washington,2024,2,2024-02,1
64372,2024-02-29,Slogans / Code words,Antisemitism,California,2024,2,2024-02,1
64162,2024-02-27,Numbers / Symbols,Antisemitism,Connecticut,2024,2,2024-02,1
64373,2024-02-26,Numbers / Symbols,Antisemitism,Massachusetts,2024,2,2024-02,1
64374,2024-02-26,Slogans / Code words,Antisemitism,New York,2024,2,2024-02,1
64375,2024-02-29,Slogans / Code words,Antisemitism,New Jersey,2024,2,2024-02,1
64376,2024-02-28,Numbers / Symbols,Antisemitism,Virginia,2024,2,2024-02,1
64377,2024-02-21,Slogans / Code words,Antisemitism,Colorado,2024,2,2024-02,1
69288,2024-02-29,Incidents / Events,Antisemitism,Colorado,2024,2,2024-02,1
64378,2024-02-29,Numbers / Symbols,Antisemitism,Wisconsin,2024,2,2024-02,1
64379,2024-02-21,Slogans / Code words,Antisemitism,Colorado,2024,2,2024-02,1
64380,2024-02-28,Numbers / Symbols,Antisemitism,Connecticut,2024,2,2024-02,1
64381,2024-02-23,Key Concepts / Definitions,Antisemitism,Massachusetts,2024,2,2024-02,1
64383,2024-02-28,Numbers / Symbols,Antisemitism,Virginia,2024,2,2024-02,1
64384,2024-03-01,Incidents / Events,Antisemitism,Connecticut,2024,3,2024-03,1
64385,2024-03-01,Slogans / Code words,Antisemitism,Connecticut,2024,3,2024-03,1
64386,2024-03-02,Slogans / Code words,Antisemitism,Texas,2024,3,2024-03,1
69289,2024-03-02,"Slogans / Code words, Conspiracy Theories",Antisemitism,Pennsylvania,2024,3,2024-03,1
64387,2024-03-01,Publications,Antisemitism,California,2024,3,2024-03,1
66710,2024-03-01,Groups / Movements,Antisemitism,California,2024,3,2024-03,1
64388,2024-02-10,Incidents / Events,Antisemitism,Michigan,2024,2,2024-02,1
69290,2024-03-03,Slogans / Code words,Antisemitism,Maine,2024,3,2024-03,1
64389,2024-03-03,Numbers / Symbols,Antisemitism,California,2024,3,2024-03,1
64390,2024-03-01,Slogans / Code words,Antisemitism,Pennsylvania,2024,3,2024-03,1
64391,2024-03-03,Groups / Movements,Antisemitism,Massachusetts,2024,3,2024-03,1
64392,2024-03-03,Slogans / Code words,Antisemitism,Florida,2024,3,2024-03,1
65097,2024-03-03,Slogans / Code words,Antisemitism,Colorado,2024,3,2024-03,1
64393,2024-03-01,Slogans / Code words,Antisemitism,California,2024,3,2024-03,1
64639,2024-03-03,Slogans / Code words,Antisemitism,Massachusetts,2024,3,2024-03,1
64394,2024-03-04,Numbers / Symbols,Antisemitism,North Carolina,2024,3,2024-03,1
69291,2024-03-02,Numbers / Symbols,Antisemitism,Ohio,2024,3,2024-03,1
64395,2024-02-29,Numbers / Symbols,Antisemitism,California,2024,2,2024-02,1
64396,2024-03-02,Groups / Movements,Antisemitism,Texas,2024,3,2024-03,1
63975,2024-02-16,People,Antisemitism,California,2024,2,2024-02,1
64397,2024-02-29,Slogans / Code words,Antisemitism,California,2024,2,2024-02,1
63742,2024-01-30,Numbers / Symbols,Antisemitism,Texas,2024,1,2024-01,1
64398,2024-03-03,Groups / Movements,Antisemitism,Kentucky,2024,3,2024-03,1
64399,2024-03-04,People,Antisemitism,Virginia,2024,3,2024-03,1
64521,2024-03-03,Slogans / Code words,Antisemitism,California,2024,3,2024-03,1
64400,2024-03-03,Slogans / Code words,Antisemitism,California,2024,3,2024-03,1
69292,2024-03-04,Slogans / Code words,Antisemitism,Utah,2024,3,2024-03,1
64053,2024-03-04,People,Antisemitism,Colorado,2024,3,2024-03,1
64401,2024-03-04,Incidents / Events,Antisemitism,New York,2024,3,2024-03,1
69293,2024-03-01,Numbers / Symbols,Antisemitism,New Jersey,2024,3,2024-03,1
65552,2024-03-05,Incidents / Events,Antisemitism,New York,2024,3,2024-03,1
64402,2024-03-04,People,Antisemitism,Maryland,2024,3,2024-03,1
64403,2024-03-03,Slogans / Code words,Antisemitism,Maryland,2024,3,2024-03,1
64404,2024-03-02,Slogans / Code words,Antisemitism,Florida,2024,3,2024-03,1
65100,2024-03-05,Slogans / Code words,Antisemitism,Massachusetts,2024,3,2024-03,1
64405,2024-03-05,Slogans / Code words,Antisemitism,New York,2024,3,2024-03,1
69294,2024-03-05,People,Antisemitism,California,2024,3,2024-03,1
64406,2024-03-03,Incidents / Events,Antisemitism,California,2024,3,2024-03,1
69295,2024-03-01,Slogans / Code words,Antisemitism,Kentucky,2024,3,2024-03,1
64407,2024-02-15,Slogans / Code words,Antisemitism,California,2024,2,2024-02,1
63858,2024-01-31,Numbers / Symbols,Antisemitism,California,2024,1,2024-01,1
64408,2024-03-04,Slogans / Code words,Antisemitism,California,2024,3,2024-03,1
65553,2024-03-05,People,Antisemitism,Minnesota,2024,3,2024-03,1
69296,2024-03-04,Key Concepts / Definitions,Antisemitism,New York,2024,3,2024-03,1
64409,2024-03-04,Groups / Movements,Antisemitism,California,2024,3,2024-03,1
64410,2024-03-06,Slogans / Code words,Antisemitism,Louisiana,2024,3,2024-03,1
64411,2024-03-06,Numbers / Symbols,Antisemitism,New York,2024,3,2024-03,1
64412,2024-03-06,Slogans / Code words,Antisemitism,Texas,2024,3,2024-03,1
64413,2024-02-15,Publications,Antisemitism,California,2024,2,2024-02,1
64414,2024-03-06,Slogans / Code words,Antisemitism,Washington D.C.,2024,3,2024-03,1
64415,2024-03-04,Numbers / Symbols,Antisemitism,New York,2024,3,2024-03,1
64416,2024-03-07,People,Antisemitism,Colorado,2024,3,2024-03,1
64417,2024-03-05,Numbers / Symbols,Antisemitism,Nevada,2024,3,2024-03,1
63856,2024-01-07,"Slogans / Code words, Conspiracy Theories",Antisemitism,Pennsylvania,2024,1,2024-01,1
64418,2024-03-01,Numbers / Symbols,Antisemitism,New York,2024,3,2024-03,1
64419,2024-03-06,Incidents / Events,Antisemitism,Michigan,2024,3,2024-03,1
64420,2024-03-02,Slogans / Code words,Antisemitism,Illinois,2024,3,2024-03,1
64826,2024-03-07,Key Concepts / Definitions,Antisemitism,Florida,2024,3,2024-03,1
69297,2024-03-07,Groups / Movements,Antisemitism,California,2024,3,2024-03,1
65554,2024-03-06,Numbers / Symbols,Antisemitism,California,2024,3,2024-03,1
64421,2024-03-06,Key Concepts / Definitions,Antisemitism,Pennsylvania,2024,3,2024-03,1
64422,2024-03-04,"Slogans / Code words, Key Concepts / Definitions",Antisemitism,Maine,2024,3,2024-03,1
69298,2024-03-10,Slogans / Code words,Antisemitism,New York,2024,3,2024-03,1
69299,2024-03-10,"Slogans / Code words, Key Concepts / Definitions",Antisemitism,Washington,2024,3,2024-03,1
64672,2024-03-10,Slogans / Code words,Antisemitism,New Jersey,2024,3,2024-03,1
69300,2024-03-01,Groups / Movements,Antisemitism,New Jersey,2024,3,2024-03,1
64423,2024-03-07,People,Antisemitism,New Jersey,2024,3,2024-03,1
65555,2024-03-08,Slogans / Code words,Antisemitism,Oregon,2024,3,2024-03,1
66706,2024-02-26,Incidents / Events,Antisemitism,Oregon,2024,2,2024-02,1
69301,2024-03-01,Slogans / Code words,Antisemitism,California,2024,3,2024-03,1
69302,2024-03-11,Incidents / Events,Antisemitism,Massachusetts,2024,3,2024-03,1
65556,2024-03-09,Numbers / Symbols,Antisemitism,Colorado,2024,3,2024-03,1
64671,2024-03-09,Incidents / Events,Antisemitism,Nevada,2024,3,2024-03,1
64763,2024-03-11,"Slogans / Code words, Conspiracy Theories",Antisemitism,Pennsylvania,2024,3,2024-03,1
64425,2024-03-11,People,Antisemitism,Minnesota,2024,3,2024-03,1
69303,2024-03-07,Slogans / Code words,Antisemitism,Maryland,2024,3,2024-03,1
69304,2024-03-09,Numbers / Symbols,Antisemitism,Kansas,2024,3,2024-03,1
64751,2024-03-11,Key Concepts / Definitions,Antisemitism,North Carolina,2024,3,2024-03,1
64426,2024-03-11,Conspiracy Theories,Antisemitism,California,2024,3,2024-03,1
64690,2024-03-11,Slogans / Code words,Antisemitism,New York,2024,3,2024-03,1
64802,2024-03-11,Slogans / Code words,Antisemitism,Virginia,2024,3,2024-03,1
64427,2024-03-05,Groups / Movements,Antisemitism,California,2024,3,2024-03,1
64062,2024-03-12,Slogans / Code words,Antisemitism,Washington D.C.,2024,3,2024-03,1
64428,2024-03-08,Numbers / Symbols,Antisemitism,New Jersey,2024,3,2024-03,1
69305,2024-03-12,Slogans / Code words,Antisemitism,Colorado,2024,3,2024-03,1
64429,2024-03-01,Numbers / Symbols,Antisemitism,New York,2024,3,2024-03,1
69306,2024-03-08,Slogans / Code words,Antisemitism,Connecticut,2024,3,2024-03,1
64634,2024-03-12,Numbers / Symbols,Antisemitism,Maryland,2024,3,2024-03,1
69307,2024-03-05,Slogans / Code words,Antisemitism,New Jersey,2024,3,2024-03,1
64430,2024-03-05,"Slogans / Code words, Key Concepts / Definitions",Antisemitism,South Carolina,2024,3,2024-03,1
69308,2024-03-12,Slogans / Code words,Antisemitism,Massachusetts,2024,3,2024-03,1
64431,2024-03-12,Slogans / Code words,Antisemitism,Maryland,2024,3,2024-03,1
64015,2024-02-23,Publications,Antisemitism,New Jersey,2024,2,2024-02,1
64590,2024-03-13,Numbers / Symbols,Antisemitism,Florida,2024,3,2024-03,1
64433,2024-03-02,Incidents / Events,Antisemitism,New Jersey,2024,3,2024-03,1
64434,2024-02-20,Groups / Movements,Antisemitism,New Jersey,2024,2,2024-02,1
64104,2024-03-12,Slogans / Code words,Antisemitism,California,2024,3,2024-03,1
64435,2024-03-05,Key Concepts / Definitions,Antisemitism,California,2024,3,2024-03,1
64436,2024-03-06,Incidents / Events,Antisemitism,California,2024,3,2024-03,1
58597,2023-12-31,Groups / Movements,Antisemitism,Massachusetts,2023,12,2023-12,4
64437,2024-03-05,Key Concepts / Definitions,Antisemitism,California,2024,3,2024-03,1
64523,2024-03-13,Slogans / Code words,Antisemitism,California,2024,3,2024-03,1
64438,2024-03-09,Groups / Movements,Antisemitism,Michigan,2024,3,2024-03,1
69309,2024-03-07,Key Concepts / Definitions,Antisemitism,Colorado,2024,3,2024-03,1
64439,2024-03-07,Slogans / Code words,Antisemitism,Maryland,2024,3,2024-03,1
69310,2024-03-13,People,Antisemitism,Michigan,2024,3,2024-03,1
64440,2024-03-04,Numbers / Symbols,Antisemitism,California,2024,3,2024-03,1
64077,2024-03-13,Numbers / Symbols,Antisemitism,Colorado,2024,3,2024-03,1
64441,2024-03-01,Groups / Movements,Antisemitism,Washington,2024,3,2024-03,1
64623,2024-03-13,Incidents / Events,Antisemitism,Maine,2024,3,2024-03,1
64442,2024-02-14,Key Concepts / Definitions,Antisemitism,New Jersey,2024,2,2024-02,1
64443,2024-03-05,"Slogans / Code words, Key Concepts / Definitions",Antisemitism,New Jersey,2024,3,2024-03,1
65557,2024-03-13,Slogans / Code words,Antisemitism,Pennsylvania,2024,3,2024-03,1
64444,2024-02-15,Key Concepts / Definitions,Antisemitism,New Jersey,2024,2,2024-02,1
64445,2024-02-12,Incidents / Events,Antisemitism,New Jersey,2024,2,2024-02,1
64447,2024-03-01,Slogans / Code words,Antisemitism,Washington,2024,3,2024-03,1
64448,2024-02-28,Numbers / Symbols,Antisemitism,California,2024,2,2024-02,1
64642,2024-03-12,Slogans / Code words,Antisemitism,Massachusetts,2024,3,2024-03,1
65558,2024-03-13,Incidents / Events,Antisemitism,Washington,2024,3,2024-03,1
62068,2023-12-31,Incidents / Events,Antisemitism,Maryland,2023,12,2023-12,4
62390,2023-12-31,Numbers / Symbols,Antisemitism,Illinois,2023,12,2023-12,4
64563,2024-03-13,Key Concepts / Definitions,Antisemitism,Colorado,2024,3,2024-03,1
64449,2024-03-14,Numbers / Symbols,Antisemitism,California,2024,3,2024-03,1
64028,2024-03-15,Slogans / Code words,Antisemitism,Virginia,2024,3,2024-03,1
69312,2024-03-07,Numbers / Symbols,Antisemitism,California,2024,3,2024-03,1
64707,2024-03-14,Groups / Movements,Antisemitism,New York,2024,3,2024-03,1
64790,2024-03-15,Groups / Movements,Antisemitism,Vermont,2024,3,2024-03,1
66727,2024-03-14,Numbers / Symbols,Antisemitism,Georgia,2024,3,2024-03,1
64024,2024-03-15,Slogans / Code words,Antisemitism,Illinois,2024,3,2024-03,1
64616,2024-03-15,Numbers / Symbols,Antisemitism,Indiana,2024,3,2024-03,1
64643,2024-03-14,"Slogans / Code words, Conspiracy Theories",Antisemitism,Massachusetts,2024,3,2024-03,1
64205,2024-03-14,Slogans / Code words,Antisemitism,Massachusetts,2024,3,2024-03,1
64625,2024-03-16,Slogans / Code words,Antisemitism,Maryland,2024,3,2024-03,1
64688,2024-03-17,Slogans / Code words,Antisemitism,New York,2024,3,2024-03,1
64641,2024-03-16,Incidents / Events,Antisemitism,Massachusetts,2024,3,2024-03,1
64524,2024-03-16,Groups / Movements,Antisemitism,California,2024,3,2024-03,1
65559,2024-03-17,Slogans / Code words,Antisemitism,New York,2024,3,2024-03,1
64687,2024-03-16,Numbers / Symbols,Antisemitism,New York,2024,3,2024-03,1
64689,2024-03-18,Numbers / Symbols,Antisemitism,New York,2024,3,2024-03,1
65113,2024-03-13,Slogans / Code words,Antisemitism,Massachusetts,2024,3,2024-03,1
63905,2024-01-08,Groups / Movements,Antisemitism,Wyoming,2024,1,2024-01,1
64651,2024-03-17,Incidents / Events,Antisemitism,Massachusetts,2024,3,2024-03,1
64544,2024-03-18,Numbers / Symbols,Antisemitism,California,2024,3,2024-03,1
65560,2024-03-14,Incidents / Events,Antisemitism,California,2024,3,2024-03,1
69313,2024-03-09,Slogans / Code words,Antisemitism,Colorado,2024,3,2024-03,1
65561,2024-03-15,Incidents / Events,Antisemitism,New York,2024,3,2024-03,1
64813,2024-03-10,Tactics,Antisemitism,Washington,2024,3,2024-03,1
64571,2024-03-13,Groups / Movements,Antisemitism,Connecticut,2024,3,2024-03,1
64708,2024-03-18,Incidents / Events,Antisemitism,New York,2024,3,2024-03,1
64543,2024-03-17,Groups / Movements,Antisemitism,California,2024,3,2024-03,1
64807,2024-03-15,Key Concepts / Definitions,Antisemitism,Washington,2024,3,2024-03,1
64450,2024-03-05,Numbers / Symbols,Antisemitism,Washington,2024,3,2024-03,1
64640,2024-03-18,Key Concepts / Definitions,Antisemitism,Massachusetts,2024,3,2024-03,1
64522,2024-03-14,Groups / Movements,Antisemitism,California,2024,3,2024-03,1
64191,2024-03-09,People,Antisemitism,Virginia,2024,3,2024-03,1
64026,2024-03-16,Publications,Antisemitism,New York,2024,3,2024-03,1
64599,2024-03-18,Slogans / Code words,Antisemitism,Georgia,2024,3,2024-03,1
65562,2024-03-17,Publications,Antisemitism,Arizona,2024,3,2024-03,1
64764,2024-03-17,Slogans / Code words,Antisemitism,Pennsylvania,2024,3,2024-03,1
64774,2024-03-18,Slogans / Code words,Antisemitism,Pennsylvania,2024,3,2024-03,1
65563,2024-03-18,Incidents / Events,Antisemitism,California,2024,3,2024-03,1
64546,2024-03-18,Slogans / Code words,Antisemitism,California,2024,3,2024-03,1
65564,2024-03-14,Numbers / Symbols,Antisemitism,Massachusetts,2024,3,2024-03,1
64063,2024-03-15,Numbers / Symbols,Antisemitism,Maine,2024,3,2024-03,1
64636,2024-03-19,Numbers / Symbols,Antisemitism,Maryland,2024,3,2024-03,1
69314,2024-03-19,Slogans / Code words,Antisemitism,Colorado,2024,3,2024-03,1
64809,2024-03-15,People,Antisemitism,Washington,2024,3,2024-03,1
64626,2024-03-19,Numbers / Symbols,Antisemitism,Maryland,2024,3,2024-03,1
64752,2024-03-17,Slogans / Code words,Antisemitism,Ohio,2024,3,2024-03,1
64112,2024-02-02,Slogans / Code words,Antisemitism,New Jersey,2024,2,2024-02,1
69315,2024-03-15,Incidents / Events,Antisemitism,Florida,2024,3,2024-03,1
64693,2024-03-19,People,Antisemitism,New York,2024,3,2024-03,1
64674,2024-03-12,Numbers / Symbols,Antisemitism,New Jersey,2024,3,2024-03,1
64525,2024-03-18,Key Concepts / Definitions,Antisemitism,California,2024,3,2024-03,1
69316,2024-03-19,Slogans / Code words,Antisemitism,New York,2024,3,2024-03,1
64709,2024-03-14,Numbers / Symbols,Antisemitism,New York,2024,3,2024-03,1
64068,2024-03-06,Numbers / Symbols,Antisemitism,New York,2024,3,2024-03,1
64547,2024-03-19,Numbers / Symbols,Antisemitism,California,2024,3,2024-03,1
65123,2024-03-20,Slogans / Code words,Antisemitism,California,2024,3,2024-03,1
65565,2024-03-20,Groups / Movements,Antisemitism,New York,2024,3,2024-03,1
64637,2024-03-20,Numbers / Symbols,Antisemitism,Maryland,2024,3,2024-03,1
64710,2024-03-20,Slogans / Code words,Antisemitism,New York,2024,3,2024-03,1
65566,2024-03-20,Numbers / Symbols,Antisemitism,Maine,2024,3,2024-03,1
64600,2024-03-21,Slogans / Code words,Antisemitism,Georgia,2024,3,2024-03,1
64788,2024-03-21,Numbers / Symbols,Antisemitism,Texas,2024,3,2024-03,1
64653,2024-03-20,Groups / Movements,Antisemitism,Massachusetts,2024,3,2024-03,1
64624,2024-03-13,Slogans / Code words,Antisemitism,Maine,2024,3,2024-03,1
63928,2024-03-20,Key Concepts / Definitions,Antisemitism,California,2024,3,2024-03,1
63933,2024-02-28,Key Concepts / Definitions,Antisemitism,Minnesota,2024,2,2024-02,1
69317,2024-03-09,Slogans / Code words,Antisemitism,California,2024,3,2024-03,1
64451,2024-03-05,Incidents / Events,Antisemitism,Arizona,2024,3,2024-03,1
64564,2024-03-21,Slogans / Code words,Antisemitism,Colorado,2024,3,2024-03,1
69318,2024-03-22,Key Concepts / Definitions,Antisemitism,New York,2024,3,2024-03,1
64452,2024-02-27,Slogans / Code words,Antisemitism,New Jersey,2024,2,2024-02,1
65567,2024-03-20,Groups / Movements,Antisemitism,Texas,2024,3,2024-03,1
69319,2024-03-12,Numbers / Symbols,Antisemitism,Colorado,2024,3,2024-03,1
63989,2024-03-19,Slogans / Code words,Antisemitism,Pennsylvania,2024,3,2024-03,1
64548,2024-03-22,Numbers / Symbols,Antisemitism,California,2024,3,2024-03,1
64820,2024-03-22,People,Antisemitism,Washington D.C.,2024,3,2024-03,1
64652,2024-03-22,Groups / Movements,Antisemitism,Massachusetts,2024,3,2024-03,1
64528,2024-03-13,Key Concepts / Definitions,Antisemitism,California,2024,3,2024-03,1
64603,2024-03-22,Numbers / Symbols,Antisemitism,Illinois,2024,3,2024-03,1
64545,2024-03-20,Slogans / Code words,Antisemitism,California,2024,3,2024-03,1
64692,2024-03-13,Slogans / Code words,Antisemitism,New York,2024,3,2024-03,1
64808,2024-03-23,Numbers / Symbols,Antisemitism,Washington,2024,3,2024-03,1
64673,2024-03-23,Groups / Movements,Antisemitism,New Jersey,2024,3,2024-03,1
64604,2024-03-25,Slogans / Code words,Antisemitism,Illinois,2024,3,2024-03,1
64645,2024-03-13,Slogans / Code words,Antisemitism,Massachusetts,2024,3,2024-03,1
65131,2024-03-23,Slogans / Code words,Antisemitism,Michigan,2024,3,2024-03,1
69320,2024-03-23,Publications,Antisemitism,Michigan,2024,3,2024-03,1
69321,2024-03-12,People,Antisemitism,Georgia,2024,3,2024-03,1
69322,2024-03-05,Key Concepts / Definitions,Antisemitism,California,2024,3,2024-03,1
64526,2024-03-14,Groups / Movements,Antisemitism,California,2024,3,2024-03,1
64773,2024-03-25,Slogans / Code words,Antisemitism,Pennsylvania,2024,3,2024-03,1
64668,2024-03-25,Numbers / Symbols,Antisemitism,Minnesota,2024,3,2024-03,1
64694,2024-03-20,Numbers / Symbols,Antisemitism,New York,2024,3,2024-03,1
64527,2024-03-13,Conspiracy Theories,Antisemitism,California,2024,3,2024-03,1
64453,2024-02-27,Key Concepts / Definitions,Antisemitism,Massachusetts,2024,2,2024-02,1
64691,2024-03-25,Key Concepts / Definitions,Antisemitism,New York,2024,3,2024-03,1
64711,2024-03-25,Slogans / Code words,Antisemitism,New York,2024,3,2024-03,1
63566,2024-01-12,Slogans / Code words,Antisemitism,Pennsylvania,2024,1,2024-01,1
64598,2024-03-26,Groups / Movements,Antisemitism,Georgia,2024,3,2024-03,1
65568,2024-03-25,Key Concepts / Definitions,Antisemitism,Ohio,2024,3,2024-03,1
63929,2024-03-26,Key Concepts / Definitions,Antisemitism,Oregon,2024,3,2024-03,1
64549,2024-03-24,Incidents / Events,Antisemitism,California,2024,3,2024-03,1
64682,2024-03-26,Numbers / Symbols,Antisemitism,New Jersey,2024,3,2024-03,1
65569,2024-03-26,Slogans / Code words,Antisemitism,Washington,2024,3,2024-03,1
64712,2024-03-25,Slogans / Code words,Antisemitism,New York,2024,3,2024-03,1
64676,2024-03-18,People,Antisemitism,New Jersey,2024,3,2024-03,1
64627,2024-03-24,Numbers / Symbols,Antisemitism,Maryland,2024,3,2024-03,1
64622,2024-03-25,Slogans / Code words,Antisemitism,Louisiana,2024,3,2024-03,1
64569,2024-03-27,Slogans / Code words,Antisemitism,Colorado,2024,3,2024-03,1
64812,2024-03-27,Incidents / Events,Antisemitism,Washington,2024,3,2024-03,1
64749,2024-03-25,Slogans / Code words,Antisemitism,North Carolina,2024,3,2024-03,1
64811,2024-03-27,Key Concepts / Definitions,Antisemitism,Washington,2024,3,2024-03,1
66738,2024-03-26,Slogans / Code words,Antisemitism,California,2024,3,2024-03,1
69323,2024-03-25,Slogans / Code words,Antisemitism,New Mexico,2024,3,2024-03,1
65570,2024-03-13,People,Antisemitism,Oregon,2024,3,2024-03,1
64168,2024-03-27,Slogans / Code words,Antisemitism,Florida,2024,3,2024-03,1
65571,2024-03-27,Groups / Movements,Antisemitism,Ohio,2024,3,2024-03,1
64654,2024-03-27,Numbers / Symbols,Antisemitism,Massachusetts,2024,3,2024-03,1
64777,2024-03-28,Numbers / Symbols,Antisemitism,Pennsylvania,2024,3,2024-03,1
64814,2024-03-26,Slogans / Code words,Antisemitism,Washington,2024,3,2024-03,1
69324,2024-03-26,People,Antisemitism,Texas,2024,3,2024-03,1
65572,2024-03-22,Publications,Antisemitism,New Hampshire,2024,3,2024-03,1
64454,2024-03-11,Key Concepts / Definitions,Antisemitism,New Jersey,2024,3,2024-03,1
65142,2024-03-28,Groups / Movements,Antisemitism,Illinois,2024,3,2024-03,1
64683,2024-03-27,Incidents / Events,Antisemitism,New Jersey,2024,3,2024-03,1
64605,2024-03-28,Numbers / Symbols,Antisemitism,Illinois,2024,3,2024-03,1
69325,2024-03-10,Slogans / Code words,Antisemitism,Michigan,2024,3,2024-03,1
64552,2024-03-28,Slogans / Code words,Antisemitism,California,2024,3,2024-03,1
64555,2024-03-29,Incidents / Events,Antisemitism,California,2024,3,2024-03,1
64577,2024-03-29,Incidents / Events,Antisemitism,Connecticut,2024,3,2024-03,1
64713,2024-03-30,Numbers / Symbols,Antisemitism,New York,2024,3,2024-03,1
69326,2024-03-30,Slogans / Code words,Antisemitism,New Mexico,2024,3,2024-03,1
69327,2024-03-10,Slogans / Code words,Antisemitism,New Jersey,2024,3,2024-03,1
64776,2024-03-29,Numbers / Symbols,Antisemitism,Pennsylvania,2024,3,2024-03,1
64678,2024-03-18,Slogans / Code words,Antisemitism,New Jersey,2024,3,2024-03,1
69328,2024-03-13,Groups / Movements,Antisemitism,Wisconsin,2024,3,2024-03,1
64695,2024-03-31,Slogans / Code words,Antisemitism,New York,2024,3,2024-03,1
64455,2024-03-11,Numbers / Symbols,Antisemitism,Illinois,2024,3,2024-03,1
64611,2024-03-31,Slogans / Code words,Antisemitism,Illinois,2024,3,2024-03,1
69329,2024-03-27,Groups / Movements,Antisemitism,Pennsylvania,2024,3,2024-03,1
64782,2024-04-01,Groups / Movements,Antisemitism,Texas,2024,4,2024-04,2
64606,2024-03-30,Key Concepts / Definitions,Antisemitism,Illinois,2024,3,2024-03,1
64550,2024-03-30,Numbers / Symbols,Antisemitism,California,2024,3,2024-03,1
69330,2024-04-04,Slogans / Code words,Antisemitism,California,2024,4,2024-04,2
64677,2024-03-14,Numbers / Symbols,Antisemitism,New Jersey,2024,3,2024-03,1
64099,2024-04-01,Numbers / Symbols,Antisemitism,Michigan,2024,4,2024-04,2
64580,2024-03-31,"Key Concepts / Definitions, Tactics",Antisemitism,Florida,2024,3,2024-03,1
65574,2024-03-29,Slogans / Code words,Antisemitism,New York,2024,3,2024-03,1
69331,2024-04-01,Slogans / Code words,Antisemitism,New York,2024,4,2024-04,2
64696,2024-04-01,Slogans / Code words,Antisemitism,New York,2024,4,2024-04,2
64554,2024-04-01,Numbers / Symbols,Antisemitism,California,2024,4,2024-04,2
64579,2024-04-01,Groups / Movements,Antisemitism,Florida,2024,4,2024-04,2
64757,2024-03-30,Slogans / Code words,Antisemitism,Oregon,2024,3,2024-03,1
69332,2024-03-29,People,Antisemitism,Colorado,2024,3,2024-03,1
65575,2024-04-02,Slogans / Code words,Antisemitism,Washington,2024,4,2024-04,2
64628,2024-04-01,Slogans / Code words,Antisemitism,Maryland,2024,4,2024-04,2
64775,2024-03-29,Numbers / Symbols,Antisemitism,Pennsylvania,2024,3,2024-03,1
64783,2024-04-02,Key Concepts / Definitions,Antisemitism,Texas,2024,4,2024-04,2
65576,2024-04-02,Key Concepts / Definitions,Antisemitism,Massachusetts,2024,4,2024-04,2
64553,2024-04-03,Numbers / Symbols,Antisemitism,California,2024,4,2024-04,2
64551,2024-03-10,Slogans / Code words,Antisemitism,California,2024,3,2024-03,1
65577,2024-04-03,Slogans / Code words,Antisemitism,California,2024,4,2024-04,2
64607,2024-03-31,People,Antisemitism,Illinois,2024,3,2024-03,1
69333,2024-03-23,Groups / Movements,Antisemitism,New York,2024,3,2024-03,1
64102,2024-04-04,Groups / Movements,Antisemitism,Washington,2024,4,2024-04,2
64821,2024-04-04,Groups / Movements,Antisemitism,Washington D.C.,2024,4,2024-04,2
65578,2024-04-01,Numbers / Symbols,Antisemitism,Florida,2024,4,2024-04,2
65579,2024-04-04,Numbers / Symbols,Antisemitism,California,2024,4,2024-04,2
65580,2024-04-04,Slogans / Code words,Antisemitism,Massachusetts,2024,4,2024-04,2
64167,2024-04-04,Numbers / Symbols,Antisemitism,New York,2024,4,2024-04,2
64530,2024-03-29,Key Concepts / Definitions,Antisemitism,California,2024,3,2024-03,1
65581,2024-04-03,Slogans / Code words,Antisemitism,New Hampshire,2024,4,2024-04,2
65582,2024-04-03,Numbers / Symbols,Antisemitism,Hawaii,2024,4,2024-04,2
69334,2024-04-04,Slogans / Code words,Antisemitism,Pennsylvania,2024,4,2024-04,2
64158,2024-04-03,Numbers / Symbols,Antisemitism,Pennsylvania,2024,4,2024-04,2
65583,2024-04-04,Slogans / Code words,Antisemitism,California,2024,4,2024-04,2
64684,2024-04-04,Numbers / Symbols,Antisemitism,New Jersey,2024,4,2024-04,2
64758,2024-04-04,Slogans / Code words,Antisemitism,Oregon,2024,4,2024-04,2
65584,2024-04-04,Slogans / Code words,Antisemitism,Washington,2024,4,2024-04,2
64803,2024-03-27,Numbers / Symbols,Antisemitism,Virginia,2024,3,2024-03,1
65585,2024-04-05,Key Concepts / Definitions,Antisemitism,Massachusetts,2024,4,2024-04,2
65586,2024-04-04,People,Antisemitism,Massachusetts,2024,4,2024-04,2
69335,2024-03-26,Numbers / Symbols,Antisemitism,Massachusetts,2024,3,2024-03,1
64533,2024-03-26,Slogans / Code words,Antisemitism,California,2024,3,2024-03,1
64034,2024-04-03,Numbers / Symbols,Antisemitism,New Mexico,2024,4,2024-04,2
65587,2024-01-10,Numbers / Symbols,Antisemitism,Utah,2024,1,2024-01,1
65588,2024-04-05,Key Concepts / Definitions,Antisemitism,New York,2024,4,2024-04,2
64124,2024-05-06,Groups / Movements,Antisemitism,Illinois,2024,5,2024-05,2
64781,2024-03-29,Key Concepts / Definitions,Antisemitism,South Carolina,2024,3,2024-03,1
69336,2024-04-06,Slogans / Code words,Antisemitism,California,2024,4,2024-04,2
64532,2024-03-31,Groups / Movements,Antisemitism,California,2024,3,2024-03,1
65158,2024-04-03,Groups / Movements,Antisemitism,New York,2024,4,2024-04,2
64778,2024-03-31,Incidents / Events,Antisemitism,Pennsylvania,2024,3,2024-03,1
65589,2024-04-06,Slogans / Code words,Antisemitism,New York,2024,4,2024-04,2
65590,2024-04-07,Key Concepts / Definitions,Antisemitism,Washington,2024,4,2024-04,2
65591,2024-04-03,Incidents / Events,Antisemitism,New York,2024,4,2024-04,2
64531,2024-04-07,Numbers / Symbols,Antisemitism,California,2024,4,2024-04,2
65592,2024-04-08,Incidents / Events,Antisemitism,Pennsylvania,2024,4,2024-04,2
64791,2024-03-13,Groups / Movements,Antisemitism,Vermont,2024,3,2024-03,1
63613,2024-01-24,Slogans / Code words,Antisemitism,Vermont,2024,1,2024-01,1
65593,2024-04-08,Slogans / Code words,Antisemitism,Illinois,2024,4,2024-04,2
63931,2024-04-08,Numbers / Symbols,Antisemitism,Colorado,2024,4,2024-04,2
64456,2024-03-14,Numbers / Symbols,Antisemitism,California,2024,3,2024-03,1
65594,2024-04-05,Slogans / Code words,Antisemitism,California,2024,4,2024-04,2
64792,2024-04-08,Platforms / Sites,Antisemitism,Vermont,2024,4,2024-04,2
64147,2024-04-07,Groups / Movements,Antisemitism,New Mexico,2024,4,2024-04,2
65595,2024-04-05,Publications,Antisemitism,California,2024,4,2024-04,2
69337,2024-04-08,Slogans / Code words,Antisemitism,Arizona,2024,4,2024-04,2
65596,2024-04-08,Publications,Antisemitism,New York,2024,4,2024-04,2
64457,2024-03-09,Numbers / Symbols,Antisemitism,California,2024,3,2024-03,1
63981,2024-04-09,Key Concepts / Definitions,Antisemitism,Pennsylvania,2024,4,2024-04,2
64163,2024-04-09,Key Concepts / Definitions,Antisemitism,Pennsylvania,2024,4,2024-04,2
64060,2024-04-09,Key Concepts / Definitions,Antisemitism,Pennsylvania,2024,4,2024-04,2
64004,2024-04-09,Incidents / Events,Antisemitism,Pennsylvania,2024,4,2024-04,2
63902,2024-01-12,Key Concepts / Definitions,Antisemitism,New Jersey,2024,1,2024-01,1
64018,2024-04-09,Key Concepts / Definitions,Antisemitism,Pennsylvania,2024,4,2024-04,2
64143,2024-04-09,Key Concepts / Definitions,Antisemitism,Pennsylvania,2024,4,2024-04,2
64228,2024-04-09,Incidents / Events,Antisemitism,Pennsylvania,2024,4,2024-04,2
64214,2024-04-09,Key Concepts / Definitions,Antisemitism,Maryland,2024,4,2024-04,2
63953,2024-04-09,Key Concepts / Definitions,Antisemitism,Pennsylvania,2024,4,2024-04,2
64458,2024-02-09,Slogans / Code words,Antisemitism,New Jersey,2024,2,2024-02,1
64180,2024-04-09,Incidents / Events,Antisemitism,Pennsylvania,2024,4,2024-04,2
64000,2024-04-09,Key Concepts / Definitions,Antisemitism,Pennsylvania,2024,4,2024-04,2
64081,2024-04-09,Key Concepts / Definitions,Antisemitism,Pennsylvania,2024,4,2024-04,2
63996,2024-04-09,Incidents / Events,Antisemitism,Pennsylvania,2024,4,2024-04,2
64192,2024-04-09,Incidents / Events,Antisemitism,Pennsylvania,2024,4,2024-04,2
64154,2024-04-09,Incidents / Events,Antisemitism,Pennsylvania,2024,4,2024-04,2
65597,2024-04-08,Incidents / Events,Antisemitism,New Hampshire,2024,4,2024-04,2
65598,2024-04-06,Numbers / Symbols,Antisemitism,Ohio,2024,4,2024-04,2
64055,2024-04-09,Key Concepts / Definitions,Antisemitism,Pennsylvania,2024,4,2024-04,2
64123,2024-04-09,Key Concepts / Definitions,Antisemitism,Massachusetts,2024,4,2024-04,2
64009,2024-04-09,Key Concepts / Definitions,Antisemitism,Pennsylvania,2024,4,2024-04,2
64121,2024-02-15,Publications,Antisemitism,Ohio,2024,2,2024-02,1
64170,2024-04-09,Incidents / Events,Antisemitism,Pennsylvania,2024,4,2024-04,2
64109,2024-04-09,Key Concepts / Definitions,Antisemitism,Pennsylvania,2024,4,2024-04,2
65599,2024-04-08,Groups / Movements,Antisemitism,Florida,2024,4,2024-04,2
65600,2024-04-09,Groups / Movements,Antisemitism,California,2024,4,2024-04,2
65601,2024-04-10,Groups / Movements,Antisemitism,Michigan,2024,4,2024-04,2
65602,2024-04-09,Incidents / Events,Antisemitism,New York,2024,4,2024-04,2
69338,2024-04-04,Groups / Movements,Antisemitism,Nevada,2024,4,2024-04,2
63536,2024-01-26,Incidents / Events,Antisemitism,Ohio,2024,1,2024-01,1
64087,2024-02-23,Slogans / Code words,Antisemitism,Ohio,2024,2,2024-02,1
63962,2024-02-02,Groups / Movements,Antisemitism,Ohio,2024,2,2024-02,1
65603,2024-04-09,Numbers / Symbols,Antisemitism,Arizona,2024,4,2024-04,2
63643,2024-01-14,People,Antisemitism,Oregon,2024,1,2024-01,1
64459,2024-02-27,Key Concepts / Definitions,Antisemitism,Montana,2024,2,2024-02,1
65604,2024-04-03,Key Concepts / Definitions,Antisemitism,Florida,2024,4,2024-04,2
65146,2024-04-02,Slogans / Code words,Antisemitism,Georgia,2024,4,2024-04,2
64591,2024-04-05,Slogans / Code words,Antisemitism,Florida,2024,4,2024-04,2
69339,2024-04-09,Incidents / Events,Antisemitism,Colorado,2024,4,2024-04,2
65605,2024-04-02,Numbers / Symbols,Antisemitism,Texas,2024,4,2024-04,2
69340,2024-04-10,Slogans / Code words,Antisemitism,Pennsylvania,2024,4,2024-04,2
69341,2024-04-08,Slogans / Code words,Antisemitism,Michigan,2024,4,2024-04,2
65606,2024-04-09,Groups / Movements,Antisemitism,Florida,2024,4,2024-04,2
65607,2024-04-10,People,Antisemitism,Connecticut,2024,4,2024-04,2
65608,2024-04-10,Slogans / Code words,Antisemitism,Rhode Island,2024,4,2024-04,2
65609,2024-04-11,People,Antisemitism,Colorado,2024,4,2024-04,2
65610,2024-04-11,Numbers / Symbols,Antisemitism,Maryland,2024,4,2024-04,2
65611,2024-04-09,Slogans / Code words,Antisemitism,Iowa,2024,4,2024-04,2
65612,2024-04-12,Numbers / Symbols,Antisemitism,Illinois,2024,4,2024-04,2
65613,2024-04-11,Numbers / Symbols,Antisemitism,Texas,2024,4,2024-04,2
65391,2024-04-30,Groups / Movements,Antisemitism,Texas,2024,4,2024-04,2
65614,2024-04-09,Groups / Movements,Antisemitism,Colorado,2024,4,2024-04,2
69342,2024-04-02,People,Antisemitism,Oregon,2024,4,2024-04,2
65615,2024-04-09,Numbers / Symbols,Antisemitism,New York,2024,4,2024-04,2
65616,2024-04-12,Numbers / Symbols,Antisemitism,New York,2024,4,2024-04,2
69343,2024-04-12,Numbers / Symbols,Antisemitism,California,2024,4,2024-04,2
65617,2024-04-12,Numbers / Symbols,Antisemitism,California,2024,4,2024-04,2
65178,2024-04-10,Publications,Antisemitism,California,2024,4,2024-04,2
65619,2024-04-03,Numbers / Symbols,Antisemitism,Rhode Island,2024,4,2024-04,2
65620,2024-04-13,Key Concepts / Definitions,Antisemitism,Pennsylvania,2024,4,2024-04,2
69344,2024-04-13,Incidents / Events,Antisemitism,Georgia,2024,4,2024-04,2
65621,2024-04-09,Incidents / Events,Antisemitism,California,2024,4,2024-04,2
64556,2024-04-09,Slogans / Code words,Antisemitism,California,2024,4,2024-04,2
65622,2024-04-14,Groups / Movements,Antisemitism,Colorado,2024,4,2024-04,2
65623,2024-04-12,Groups / Movements,Antisemitism,Michigan,2024,4,2024-04,2
65624,2024-04-14,Incidents / Events,Antisemitism,Pennsylvania,2024,4,2024-04,2
69345,2024-04-15,Slogans / Code words,Antisemitism,Pennsylvania,2024,4,2024-04,2
65625,2024-04-09,Numbers / Symbols,Antisemitism,California,2024,4,2024-04,2
64080,2024-04-15,"Slogans / Code words, Key Concepts / Definitions",Antisemitism,Colorado,2024,4,2024-04,2
64169,2024-04-15,Key Concepts / Definitions,Antisemitism,Pennsylvania,2024,4,2024-04,2
65626,2024-04-15,Slogans / Code words,Antisemitism,Pennsylvania,2024,4,2024-04,2
69346,2024-04-14,Slogans / Code words,Antisemitism,Colorado,2024,4,2024-04,2
65627,2024-04-15,Slogans / Code words,Antisemitism,New York,2024,4,2024-04,2
66721,2024-03-08,Numbers / Symbols,Antisemitism,California,2024,3,2024-03,1
65628,2024-04-15,Groups / Movements,Antisemitism,New Jersey,2024,4,2024-04,2
69347,2024-04-15,Incidents / Events,Antisemitism,Louisiana,2024,4,2024-04,2
65629,2024-04-15,Slogans / Code words,Antisemitism,New York,2024,4,2024-04,2
65630,2024-04-12,Slogans / Code words,Antisemitism,Florida,2024,4,2024-04,2
64578,2024-03-27,Numbers / Symbols,Antisemitism,Connecticut,2024,3,2024-03,1
65631,2024-04-14,Incidents / Events,Antisemitism,Maine,2024,4,2024-04,2
65632,2024-04-13,Slogans / Code words,Antisemitism,Washington,2024,4,2024-04,2
65633,2024-04-13,Incidents / Events,Antisemitism,New York,2024,4,2024-04,2
65634,2024-04-14,Incidents / Events,Antisemitism,Washington,2024,4,2024-04,2
65635,2024-04-16,Slogans / Code words,Antisemitism,California,2024,4,2024-04,2
65636,2024-04-15,Numbers / Symbols,Antisemitism,California,2024,4,2024-04,2
64185,2024-04-11,People,Antisemitism,California,2024,4,2024-04,2
64856,2024-04-16,Key Concepts / Definitions,Antisemitism,California,2024,4,2024-04,2
64656,2024-04-12,Numbers / Symbols,Antisemitism,Massachusetts,2024,4,2024-04,2
64570,2024-03-20,Numbers / Symbols,Antisemitism,Colorado,2024,3,2024-03,1
65637,2024-04-16,Numbers / Symbols,Antisemitism,Florida,2024,4,2024-04,2
65638,2024-04-14,Slogans / Code words,Antisemitism,Massachusetts,2024,4,2024-04,2
65639,2024-04-16,Slogans / Code words,Antisemitism,South Carolina,2024,4,2024-04,2
65204,2024-04-17,Slogans / Code words,Antisemitism,Illinois,2024,4,2024-04,2
63938,2024-04-16,Groups / Movements,Antisemitism,Illinois,2024,4,2024-04,2
65640,2024-04-15,People,Antisemitism,Michigan,2024,4,2024-04,2
65641,2024-04-17,Numbers / Symbols,Antisemitism,California,2024,4,2024-04,2
64208,2024-04-17,Slogans / Code words,Antisemitism,Texas,2024,4,2024-04,2
64829,2024-04-11,People,Antisemitism,Ohio,2024,4,2024-04,2
64136,2024-04-17,Incidents / Events,Antisemitism,Massachusetts,2024,4,2024-04,2
65642,2024-04-16,People,Antisemitism,California,2024,4,2024-04,2
64534,2024-03-30,Slogans / Code words,Antisemitism,California,2024,3,2024-03,1
63986,2024-04-17,Slogans / Code words,Antisemitism,California,2024,4,2024-04,2
65226,2024-04-21,Slogans / Code words,Antisemitism,Massachusetts,2024,4,2024-04,2
64796,2024-03-16,Slogans / Code words,Antisemitism,Virginia,2024,3,2024-03,1
64218,2024-04-14,Slogans / Code words,Antisemitism,Texas,2024,4,2024-04,2
65186,2024-04-14,Slogans / Code words,Antisemitism,New Jersey,2024,4,2024-04,2
65643,2024-04-16,Slogans / Code words,Antisemitism,New York,2024,4,2024-04,2
64042,2024-04-17,Groups / Movements,Antisemitism,Ohio,2024,4,2024-04,2
65644,2024-04-16,Numbers / Symbols,Antisemitism,New York,2024,4,2024-04,2
63952,2024-04-13,Key Concepts / Definitions,Antisemitism,Pennsylvania,2024,4,2024-04,2
64094,2024-04-17,Numbers / Symbols,Antisemitism,New Jersey,2024,4,2024-04,2
65645,2024-04-15,Incidents / Events,Antisemitism,Ohio,2024,4,2024-04,2
63973,2024-04-17,Slogans / Code words,Antisemitism,New York,2024,4,2024-04,2
69348,2024-04-11,Publications,Antisemitism,New Jersey,2024,4,2024-04,2
64089,2024-04-18,Numbers / Symbols,Antisemitism,Louisiana,2024,4,2024-04,2
65646,2024-04-15,Platforms / Sites,Antisemitism,Kentucky,2024,4,2024-04,2
65647,2024-04-16,Publications,Antisemitism,Arizona,2024,4,2024-04,2
65191,2024-04-15,Slogans / Code words,Antisemitism,Washington,2024,4,2024-04,2
63947,2024-04-18,Key Concepts / Definitions,Antisemitism,Virginia,2024,4,2024-04,2
64236,2024-04-13,Numbers / Symbols,Antisemitism,California,2024,4,2024-04,2
64231,2024-04-18,Slogans / Code words,Antisemitism,North Carolina,2024,4,2024-04,2
64040,2024-04-19,Slogans / Code words,Antisemitism,California,2024,4,2024-04,2
64039,2024-04-18,Numbers / Symbols,Antisemitism,California,2024,4,2024-04,2
69349,2024-04-19,Key Concepts / Definitions,Antisemitism,California,2024,4,2024-04,2
65214,2024-04-19,Slogans / Code words,Antisemitism,Georgia,2024,4,2024-04,2
64115,2024-04-20,Tactics,Antisemitism,Michigan,2024,4,2024-04,2
64831,2024-04-20,Incidents / Events,Antisemitism,Connecticut,2024,4,2024-04,2
64048,2024-04-20,Numbers / Symbols,Antisemitism,Florida,2024,4,2024-04,2
65648,2024-04-12,People,Antisemitism,Texas,2024,4,2024-04,2
69350,2024-04-21,Incidents / Events,Antisemitism,California,2024,4,2024-04,2
64120,2024-04-21,Slogans / Code words,Antisemitism,Texas,2024,4,2024-04,2
69351,2024-04-06,Incidents / Events,Antisemitism,New York,2024,4,2024-04,2
65649,2024-04-20,"Slogans / Code words, Key Concepts / Definitions",Antisemitism,Illinois,2024,4,2024-04,2
64714,2024-03-30,Numbers / Symbols,Antisemitism,New York,2024,3,2024-03,1
64140,2024-04-19,Incidents / Events,Antisemitism,Washington D.C.,2024,4,2024-04,2
64021,2024-04-21,Incidents / Events,Antisemitism,Pennsylvania,2024,4,2024-04,2
65650,2024-04-14,Groups / Movements,Antisemitism,Oklahoma,2024,4,2024-04,2
65651,2024-04-14,Numbers / Symbols,Antisemitism,Oklahoma,2024,4,2024-04,2
64022,2024-04-20,Numbers / Symbols,Antisemitism,New Jersey,2024,4,2024-04,2
65205,2024-04-17,Numbers / Symbols,Antisemitism,New York,2024,4,2024-04,2
65652,2024-04-08,Numbers / Symbols,Antisemitism,Nevada,2024,4,2024-04,2
64237,2024-04-19,Numbers / Symbols,Antisemitism,California,2024,4,2024-04,2
64221,2024-04-21,Slogans / Code words,Antisemitism,Connecticut,2024,4,2024-04,2
69352,2024-04-12,Key Concepts / Definitions,Antisemitism,Florida,2024,4,2024-04,2
65170,2024-04-07,Slogans / Code words,Antisemitism,Massachusetts,2024,4,2024-04,2
64210,2024-04-22,Incidents / Events,Antisemitism,Texas,2024,4,2024-04,2
64108,2024-04-20,Slogans / Code words,Antisemitism,Pennsylvania,2024,4,2024-04,2
64655,2024-03-26,Numbers / Symbols,Antisemitism,Massachusetts,2024,3,2024-03,1
64032,2024-04-23,Slogans / Code words,Antisemitism,Iowa,2024,4,2024-04,2
64101,2024-04-22,Slogans / Code words,Antisemitism,Wisconsin,2024,4,2024-04,2
64142,2024-04-23,People,Antisemitism,New Jersey,2024,4,2024-04,2
63925,2024-04-22,Slogans / Code words,Antisemitism,Michigan,2024,4,2024-04,2
69353,2024-03-19,Key Concepts / Definitions,Antisemitism,Ohio,2024,3,2024-03,1
63936,2024-04-24,Slogans / Code words,Antisemitism,Maryland,2024,4,2024-04,2
64025,2024-04-24,Slogans / Code words,Antisemitism,Arizona,2024,4,2024-04,2
65653,2024-04-24,People,Antisemitism,New York,2024,4,2024-04,2
63995,2024-04-24,Slogans / Code words,Antisemitism,New York,2024,4,2024-04,2
65349,2024-04-29,Slogans / Code words,Antisemitism,New York,2024,4,2024-04,2
64177,2024-04-22,Slogans / Code words,Antisemitism,Washington D.C.,2024,4,2024-04,2
64806,2024-04-24,People,Antisemitism,Washington,2024,4,2024-04,2
64614,2024-04-25,Slogans / Code words,Antisemitism,Indiana,2024,4,2024-04,2
64815,2024-04-24,People,Antisemitism,Washington D.C.,2024,4,2024-04,2
65654,2024-04-11,Numbers / Symbols,Antisemitism,Connecticut,2024,4,2024-04,2
64117,2024-04-20,Numbers / Symbols,Antisemitism,Virginia,2024,4,2024-04,2
65655,2024-03-14,Numbers / Symbols,Antisemitism,California,2024,3,2024-03,1
64144,2024-04-24,Numbers / Symbols,Antisemitism,New York,2024,4,2024-04,2
64035,2024-04-22,Numbers / Symbols,Antisemitism,California,2024,4,2024-04,2
65280,2024-04-25,Slogans / Code words,Antisemitism,Massachusetts,2024,4,2024-04,2
65229,2024-04-21,Slogans / Code words,Antisemitism,Massachusetts,2024,4,2024-04,2
65274,2024-04-25,Slogans / Code words,Antisemitism,Pennsylvania,2024,4,2024-04,2
64138,2024-04-23,Platforms / Sites,Antisemitism,Colorado,2024,4,2024-04,2
65656,2024-04-16,Slogans / Code words,Antisemitism,Washington,2024,4,2024-04,2
66798,2024-04-25,Slogans / Code words,Antisemitism,California,2024,4,2024-04,2
63958,2024-04-25,Numbers / Symbols,Antisemitism,Washington,2024,4,2024-04,2
64148,2024-04-20,Groups / Movements,Antisemitism,Washington D.C.,2024,4,2024-04,2
64010,2024-04-25,Incidents / Events,Antisemitism,California,2024,4,2024-04,2
66801,2024-04-25,Numbers / Symbols,Antisemitism,Massachusetts,2024,4,2024-04,2
69354,2024-03-27,Slogans / Code words,Antisemitism,New Jersey,2024,3,2024-03,1
65657,2024-04-08,Platforms / Sites,Antisemitism,New Jersey,2024,4,2024-04,2
64680,2024-03-28,People,Antisemitism,New Jersey,2024,3,2024-03,1
65658,2024-04-04,People,Antisemitism,New Jersey,2024,4,2024-04,2
65285,2024-04-25,Groups / Movements,Antisemitism,Georgia,2024,4,2024-04,2
64207,2024-04-26,Key Concepts / Definitions,Antisemitism,Texas,2024,4,2024-04,2
65659,2024-04-11,Numbers / Symbols,Antisemitism,California,2024,4,2024-04,2
64110,2024-04-25,Groups / Movements,Antisemitism,California,2024,4,2024-04,2
63575,2024-01-28,Incidents / Events,Antisemitism,New York,2024,1,2024-01,1
64033,2024-02-13,Key Concepts / Definitions,Antisemitism,California,2024,2,2024-02,1
64832,2024-04-25,Publications,Antisemitism,California,2024,4,2024-04,2
66806,2024-04-26,Numbers / Symbols,Antisemitism,Nevada,2024,4,2024-04,2
65314,2024-04-26,Slogans / Code words,Antisemitism,Minnesota,2024,4,2024-04,2
64145,2024-04-26,Numbers / Symbols,Antisemitism,Maryland,2024,4,2024-04,2
63926,2024-04-26,Slogans / Code words,Antisemitism,Massachusetts,2024,4,2024-04,2
65246,2024-04-23,Slogans / Code words,Antisemitism,Texas,2024,4,2024-04,2
69355,2024-04-27,Slogans / Code words,Antisemitism,New York,2024,4,2024-04,2
64056,2024-04-25,Slogans / Code words,Antisemitism,Illinois,2024,4,2024-04,2
64074,2024-04-27,Slogans / Code words,Antisemitism,Minnesota,2024,4,2024-04,2
63954,2024-04-28,Numbers / Symbols,Antisemitism,Pennsylvania,2024,4,2024-04,2
66814,2024-04-27,Slogans / Code words,Antisemitism,New York,2024,4,2024-04,2
64834,2024-04-27,Slogans / Code words,Antisemitism,Michigan,2024,4,2024-04,2
69356,2024-04-28,Groups / Movements,Antisemitism,New York,2024,4,2024-04,2
63994,2024-04-28,Slogans / Code words,Antisemitism,Maryland,2024,4,2024-04,2
66799,2024-04-25,Numbers / Symbols,Antisemitism,California,2024,4,2024-04,2
65660,2024-04-15,Groups / Movements,Antisemitism,Nevada,2024,4,2024-04,2
64092,2024-04-28,Slogans / Code words,Antisemitism,Maryland,2024,4,2024-04,2
65661,2024-04-17,Numbers / Symbols,Antisemitism,Virginia,2024,4,2024-04,2
65662,2024-04-09,Numbers / Symbols,Antisemitism,Kentucky,2024,4,2024-04,2
65215,2024-04-19,Numbers / Symbols,Antisemitism,Connecticut,2024,4,2024-04,2
63990,2024-04-28,Slogans / Code words,Antisemitism,California,2024,4,2024-04,2
64795,2024-04-28,Slogans / Code words,Antisemitism,Virginia,2024,4,2024-04,2
69357,2024-04-01,People,Antisemitism,Illinois,2024,4,2024-04,2
64520,2024-04-24,Groups / Movements,Antisemitism,California,2024,4,2024-04,2
64065,2024-04-29,Slogans / Code words,Antisemitism,Michigan,2024,4,2024-04,2
64226,2024-04-29,Numbers / Symbols,Antisemitism,Florida,2024,4,2024-04,2
69358,2024-03-19,People,Antisemitism,New York,2024,3,2024-03,1
64184,2024-04-29,Slogans / Code words,Antisemitism,New Mexico,2024,4,2024-04,2
69359,2024-04-29,Numbers / Symbols,Antisemitism,New York,2024,4,2024-04,2
66827,2024-04-29,"Publications, Groups / Movements",Antisemitism,Indiana,2024,4,2024-04,2
69360,2024-04-29,Numbers / Symbols,Antisemitism,New York,2024,4,2024-04,2
64233,2024-04-29,Groups / Movements,Antisemitism,Wisconsin,2024,4,2024-04,2
65341,2024-04-29,Slogans / Code words,Antisemitism,California,2024,4,2024-04,2
64659,2024-04-30,Slogans / Code words,Antisemitism,Michigan,2024,4,2024-04,2
65337,2024-04-29,Numbers / Symbols,Antisemitism,Wisconsin,2024,4,2024-04,2
65663,2024-04-30,Numbers / Symbols,Antisemitism,New York,2024,4,2024-04,2
63971,2024-04-30,Slogans / Code words,Antisemitism,Massachusetts,2024,4,2024-04,2
65664,2024-04-16,Numbers / Symbols,Antisemitism,New Jersey,2024,4,2024-04,2
65308,2024-04-26,People,Antisemitism,Indiana,2024,4,2024-04,2
64041,2024-04-30,Slogans / Code words,Antisemitism,Pennsylvania,2024,4,2024-04,2
65359,2024-04-29,Slogans / Code words,Antisemitism,Louisiana,2024,4,2024-04,2
65303,2024-04-25,Numbers / Symbols,Antisemitism,California,2024,4,2024-04,2
64562,2024-04-30,Slogans / Code words,Antisemitism,Colorado,2024,4,2024-04,2
69361,2024-04-30,People,Antisemitism,Massachusetts,2024,4,2024-04,2
63945,2024-04-30,Numbers / Symbols,Antisemitism,New Mexico,2024,4,2024-04,2
65665,2024-04-30,Slogans / Code words,Antisemitism,California,2024,4,2024-04,2
69362,2024-05-01,Slogans / Code words,Antisemitism,New York,2024,5,2024-05,2
64238,2024-04-30,"Key Concepts / Definitions, Tactics",Antisemitism,Massachusetts,2024,4,2024-04,2
66823,2024-04-28,Slogans / Code words,Antisemitism,Vermont,2024,4,2024-04,2
64135,2024-05-01,Slogans / Code words,Antisemitism,Connecticut,2024,5,2024-05,2
64518,2024-04-28,Slogans / Code words,Antisemitism,California,2024,4,2024-04,2
65332,2024-04-28,Groups / Movements,Antisemitism,Vermont,2024,4,2024-04,2
64179,2024-04-30,Numbers / Symbols,Antisemitism,Massachusetts,2024,4,2024-04,2
65289,2024-04-25,Groups / Movements,Antisemitism,Pennsylvania,2024,4,2024-04,2
69363,2024-05-01,Groups / Movements,Antisemitism,Colorado,2024,5,2024-05,2
63969,2024-04-26,Slogans / Code words,Antisemitism,Pennsylvania,2024,4,2024-04,2
64762,2024-05-01,Slogans / Code words,Antisemitism,Pennsylvania,2024,5,2024-05,2
64005,2024-05-01,Numbers / Symbols,Antisemitism,Pennsylvania,2024,5,2024-05,2
65666,2024-04-06,Key Concepts / Definitions,Antisemitism,Colorado,2024,4,2024-04,2
64602,2024-04-30,Publications,Antisemitism,Illinois,2024,4,2024-04,2
63942,2024-05-01,Publications,Antisemitism,California,2024,5,2024-05,2
69364,2024-04-30,"Slogans / Code words, Key Concepts / Definitions",Antisemitism,California,2024,4,2024-04,2
64086,2024-05-01,Numbers / Symbols,Antisemitism,California,2024,5,2024-05,2
65667,2024-05-01,Publications,Antisemitism,Montana,2024,5,2024-05,2
69365,2024-04-29,"Slogans / Code words, Key Concepts / Definitions",Antisemitism,California,2024,4,2024-04,2
65425,2024-05-01,People,Antisemitism,California,2024,5,2024-05,2
65413,2024-04-29,Numbers / Symbols,Antisemitism,Washington,2024,4,2024-04,2
65343,2024-04-29,Slogans / Code words,Antisemitism,California,2024,4,2024-04,2
64224,2024-04-30,Slogans / Code words,Antisemitism,Maryland,2024,4,2024-04,2
63939,2024-04-26,Numbers / Symbols,Antisemitism,Virginia,2024,4,2024-04,2
64047,2024-04-26,Numbers / Symbols,Antisemitism,Ohio,2024,4,2024-04,2
63935,2024-04-30,Slogans / Code words,Antisemitism,North Carolina,2024,4,2024-04,2
65326,2024-04-27,Slogans / Code words,Antisemitism,Pennsylvania,2024,4,2024-04,2
64209,2024-05-01,Groups / Movements,Antisemitism,Indiana,2024,5,2024-05,2
65669,2024-05-01,Groups / Movements,Antisemitism,New Jersey,2024,5,2024-05,2
65405,2024-05-01,Groups / Movements,Antisemitism,Texas,2024,5,2024-05,2
64012,2024-04-30,Slogans / Code words,Antisemitism,New Jersey,2024,4,2024-04,2
65670,2024-05-02,People,Antisemitism,Washington,2024,5,2024-05,2
64460,2024-03-03,Incidents / Events,Antisemitism,Colorado,2024,3,2024-03,1
65671,2024-05-02,Numbers / Symbols,Antisemitism,New York,2024,5,2024-05,2
64049,2024-05-02,Slogans / Code words,Antisemitism,Nevada,2024,5,2024-05,2
64020,2024-04-27,Numbers / Symbols,Antisemitism,New York,2024,4,2024-04,2
63979,2024-05-02,Numbers / Symbols,Antisemitism,Texas,2024,5,2024-05,2
63982,2024-05-02,Slogans / Code words,Antisemitism,Pennsylvania,2024,5,2024-05,2
65411,2024-05-01,Slogans / Code words,Antisemitism,New York,2024,5,2024-05,2
64596,2024-05-01,Slogans / Code words,Antisemitism,Georgia,2024,5,2024-05,2
65672,2024-05-02,Numbers / Symbols,Antisemitism,New York,2024,5,2024-05,2
64090,2024-05-01,Numbers / Symbols,Antisemitism,Pennsylvania,2024,5,2024-05,2
65437,2024-05-01,Slogans / Code words,Antisemitism,New Hampshire,2024,5,2024-05,2
64663,2024-03-15,People,Antisemitism,Michigan,2024,3,2024-03,1
64661,2024-03-22,People,Antisemitism,Michigan,2024,3,2024-03,1
64662,2024-03-29,People,Antisemitism,Michigan,2024,3,2024-03,1
63588,2024-01-05,People,Antisemitism,Michigan,2024,1,2024-01,1
63456,2024-01-12,People,Antisemitism,Michigan,2024,1,2024-01,1
63544,2024-01-19,People,Antisemitism,Michigan,2024,1,2024-01,1
63706,2024-01-26,People,Antisemitism,Michigan,2024,1,2024-01,1
64008,2024-02-02,People,Antisemitism,Michigan,2024,2,2024-02,1
64461,2024-02-09,People,Antisemitism,Michigan,2024,2,2024-02,1
64462,2024-02-16,People,Antisemitism,Michigan,2024,2,2024-02,1
64463,2024-02-23,People,Antisemitism,Michigan,2024,2,2024-02,1
64464,2024-03-01,People,Antisemitism,Michigan,2024,3,2024-03,1
64465,2024-03-08,People,Antisemitism,Michigan,2024,3,2024-03,1
64076,2024-04-27,Numbers / Symbols,Antisemitism,Florida,2024,4,2024-04,2
63988,2024-05-02,Incidents / Events,Antisemitism,California,2024,5,2024-05,2
69366,2024-04-29,Groups / Movements,Antisemitism,Maryland,2024,4,2024-04,2
65673,2024-05-02,Slogans / Code words,Antisemitism,Illinois,2024,5,2024-05,2
64225,2024-04-30,Numbers / Symbols,Antisemitism,California,2024,4,2024-04,2
64219,2024-05-02,People,Antisemitism,Michigan,2024,5,2024-05,2
65385,2024-04-30,General Hate,Antisemitism,Pennsylvania,2024,4,2024-04,2
65674,2024-05-01,Groups / Movements,Antisemitism,Illinois,2024,5,2024-05,2
63978,2024-04-26,Slogans / Code words,Antisemitism,Colorado,2024,4,2024-04,2
64001,2024-04-12,People,Antisemitism,California,2024,4,2024-04,2
63976,2024-04-28,Slogans / Code words,Antisemitism,Maryland,2024,4,2024-04,2
65675,2024-05-03,People,Antisemitism,Georgia,2024,5,2024-05,2
65265,2024-04-24,Numbers / Symbols,Antisemitism,California,2024,4,2024-04,2
64011,2024-05-03,Slogans / Code words,Antisemitism,Colorado,2024,5,2024-05,2
66826,2024-04-29,Incidents / Events,Antisemitism,Illinois,2024,4,2024-04,2
65676,2024-05-01,Numbers / Symbols,Antisemitism,New Jersey,2024,5,2024-05,2
65677,2024-05-03,Slogans / Code words,Antisemitism,Alabama,2024,5,2024-05,2
65678,2024-05-02,Slogans / Code words,Antisemitism,California,2024,5,2024-05,2
63944,2024-05-02,Slogans / Code words,Antisemitism,Illinois,2024,5,2024-05,2
65679,2024-05-04,Slogans / Code words,Antisemitism,Massachusetts,2024,5,2024-05,2
65680,2024-05-04,Incidents / Events,Antisemitism,Idaho,2024,5,2024-05,2
64686,2024-05-04,"Slogans / Code words, Conspiracy Theories",Antisemitism,New York,2024,5,2024-05,2
65338,2024-04-29,Numbers / Symbols,Antisemitism,Wisconsin,2024,4,2024-04,2
65681,2024-05-04,Slogans / Code words,Antisemitism,Missouri,2024,5,2024-05,2
63955,2024-05-05,Numbers / Symbols,Antisemitism,Virginia,2024,5,2024-05,2
64195,2024-05-05,Numbers / Symbols,Antisemitism,Washington,2024,5,2024-05,2
64070,2024-05-05,Numbers / Symbols,Antisemitism,California,2024,5,2024-05,2
64517,2024-05-05,Slogans / Code words,Antisemitism,California,2024,5,2024-05,2
65682,2024-05-05,Slogans / Code words,Antisemitism,New York,2024,5,2024-05,2
64601,2024-04-25,Slogans / Code words,Antisemitism,Illinois,2024,4,2024-04,2
69367,2024-04-26,People,Antisemitism,Illinois,2024,4,2024-04,2
64114,2024-05-05,Slogans / Code words,Antisemitism,Rhode Island,2024,5,2024-05,2
64013,2024-05-03,Numbers / Symbols,Antisemitism,California,2024,5,2024-05,2
65683,2024-05-05,Numbers / Symbols,Antisemitism,California,2024,5,2024-05,2
63934,2024-05-04,Slogans / Code words,Antisemitism,California,2024,5,2024-05,2
64064,2024-05-04,Slogans / Code words,Antisemitism,Maine,2024,5,2024-05,2
65241,2024-04-22,Groups / Movements,Antisemitism,New York,2024,4,2024-04,2
65684,2024-05-02,Slogans / Code words,Antisemitism,Massachusetts,2024,5,2024-05,2
65685,2024-05-06,Numbers / Symbols,Antisemitism,Massachusetts,2024,5,2024-05,2
64075,2024-05-04,Numbers / Symbols,Antisemitism,New York,2024,5,2024-05,2
69368,2024-04-09,Incidents / Events,Antisemitism,Georgia,2024,4,2024-04,2
65686,2024-05-06,Incidents / Events,Antisemitism,Illinois,2024,5,2024-05,2
63961,2024-04-29,Slogans / Code words,Antisemitism,Pennsylvania,2024,4,2024-04,2
64206,2024-05-01,Incidents / Events,Antisemitism,Pennsylvania,2024,5,2024-05,2
65477,2024-05-06,Groups / Movements,Antisemitism,California,2024,5,2024-05,2
65441,2024-05-02,Slogans / Code words,Antisemitism,Wisconsin,2024,5,2024-05,2
64176,2024-04-19,Slogans / Code words,Antisemitism,Washington,2024,4,2024-04,2
64096,2024-04-17,Numbers / Symbols,Antisemitism,Wisconsin,2024,4,2024-04,2
63980,2024-04-30,Numbers / Symbols,Antisemitism,Oregon,2024,4,2024-04,2
65687,2024-05-03,Slogans / Code words,Antisemitism,New Jersey,2024,5,2024-05,2
69369,2024-05-01,Numbers / Symbols,Antisemitism,Michigan,2024,5,2024-05,2
64216,2024-05-04,Incidents / Events,Antisemitism,Washington,2024,5,2024-05,2
65688,2024-04-13,Slogans / Code words,Antisemitism,California,2024,4,2024-04,2
65689,2024-05-05,Slogans / Code words,Antisemitism,Massachusetts,2024,5,2024-05,2
65690,2024-05-06,Key Concepts / Definitions,Antisemitism,Massachusetts,2024,5,2024-05,2
64466,2024-03-04,Numbers / Symbols,Antisemitism,Massachusetts,2024,3,2024-03,1
69370,2024-05-06,Key Concepts / Definitions,Antisemitism,New York,2024,5,2024-05,2
64200,2024-05-04,Incidents / Events,Antisemitism,New York,2024,5,2024-05,2
64183,2024-05-04,Incidents / Events,Antisemitism,New York,2024,5,2024-05,2
63998,2024-05-04,Incidents / Events,Antisemitism,New York,2024,5,2024-05,2
63970,2024-05-04,Incidents / Events,Antisemitism,New York,2024,5,2024-05,2
64182,2024-05-04,Incidents / Events,Antisemitism,New York,2024,5,2024-05,2
64181,2024-05-04,Incidents / Events,Antisemitism,New York,2024,5,2024-05,2
63999,2024-05-04,Incidents / Events,Antisemitism,New York,2024,5,2024-05,2
64045,2024-05-04,Incidents / Events,Antisemitism,New York,2024,5,2024-05,2
64198,2024-05-04,Incidents / Events,Antisemitism,New York,2024,5,2024-05,2
65390,2024-04-30,Slogans / Code words,Antisemitism,Illinois,2024,4,2024-04,2
64105,2024-05-04,Incidents / Events,Antisemitism,New York,2024,5,2024-05,2
63974,2024-05-04,Key Concepts / Definitions,Antisemitism,New York,2024,5,2024-05,2
64146,2024-05-04,Key Concepts / Definitions,Antisemitism,New York,2024,5,2024-05,2
63941,2024-05-04,Key Concepts / Definitions,Antisemitism,Iowa,2024,5,2024-05,2
63957,2024-05-04,Incidents / Events,Antisemitism,New York,2024,5,2024-05,2
64030,2024-05-04,Incidents / Events,Antisemitism,New York,2024,5,2024-05,2
64066,2024-05-04,Incidents / Events,Antisemitism,New York,2024,5,2024-05,2
64132,2024-05-04,Incidents / Events,Antisemitism,New York,2024,5,2024-05,2
64212,2024-05-04,Incidents / Events,Antisemitism,New York,2024,5,2024-05,2
64050,2024-05-04,Key Concepts / Definitions,Antisemitism,New York,2024,5,2024-05,2
69371,2024-05-04,Incidents / Events,Antisemitism,New York,2024,5,2024-05,2
64095,2024-05-04,Incidents / Events,Antisemitism,New York,2024,5,2024-05,2
64155,2024-05-04,Incidents / Events,Antisemitism,New York,2024,5,2024-05,2
65691,2024-05-02,"Slogans / Code words, Key Concepts / Definitions",Antisemitism,California,2024,5,2024-05,2
65692,2024-05-05,Slogans / Code words,Antisemitism,California,2024,5,2024-05,2
63963,2024-04-29,Groups / Movements,Antisemitism,Connecticut,2024,4,2024-04,2
65693,2024-05-06,Numbers / Symbols,Antisemitism,Florida,2024,5,2024-05,2
65694,2024-05-07,Numbers / Symbols,Antisemitism,Connecticut,2024,5,2024-05,2
65695,2024-05-07,Conspiracy Theories,Antisemitism,Connecticut,2024,5,2024-05,2
65696,2024-05-07,Numbers / Symbols,Antisemitism,Florida,2024,5,2024-05,2
65697,2024-05-08,Groups / Movements,Antisemitism,California,2024,5,2024-05,2
64220,2024-05-06,Groups / Movements,Antisemitism,New York,2024,5,2024-05,2
63943,2024-05-08,Numbers / Symbols,Antisemitism,California,2024,5,2024-05,2
65698,2024-05-07,Incidents / Events,Antisemitism,Minnesota,2024,5,2024-05,2
65699,2024-05-04,Key Concepts / Definitions,Antisemitism,Michigan,2024,5,2024-05,2
65700,2024-05-04,Numbers / Symbols,Antisemitism,Ohio,2024,5,2024-05,2
64027,2024-05-06,People,Antisemitism,Ohio,2024,5,2024-05,2
69372,2024-05-06,Slogans / Code words,Antisemitism,California,2024,5,2024-05,2
65701,2024-05-08,Platforms / Sites,Antisemitism,Montana,2024,5,2024-05,2
65702,2024-05-09,Groups / Movements,Antisemitism,Pennsylvania,2024,5,2024-05,2
65703,2024-05-07,Numbers / Symbols,Antisemitism,Virginia,2024,5,2024-05,2
65704,2024-05-06,Slogans / Code words,Antisemitism,Texas,2024,5,2024-05,2
65705,2024-05-08,Slogans / Code words,Antisemitism,New York,2024,5,2024-05,2
65706,2024-05-07,Slogans / Code words,Antisemitism,California,2024,5,2024-05,2
65707,2024-04-19,Incidents / Events,Antisemitism,New York,2024,4,2024-04,2
66809,2024-04-26,Key Concepts / Definitions,Antisemitism,New York,2024,4,2024-04,2
65334,2024-04-28,Key Concepts / Definitions,Antisemitism,California,2024,4,2024-04,2
65708,2024-05-02,Incidents / Events,Antisemitism,Missouri,2024,5,2024-05,2
65709,2024-04-19,Slogans / Code words,Antisemitism,New York,2024,4,2024-04,2
63769,2024-01-28,Numbers / Symbols,Antisemitism,California,2024,1,2024-01,1
63881,2024-01-31,People,Antisemitism,California,2024,1,2024-01,1
64467,2024-02-13,Publications,Antisemitism,California,2024,2,2024-02,1
63465,2024-01-24,People,Antisemitism,California,2024,1,2024-01,1
65710,2024-02-20,Groups / Movements,Antisemitism,California,2024,2,2024-02,1
63565,2024-01-11,Tactics,Antisemitism,Colorado,2024,1,2024-01,1
63475,2024-01-11,Slogans / Code words,Antisemitism,Colorado,2024,1,2024-01,1
69373,2024-01-23,Tactics,Antisemitism,Connecticut,2024,1,2024-01,1
65089,2024-02-28,Slogans / Code words,Antisemitism,New York,2024,2,2024-02,1
64468,2024-02-23,Numbers / Symbols,Antisemitism,New York,2024,2,2024-02,1
63508,2024-01-16,Groups / Movements,Antisemitism,New York,2024,1,2024-01,1
63729,2024-01-03,Incidents / Events,Antisemitism,North Carolina,2024,1,2024-01,1
63682,2024-01-02,Incidents / Events,Antisemitism,North Carolina,2024,1,2024-01,1
63705,2024-01-11,Numbers / Symbols,Antisemitism,New Jersey,2024,1,2024-01,1
69374,2024-01-26,Slogans / Code words,Antisemitism,New Jersey,2024,1,2024-01,1
64469,2024-02-08,Slogans / Code words,Antisemitism,New York,2024,2,2024-02,1
64470,2024-02-09,Incidents / Events,Antisemitism,New York,2024,2,2024-02,1
69375,2024-02-12,Slogans / Code words,Antisemitism,New York,2024,2,2024-02,1
64472,2024-02-06,Key Concepts / Definitions,Antisemitism,Oregon,2024,2,2024-02,1
63956,2024-02-03,Numbers / Symbols,Antisemitism,Pennsylvania,2024,2,2024-02,1
65711,2024-02-06,Key Concepts / Definitions,Antisemitism,Utah,2024,2,2024-02,1
63671,2024-01-19,Numbers / Symbols,Antisemitism,Utah,2024,1,2024-01,1
63909,2024-01-31,Numbers / Symbols,Antisemitism,Utah,2024,1,2024-01,1
63557,2024-01-31,Numbers / Symbols,Antisemitism,Virginia,2024,1,2024-01,1
63930,2024-02-01,Slogans / Code words,Antisemitism,Washington D.C.,2024,2,2024-02,1
69376,2024-01-28,Slogans / Code words,Antisemitism,Arizona,2024,1,2024-01,1
64995,2024-01-24,Slogans / Code words,Antisemitism,California,2024,1,2024-01,1
69377,2024-01-21,Groups / Movements,Antisemitism,California,2024,1,2024-01,1
64473,2024-02-18,Numbers / Symbols,Antisemitism,California,2024,2,2024-02,1
63913,2024-01-30,Incidents / Events,Antisemitism,California,2024,1,2024-01,1
63636,2024-01-16,"Key Concepts / Definitions, Tactics",Antisemitism,California,2024,1,2024-01,1
69378,2024-01-29,Slogans / Code words,Antisemitism,Kentucky,2024,1,2024-01,1
69379,2024-05-06,"Slogans / Code words, Key Concepts / Definitions",Antisemitism,Indiana,2024,5,2024-05,2
63631,2024-01-08,Key Concepts / Definitions,Antisemitism,Indiana,2024,1,2024-01,1
63698,2024-01-23,Numbers / Symbols,Antisemitism,Washington D.C.,2024,1,2024-01,1
63796,2024-01-28,Slogans / Code words,Antisemitism,Washington D.C.,2024,1,2024-01,1
63478,2024-01-29,Numbers / Symbols,Antisemitism,Washington D.C.,2024,1,2024-01,1
63808,2024-01-14,Numbers / Symbols,Antisemitism,Florida,2024,1,2024-01,1
64583,2024-03-19,Incidents / Events,Antisemitism,Florida,2024,3,2024-03,1
64475,2024-02-13,Groups / Movements,Antisemitism,Illinois,2024,2,2024-02,1
63718,2024-01-08,People,Antisemitism,Indiana,2024,1,2024-01,1
64476,2024-02-17,Numbers / Symbols,Antisemitism,Indiana,2024,2,2024-02,1
64477,2024-02-28,Numbers / Symbols,Antisemitism,Kentucky,2024,2,2024-02,1
64204,2024-02-11,Numbers / Symbols,Antisemitism,Maine,2024,2,2024-02,1
63907,2024-01-21,Numbers / Symbols,Antisemitism,Massachusetts,2024,1,2024-01,1
63518,2024-01-02,Numbers / Symbols,Antisemitism,New Jersey,2024,1,2024-01,1
65712,2024-05-08,Numbers / Symbols,Antisemitism,Texas,2024,5,2024-05,2
65713,2024-05-05,Groups / Movements,Antisemitism,Virginia,2024,5,2024-05,2
64837,2024-05-07,Slogans / Code words,Antisemitism,California,2024,5,2024-05,2
66845,2024-05-07,Incidents / Events,Antisemitism,California,2024,5,2024-05,2
65404,2024-05-01,Numbers / Symbols,Antisemitism,California,2024,5,2024-05,2
69380,2024-05-06,Slogans / Code words,Antisemitism,California,2024,5,2024-05,2
66873,2024-05-09,Key Concepts / Definitions,Antisemitism,California,2024,5,2024-05,2
64017,2024-05-05,Incidents / Events,Antisemitism,Oregon,2024,5,2024-05,2
69381,2024-05-04,Slogans / Code words,Antisemitism,Colorado,2024,5,2024-05,2
65714,2024-05-09,Slogans / Code words,Antisemitism,Oregon,2024,5,2024-05,2
65715,2024-05-09,Numbers / Symbols,Antisemitism,Connecticut,2024,5,2024-05,2
65716,2024-05-09,Slogans / Code words,Antisemitism,New York,2024,5,2024-05,2
65717,2024-05-09,Numbers / Symbols,Antisemitism,Ohio,2024,5,2024-05,2
65718,2024-05-09,People,Antisemitism,Alaska,2024,5,2024-05,2
64023,2024-05-08,Key Concepts / Definitions,Antisemitism,California,2024,5,2024-05,2
65719,2024-05-05,People,Antisemitism,New York,2024,5,2024-05,2
65720,2024-05-07,Key Concepts / Definitions,Antisemitism,New Jersey,2024,5,2024-05,2
69382,2024-05-09,Key Concepts / Definitions,Antisemitism,Colorado,2024,5,2024-05,2
65721,2024-04-13,Numbers / Symbols,Antisemitism,New York,2024,4,2024-04,2
65722,2024-05-09,Incidents / Events,Antisemitism,Washington D.C.,2024,5,2024-05,2
65723,2024-05-10,Numbers / Symbols,Antisemitism,California,2024,5,2024-05,2
65724,2024-05-08,Numbers / Symbols,Antisemitism,New York,2024,5,2024-05,2
65725,2024-05-10,Slogans / Code words,Antisemitism,California,2024,5,2024-05,2
65726,2024-05-10,Key Concepts / Definitions,Antisemitism,Colorado,2024,5,2024-05,2
64608,2024-03-28,Key Concepts / Definitions,Antisemitism,Illinois,2024,3,2024-03,1
65727,2024-05-01,Numbers / Symbols,Antisemitism,Virginia,2024,5,2024-05,2
65728,2024-05-06,Numbers / Symbols,Antisemitism,Connecticut,2024,5,2024-05,2
65729,2024-05-10,Groups / Movements,Antisemitism,Washington,2024,5,2024-05,2
65730,2024-05-11,Slogans / Code words,Antisemitism,Maryland,2024,5,2024-05,2
65731,2024-05-08,People,Antisemitism,New York,2024,5,2024-05,2
65732,2024-05-11,Numbers / Symbols,Antisemitism,Colorado,2024,5,2024-05,2
65733,2024-05-02,Slogans / Code words,Antisemitism,New York,2024,5,2024-05,2
69383,2024-05-12,Slogans / Code words,Antisemitism,Michigan,2024,5,2024-05,2
63984,2024-05-09,Slogans / Code words,Antisemitism,Maryland,2024,5,2024-05,2
65734,2024-05-12,Slogans / Code words,Antisemitism,California,2024,5,2024-05,2
65735,2024-05-12,Slogans / Code words,Antisemitism,Ohio,2024,5,2024-05,2
65736,2024-05-12,Incidents / Events,Antisemitism,California,2024,5,2024-05,2
64838,2024-05-03,Numbers / Symbols,Antisemitism,Pennsylvania,2024,5,2024-05,2
65737,2024-05-09,Slogans / Code words,Antisemitism,Massachusetts,2024,5,2024-05,2
65738,2024-05-12,Slogans / Code words,Antisemitism,California,2024,5,2024-05,2
64193,2024-05-12,Slogans / Code words,Antisemitism,Virginia,2024,5,2024-05,2
65739,2024-05-13,Slogans / Code words,Antisemitism,Illinois,2024,5,2024-05,2
64134,2024-05-12,Incidents / Events,Antisemitism,Pennsylvania,2024,5,2024-05,2
69384,2024-05-12,Slogans / Code words,Antisemitism,Pennsylvania,2024,5,2024-05,2
65740,2024-05-04,People,Antisemitism,Washington D.C.,2024,5,2024-05,2
64234,2024-05-11,Groups / Movements,Antisemitism,Pennsylvania,2024,5,2024-05,2
63967,2024-05-12,Groups / Movements,Antisemitism,Illinois,2024,5,2024-05,2
64232,2024-05-14,Slogans / Code words,Antisemitism,California,2024,5,2024-05,2
64196,2024-05-13,Key Concepts / Definitions,Antisemitism,Washington D.C.,2024,5,2024-05,2
65741,2024-05-13,Slogans / Code words,Antisemitism,Pennsylvania,2024,5,2024-05,2
64190,2024-05-13,Key Concepts / Definitions,Antisemitism,Massachusetts,2024,5,2024-05,2
65742,2024-05-13,Numbers / Symbols,Antisemitism,Virginia,2024,5,2024-05,2
65743,2024-05-13,Numbers / Symbols,Antisemitism,California,2024,5,2024-05,2
65744,2024-05-13,Incidents / Events,Antisemitism,California,2024,5,2024-05,2
65745,2024-05-13,Numbers / Symbols,Antisemitism,Virginia,2024,5,2024-05,2
65746,2024-05-13,People,Antisemitism,Pennsylvania,2024,5,2024-05,2
64213,2024-05-13,Key Concepts / Definitions,Antisemitism,Pennsylvania,2024,5,2024-05,2
65747,2024-05-14,Slogans / Code words,Antisemitism,New York,2024,5,2024-05,2
63987,2024-05-14,Incidents / Events,Antisemitism,Connecticut,2024,5,2024-05,2
65748,2024-05-13,Numbers / Symbols,Antisemitism,Virginia,2024,5,2024-05,2
65749,2024-05-14,Slogans / Code words,Antisemitism,New York,2024,5,2024-05,2
63949,2024-05-08,People,Antisemitism,Delaware,2024,5,2024-05,2
65750,2024-05-12,Groups / Movements,Antisemitism,New York,2024,5,2024-05,2
64085,2024-05-13,Key Concepts / Definitions,Antisemitism,Massachusetts,2024,5,2024-05,2
64107,2024-05-13,Key Concepts / Definitions,Antisemitism,Colorado,2024,5,2024-05,2
65500,2024-05-09,Groups / Movements,Antisemitism,Colorado,2024,5,2024-05,2
64103,2024-05-13,Key Concepts / Definitions,Antisemitism,Colorado,2024,5,2024-05,2
64046,2024-05-13,Key Concepts / Definitions,Antisemitism,Colorado,2024,5,2024-05,2
64118,2024-05-13,Key Concepts / Definitions,Antisemitism,Colorado,2024,5,2024-05,2
65751,2024-04-04,People,Antisemitism,Colorado,2024,4,2024-04,2
64171,2024-05-14,Slogans / Code words,Antisemitism,New Mexico,2024,5,2024-05,2
65752,2024-05-08,Groups / Movements,Antisemitism,New York,2024,5,2024-05,2
64839,2024-05-13,People,Antisemitism,California,2024,5,2024-05,2
64036,2024-05-13,Key Concepts / Definitions,Antisemitism,New Jersey,2024,5,2024-05,2
65754,2024-05-10,Slogans / Code words,Antisemitism,New York,2024,5,2024-05,2
65755,2024-04-17,Numbers / Symbols,Antisemitism,New York,2024,4,2024-04,2
65756,2024-04-08,Numbers / Symbols,Antisemitism,New York,2024,4,2024-04,2
65757,2024-05-14,Numbers / Symbols,Antisemitism,Connecticut,2024,5,2024-05,2
64069,2024-04-08,Numbers / Symbols,Antisemitism,New York,2024,4,2024-04,2
66829,2024-04-29,Numbers / Symbols,Antisemitism,New York,2024,4,2024-04,2
65758,2024-04-17,Numbers / Symbols,Antisemitism,New York,2024,4,2024-04,2
65759,2024-05-14,Incidents / Events,Antisemitism,California,2024,5,2024-05,2
65760,2024-05-13,Slogans / Code words,Antisemitism,Colorado,2024,5,2024-05,2
65761,2024-05-10,Numbers / Symbols,Antisemitism,Minnesota,2024,5,2024-05,2
65762,2024-05-14,Numbers / Symbols,Antisemitism,Washington,2024,5,2024-05,2
64478,2024-03-11,Groups / Movements,Antisemitism,Oregon,2024,3,2024-03,1
65764,2024-05-14,Numbers / Symbols,Antisemitism,California,2024,5,2024-05,2
65765,2024-05-14,Slogans / Code words,Antisemitism,California,2024,5,2024-05,2
64759,2024-03-27,Key Concepts / Definitions,Antisemitism,Oregon,2024,3,2024-03,1
66840,2024-05-06,Numbers / Symbols,Antisemitism,California,2024,5,2024-05,2
69385,2024-05-11,People,Antisemitism,Colorado,2024,5,2024-05,2
69386,2024-05-14,Key Concepts / Definitions,Antisemitism,New Jersey,2024,5,2024-05,2
65766,2024-05-15,Numbers / Symbols,Antisemitism,California,2024,5,2024-05,2
64082,2024-05-12,Slogans / Code words,Antisemitism,California,2024,5,2024-05,2
64761,2024-05-03,Slogans / Code words,Antisemitism,Oregon,2024,5,2024-05,2
64149,2024-05-15,Numbers / Symbols,Antisemitism,Washington,2024,5,2024-05,2
65767,2024-04-01,Key Concepts / Definitions,Antisemitism,New York,2024,4,2024-04,2
69387,2024-05-15,Slogans / Code words,Antisemitism,Connecticut,2024,5,2024-05,2
65768,2024-04-10,Numbers / Symbols,Antisemitism,Maryland,2024,4,2024-04,2
69388,2024-05-13,Numbers / Symbols,Antisemitism,Connecticut,2024,5,2024-05,2
65769,2024-05-16,Numbers / Symbols,Antisemitism,Maine,2024,5,2024-05,2
63966,2024-05-13,Key Concepts / Definitions,Antisemitism,Maryland,2024,5,2024-05,2
65770,2024-05-14,Slogans / Code words,Antisemitism,Massachusetts,2024,5,2024-05,2
65771,2024-05-11,Slogans / Code words,Antisemitism,Virginia,2024,5,2024-05,2
64093,2024-05-10,Numbers / Symbols,Antisemitism,Massachusetts,2024,5,2024-05,2
64127,2024-05-15,Numbers / Symbols,Antisemitism,Ohio,2024,5,2024-05,2
64175,2024-05-15,Numbers / Symbols,Antisemitism,California,2024,5,2024-05,2
64051,2024-05-08,Key Concepts / Definitions,Antisemitism,California,2024,5,2024-05,2
64097,2024-05-16,Slogans / Code words,Antisemitism,Connecticut,2024,5,2024-05,2
64217,2024-05-08,Key Concepts / Definitions,Antisemitism,California,2024,5,2024-05,2
64201,2024-05-01,Key Concepts / Definitions,Antisemitism,California,2024,5,2024-05,2
64079,2024-05-08,Key Concepts / Definitions,Antisemitism,California,2024,5,2024-05,2
64098,2024-05-14,Slogans / Code words,Antisemitism,Massachusetts,2024,5,2024-05,2
64230,2024-05-08,Key Concepts / Definitions,Antisemitism,California,2024,5,2024-05,2
64178,2024-05-08,Key Concepts / Definitions,Antisemitism,California,2024,5,2024-05,2
64188,2024-05-08,Key Concepts / Definitions,Antisemitism,California,2024,5,2024-05,2
63977,2024-05-08,Key Concepts / Definitions,Antisemitism,California,2024,5,2024-05,2
64166,2024-05-08,Key Concepts / Definitions,Antisemitism,California,2024,5,2024-05,2
64222,2024-05-01,Key Concepts / Definitions,Antisemitism,California,2024,5,2024-05,2
64113,2024-05-08,Key Concepts / Definitions,Antisemitism,California,2024,5,2024-05,2
64160,2024-05-08,Key Concepts / Definitions,Antisemitism,California,2024,5,2024-05,2
64131,2024-05-08,Key Concepts / Definitions,Antisemitism,California,2024,5,2024-05,2
63959,2024-05-08,Key Concepts / Definitions,Antisemitism,California,2024,5,2024-05,2
64126,2024-05-01,Key Concepts / Definitions,Antisemitism,California,2024,5,2024-05,2
63997,2024-05-08,Key Concepts / Definitions,Antisemitism,California,2024,5,2024-05,2
64084,2024-05-08,Key Concepts / Definitions,Antisemitism,California,2024,5,2024-05,2
64223,2024-05-08,Key Concepts / Definitions,Antisemitism,California,2024,5,2024-05,2
66658,2024-01-16,Numbers / Symbols,Antisemitism,California,2024,1,2024-01,1
64697,2024-03-22,Numbers / Symbols,Antisemitism,New York,2024,3,2024-03,1
64164,2024-05-15,Publications,Antisemitism,California,2024,5,2024-05,2
69389,2024-05-16,Numbers / Symbols,Antisemitism,Georgia,2024,5,2024-05,2
64137,2024-02-01,Numbers / Symbols,Antisemitism,Massachusetts,2024,2,2024-02,1
65772,2024-05-16,Numbers / Symbols,Antisemitism,Pennsylvania,2024,5,2024-05,2
64002,2024-05-16,Key Concepts / Definitions,Antisemitism,Florida,2024,5,2024-05,2
65773,2024-05-03,Publications,Antisemitism,Georgia,2024,5,2024-05,2
64173,2024-05-15,Key Concepts / Definitions,Antisemitism,Michigan,2024,5,2024-05,2
65774,2024-05-14,Incidents / Events,Antisemitism,Florida,2024,5,2024-05,2
65775,2024-05-16,Slogans / Code words,Antisemitism,Georgia,2024,5,2024-05,2
65776,2024-05-16,Slogans / Code words,Antisemitism,New York,2024,5,2024-05,2
65777,2024-05-13,Numbers / Symbols,Antisemitism,California,2024,5,2024-05,2
63948,2024-05-16,Numbers / Symbols,Antisemitism,Maryland,2024,5,2024-05,2
69390,2024-01-29,Key Concepts / Definitions,Antisemitism,Colorado,2024,1,2024-01,1
63940,2024-05-17,"Slogans / Code words, Key Concepts / Definitions",Antisemitism,California,2024,5,2024-05,2
64139,2024-05-17,Incidents / Events,Antisemitism,Colorado,2024,5,2024-05,2
64129,2024-05-18,Slogans / Code words,Antisemitism,Pennsylvania,2024,5,2024-05,2
64840,2024-05-17,People,Antisemitism,Washington,2024,5,2024-05,2
65778,2024-05-06,Slogans / Code words,Antisemitism,California,2024,5,2024-05,2
64083,2024-05-18,Publications,Antisemitism,New Jersey,2024,5,2024-05,2
64157,2024-05-19,Numbers / Symbols,Antisemitism,Texas,2024,5,2024-05,2
69391,2024-05-19,Slogans / Code words,Antisemitism,New York,2024,5,2024-05,2
64133,2024-05-19,People,Antisemitism,Maryland,2024,5,2024-05,2
64152,2024-05-19,Numbers / Symbols,Antisemitism,Florida,2024,5,2024-05,2
69392,2024-05-17,Groups / Movements,Antisemitism,New Jersey,2024,5,2024-05,2
64003,2024-05-16,Numbers / Symbols,Antisemitism,Nevada,2024,5,2024-05,2
65779,2024-05-13,Numbers / Symbols,Antisemitism,New York,2024,5,2024-05,2
64186,2024-05-17,Numbers / Symbols,Antisemitism,New Jersey,2024,5,2024-05,2
65780,2024-05-20,Incidents / Events,Antisemitism,New York,2024,5,2024-05,2
65781,2024-05-11,Numbers / Symbols,Antisemitism,California,2024,5,2024-05,2
69393,2024-05-16,Numbers / Symbols,Antisemitism,Florida,2024,5,2024-05,2
64841,2024-05-19,Slogans / Code words,Antisemitism,California,2024,5,2024-05,2
65782,2024-05-18,Incidents / Events,Antisemitism,California,2024,5,2024-05,2
64189,2024-05-19,Slogans / Code words,Antisemitism,Pennsylvania,2024,5,2024-05,2
64141,2024-05-20,Numbers / Symbols,Antisemitism,California,2024,5,2024-05,2
65783,2024-05-20,Slogans / Code words,Antisemitism,Oregon,2024,5,2024-05,2
64197,2024-05-20,Numbers / Symbols,Antisemitism,Pennsylvania,2024,5,2024-05,2
65530,2024-05-18,People,Antisemitism,Pennsylvania,2024,5,2024-05,2
65784,2024-05-20,Slogans / Code words,Antisemitism,Washington,2024,5,2024-05,2
63964,2024-05-21,Slogans / Code words,Antisemitism,Washington D.C.,2024,5,2024-05,2
63946,2024-05-20,Slogans / Code words,Antisemitism,New York,2024,5,2024-05,2
66911,2024-05-20,Groups / Movements,Antisemitism,Washington,2024,5,2024-05,2
65786,2024-05-04,Slogans / Code words,Antisemitism,Illinois,2024,5,2024-05,2
65787,2024-05-19,Slogans / Code words,Antisemitism,Wisconsin,2024,5,2024-05,2
69394,2024-05-18,Slogans / Code words,Antisemitism,Pennsylvania,2024,5,2024-05,2
69395,2024-05-21,Slogans / Code words,Antisemitism,Pennsylvania,2024,5,2024-05,2
69396,2024-05-21,Groups / Movements,Antisemitism,Ohio,2024,5,2024-05,2
65788,2024-05-21,People,Antisemitism,California,2024,5,2024-05,2
64106,2024-05-20,Incidents / Events,Antisemitism,Maryland,2024,5,2024-05,2
64842,2024-05-21,Numbers / Symbols,Antisemitism,Ohio,2024,5,2024-05,2
64843,2024-05-21,Slogans / Code words,Antisemitism,California,2024,5,2024-05,2
65789,2024-05-21,Numbers / Symbols,Antisemitism,Massachusetts,2024,5,2024-05,2
65790,2024-05-04,Slogans / Code words,Antisemitism,New Jersey,2024,5,2024-05,2
66812,2024-04-27,Incidents / Events,Antisemitism,New Jersey,2024,4,2024-04,2
64199,2024-05-21,Numbers / Symbols,Antisemitism,Massachusetts,2024,5,2024-05,2
65791,2024-05-21,Numbers / Symbols,Antisemitism,Massachusetts,2024,5,2024-05,2
64054,2024-05-21,Groups / Movements,Antisemitism,Pennsylvania,2024,5,2024-05,2
65792,2024-05-21,Groups / Movements,Antisemitism,California,2024,5,2024-05,2
65793,2024-05-17,Slogans / Code words,Antisemitism,Illinois,2024,5,2024-05,2
66646,2024-01-03,Slogans / Code words,Antisemitism,Washington D.C.,2024,1,2024-01,1
64479,2024-01-17,Numbers / Symbols,Antisemitism,California,2024,1,2024-01,1
65794,2024-05-21,Slogans / Code words,Antisemitism,New York,2024,5,2024-05,2
65795,2024-05-05,Numbers / Symbols,Antisemitism,Washington D.C.,2024,5,2024-05,2
65796,2024-05-20,Incidents / Events,Antisemitism,Arizona,2024,5,2024-05,2
64071,2024-05-16,Numbers / Symbols,Antisemitism,New York,2024,5,2024-05,2
65797,2024-05-16,Publications,Antisemitism,Washington,2024,5,2024-05,2
65798,2024-05-22,Key Concepts / Definitions,Antisemitism,Pennsylvania,2024,5,2024-05,2
65309,2024-04-26,Slogans / Code words,Antisemitism,Colorado,2024,4,2024-04,2
64845,2024-05-22,Slogans / Code words,Antisemitism,New York,2024,5,2024-05,2
65799,2024-05-22,Slogans / Code words,Antisemitism,New York,2024,5,2024-05,2
65800,2024-05-23,Numbers / Symbols,Antisemitism,Massachusetts,2024,5,2024-05,2
65801,2024-05-17,Groups / Movements,Antisemitism,Virginia,2024,5,2024-05,2
65802,2024-05-21,Numbers / Symbols,Antisemitism,Massachusetts,2024,5,2024-05,2
65803,2024-05-20,Slogans / Code words,Antisemitism,Florida,2024,5,2024-05,2
69397,2024-05-23,"People, Incidents / Events",Antisemitism,California,2024,5,2024-05,2
65804,2024-05-18,Numbers / Symbols,Antisemitism,Florida,2024,5,2024-05,2
65805,2024-05-22,Slogans / Code words,Antisemitism,Pennsylvania,2024,5,2024-05,2
66899,2024-05-16,Numbers / Symbols,Antisemitism,California,2024,5,2024-05,2
65806,2024-05-21,Numbers / Symbols,Antisemitism,California,2024,5,2024-05,2
69398,2024-05-23,Incidents / Events,Antisemitism,California,2024,5,2024-05,2
65807,2024-05-22,Incidents / Events,Antisemitism,New York,2024,5,2024-05,2
64846,2024-05-23,Numbers / Symbols,Antisemitism,Nevada,2024,5,2024-05,2
69399,2024-05-22,Key Concepts / Definitions,Antisemitism,New Jersey,2024,5,2024-05,2
65808,2024-05-21,Slogans / Code words,Antisemitism,Illinois,2024,5,2024-05,2
65809,2024-05-18,Slogans / Code words,Antisemitism,Massachusetts,2024,5,2024-05,2
65810,2024-05-01,Groups / Movements,Antisemitism,Illinois,2024,5,2024-05,2
65811,2024-05-23,Numbers / Symbols,Antisemitism,Maryland,2024,5,2024-05,2
65812,2024-05-10,Numbers / Symbols,Antisemitism,Pennsylvania,2024,5,2024-05,2
65813,2024-05-19,Numbers / Symbols,Antisemitism,California,2024,5,2024-05,2
66921,2024-05-22,Slogans / Code words,Antisemitism,Washington,2024,5,2024-05,2
69400,2024-01-28,Groups / Movements,Antisemitism,Pennsylvania,2024,1,2024-01,1
63898,2024-01-26,Incidents / Events,Antisemitism,Pennsylvania,2024,1,2024-01,1
69401,2024-01-02,Slogans / Code words,Antisemitism,Tennessee,2024,1,2024-01,1
69402,2024-01-22,Key Concepts / Definitions,Antisemitism,Tennessee,2024,1,2024-01,1
63498,2024-01-18,"Key Concepts / Definitions, Tactics",Antisemitism,Texas,2024,1,2024-01,1
69403,2024-01-02,Incidents / Events,Antisemitism,Texas,2024,1,2024-01,1
63703,2024-01-13,"Slogans / Code words, Key Concepts / Definitions",Antisemitism,Texas,2024,1,2024-01,1
63719,2024-01-25,"Key Concepts / Definitions, Tactics",Antisemitism,California,2024,1,2024-01,1
64480,2024-01-05,Conspiracy Theories,Antisemitism,California,2024,1,2024-01,1
63658,2024-01-02,Key Concepts / Definitions,Antisemitism,California,2024,1,2024-01,1
65814,2024-01-02,Key Concepts / Definitions,Antisemitism,California,2024,1,2024-01,1
65816,2024-01-02,Key Concepts / Definitions,Antisemitism,California,2024,1,2024-01,1
65817,2024-01-02,Key Concepts / Definitions,Antisemitism,California,2024,1,2024-01,1
64565,2024-01-03,"Key Concepts / Definitions, Tactics",Antisemitism,Colorado,2024,1,2024-01,1
63560,2024-01-30,Publications,Antisemitism,Virginia,2024,1,2024-01,1
63532,2024-01-27,Slogans / Code words,Antisemitism,Virginia,2024,1,2024-01,1
63525,2024-01-27,Key Concepts / Definitions,Antisemitism,Wisconsin,2024,1,2024-01,1
64482,2024-01-31,Key Concepts / Definitions,Antisemitism,Illinois,2024,1,2024-01,1
63563,2024-01-12,Groups / Movements,Antisemitism,Indiana,2024,1,2024-01,1
64483,2024-01-16,Numbers / Symbols,Antisemitism,Massachusetts,2024,1,2024-01,1
63472,2024-01-02,Slogans / Code words,Antisemitism,Maryland,2024,1,2024-01,1
69404,2024-01-25,People,Antisemitism,Alabama,2024,1,2024-01,1
64514,2024-01-05,Tactics,Antisemitism,Alabama,2024,1,2024-01,1
64484,2024-01-12,Numbers / Symbols,Antisemitism,California,2024,1,2024-01,1
64485,2024-01-06,Incidents / Events,Antisemitism,California,2024,1,2024-01,1
64847,2024-01-17,Groups / Movements,Antisemitism,California,2024,1,2024-01,1
63499,2024-01-27,Slogans / Code words,Antisemitism,California,2024,1,2024-01,1
64535,2024-01-13,Groups / Movements,Antisemitism,California,2024,1,2024-01,1
69405,2024-01-06,Slogans / Code words,Antisemitism,California,2024,1,2024-01,1
64486,2024-01-28,Key Concepts / Definitions,Antisemitism,New York,2024,1,2024-01,1
64753,2024-01-05,People,Antisemitism,Ohio,2024,1,2024-01,1
63843,2024-01-05,Key Concepts / Definitions,Antisemitism,Oregon,2024,1,2024-01,1
63681,2024-01-05,Key Concepts / Definitions,Antisemitism,Oregon,2024,1,2024-01,1
64487,2024-01-05,Key Concepts / Definitions,Antisemitism,Oregon,2024,1,2024-01,1
63821,2024-01-03,Key Concepts / Definitions,Antisemitism,Michigan,2024,1,2024-01,1
63842,2024-01-29,"Slogans / Code words, Key Concepts / Definitions",Antisemitism,Michigan,2024,1,2024-01,1
63765,2024-01-08,Key Concepts / Definitions,Antisemitism,North Carolina,2024,1,2024-01,1
63546,2024-01-03,Key Concepts / Definitions,Antisemitism,North Carolina,2024,1,2024-01,1
63778,2024-01-03,Incidents / Events,Antisemitism,North Carolina,2024,1,2024-01,1
63811,2024-01-03,Incidents / Events,Antisemitism,North Carolina,2024,1,2024-01,1
63888,2024-01-03,Incidents / Events,Antisemitism,North Carolina,2024,1,2024-01,1
63696,2024-01-03,Key Concepts / Definitions,Antisemitism,North Carolina,2024,1,2024-01,1
63676,2024-01-03,Key Concepts / Definitions,Antisemitism,North Carolina,2024,1,2024-01,1
63777,2024-01-03,Key Concepts / Definitions,Antisemitism,North Carolina,2024,1,2024-01,1
64566,2024-01-30,Slogans / Code words,Antisemitism,Colorado,2024,1,2024-01,1
65818,2024-01-26,Slogans / Code words,Antisemitism,Colorado,2024,1,2024-01,1
63755,2024-01-14,"Slogans / Code words, Key Concepts / Definitions",Antisemitism,Washington D.C.,2024,1,2024-01,1
63784,2024-01-03,Key Concepts / Definitions,Antisemitism,North Carolina,2024,1,2024-01,1
63621,2024-01-03,Key Concepts / Definitions,Antisemitism,North Carolina,2024,1,2024-01,1
63685,2024-01-03,Key Concepts / Definitions,Antisemitism,North Carolina,2024,1,2024-01,1
63667,2024-01-03,Incidents / Events,Antisemitism,North Carolina,2024,1,2024-01,1
63511,2024-01-03,Incidents / Events,Antisemitism,North Carolina,2024,1,2024-01,1
63597,2024-01-03,Key Concepts / Definitions,Antisemitism,North Carolina,2024,1,2024-01,1
63752,2024-01-03,Key Concepts / Definitions,Antisemitism,North Carolina,2024,1,2024-01,1
63539,2024-01-08,Numbers / Symbols,Antisemitism,Minnesota,2024,1,2024-01,1
63894,2024-01-06,Slogans / Code words,Antisemitism,Minnesota,2024,1,2024-01,1
63618,2024-01-20,Slogans / Code words,Antisemitism,Minnesota,2024,1,2024-01,1
64488,2024-01-08,Key Concepts / Definitions,Antisemitism,New Jersey,2024,1,2024-01,1
64489,2024-01-26,Numbers / Symbols,Antisemitism,New York,2024,1,2024-01,1
66661,2024-01-22,Groups / Movements,Antisemitism,Colorado,2024,1,2024-01,1
64567,2024-01-11,"Slogans / Code words, Conspiracy Theories",Antisemitism,Colorado,2024,1,2024-01,1
64490,2024-01-23,Slogans / Code words,Antisemitism,Connecticut,2024,1,2024-01,1
64584,2024-01-30,Key Concepts / Definitions,Antisemitism,Florida,2024,1,2024-01,1
64592,2024-01-09,Numbers / Symbols,Antisemitism,Florida,2024,1,2024-01,1
64593,2024-01-02,Numbers / Symbols,Antisemitism,Florida,2024,1,2024-01,1
63910,2024-01-01,"Slogans / Code words, Key Concepts / Definitions",Antisemitism,Indiana,2024,1,2024-01,1
63908,2024-01-07,Slogans / Code words,Antisemitism,Indiana,2024,1,2024-01,1
63593,2024-01-08,Key Concepts / Definitions,Antisemitism,Indiana,2024,1,2024-01,1
63569,2024-01-08,Key Concepts / Definitions,Antisemitism,Indiana,2024,1,2024-01,1
63491,2024-01-08,Key Concepts / Definitions,Antisemitism,Indiana,2024,1,2024-01,1
63603,2024-01-08,Publications,Antisemitism,Indiana,2024,1,2024-01,1
63522,2024-01-08,Key Concepts / Definitions,Antisemitism,Indiana,2024,1,2024-01,1
63500,2024-01-08,Key Concepts / Definitions,Antisemitism,Indiana,2024,1,2024-01,1
63714,2024-01-08,Key Concepts / Definitions,Antisemitism,Indiana,2024,1,2024-01,1
64491,2024-01-08,Key Concepts / Definitions,Antisemitism,Indiana,2024,1,2024-01,1
64581,2024-01-22,People,Antisemitism,Florida,2024,1,2024-01,1
64585,2024-01-19,Conspiracy Theories,Antisemitism,Florida,2024,1,2024-01,1
69406,2024-01-30,Key Concepts / Definitions,Antisemitism,Georgia,2024,1,2024-01,1
64492,2024-01-22,Numbers / Symbols,Antisemitism,Illinois,2024,1,2024-01,1
63470,2024-01-16,Slogans / Code words,Antisemitism,Indiana,2024,1,2024-01,1
63732,2024-01-15,"Slogans / Code words, Key Concepts / Definitions",Antisemitism,Indiana,2024,1,2024-01,1
64765,2024-01-30,Groups / Movements,Antisemitism,Pennsylvania,2024,1,2024-01,1
64766,2024-01-22,People,Antisemitism,Pennsylvania,2024,1,2024-01,1
69407,2024-11-24,Groups / Movements,Antisemitism,Pennsylvania,2024,11,2024-11,4
63825,2024-01-06,Numbers / Symbols,Antisemitism,Pennsylvania,2024,1,2024-01,1
63554,2024-01-08,Key Concepts / Definitions,Antisemitism,Indiana,2024,1,2024-01,1
63832,2024-01-08,Incidents / Events,Antisemitism,Indiana,2024,1,2024-01,1
63469,2024-01-08,Incidents / Events,Antisemitism,Indiana,2024,1,2024-01,1
63480,2024-01-08,Incidents / Events,Antisemitism,Indiana,2024,1,2024-01,1
63668,2024-01-08,Incidents / Events,Antisemitism,Indiana,2024,1,2024-01,1
63619,2024-01-08,Incidents / Events,Antisemitism,Indiana,2024,1,2024-01,1
63748,2024-01-08,Incidents / Events,Antisemitism,Indiana,2024,1,2024-01,1
64493,2024-01-08,Key Concepts / Definitions,Antisemitism,Indiana,2024,1,2024-01,1
63695,2024-01-08,Incidents / Events,Antisemitism,Indiana,2024,1,2024-01,1
63458,2024-01-08,Key Concepts / Definitions,Antisemitism,Indiana,2024,1,2024-01,1
63835,2024-01-08,Key Concepts / Definitions,Antisemitism,Indiana,2024,1,2024-01,1
63822,2024-01-08,Key Concepts / Definitions,Antisemitism,Indiana,2024,1,2024-01,1
64619,2024-01-27,Slogans / Code words,Antisemitism,Kentucky,2024,1,2024-01,1
64620,2024-01-16,Key Concepts / Definitions,Antisemitism,Kentucky,2024,1,2024-01,1
64494,2024-01-04,Key Concepts / Definitions,Antisemitism,Massachusetts,2024,1,2024-01,1
63549,2024-01-23,Slogans / Code words,Antisemitism,Maryland,2024,1,2024-01,1
63452,2024-01-23,Slogans / Code words,Antisemitism,Maryland,2024,1,2024-01,1
64495,2024-01-05,People,Antisemitism,New Jersey,2024,1,2024-01,1
64496,2024-01-08,People,Antisemitism,New Jersey,2024,1,2024-01,1
64497,2024-01-07,Groups / Movements,Antisemitism,New Jersey,2024,1,2024-01,1
64498,2024-01-02,Key Concepts / Definitions,Antisemitism,New Jersey,2024,1,2024-01,1
64499,2024-01-02,Key Concepts / Definitions,Antisemitism,New Jersey,2024,1,2024-01,1
64500,2024-01-09,Incidents / Events,Antisemitism,Nevada,2024,1,2024-01,1
64501,2024-01-28,Numbers / Symbols,Antisemitism,New York,2024,1,2024-01,1
69408,2024-01-25,People,Antisemitism,New York,2024,1,2024-01,1
64502,2024-01-01,Numbers / Symbols,Antisemitism,Rhode Island,2024,1,2024-01,1
69409,2024-01-08,People,Antisemitism,South Carolina,2024,1,2024-01,1
69410,2024-01-02,People,Antisemitism,South Carolina,2024,1,2024-01,1
69411,2024-01-07,Incidents / Events,Antisemitism,Tennessee,2024,1,2024-01,1
66659,2024-01-17,Numbers / Symbols,Antisemitism,Texas,2024,1,2024-01,1
63528,2024-01-08,Key Concepts / Definitions,Antisemitism,Virginia,2024,1,2024-01,1
65819,2024-05-17,People,Antisemitism,Washington,2024,5,2024-05,2
65820,2024-05-24,Numbers / Symbols,Antisemitism,Texas,2024,5,2024-05,2
65821,2024-05-23,Key Concepts / Definitions,Antisemitism,California,2024,5,2024-05,2
65822,2024-05-24,Incidents / Events,Antisemitism,Illinois,2024,5,2024-05,2
64848,2024-05-21,People,Antisemitism,Oregon,2024,5,2024-05,2
69412,2024-05-25,Groups / Movements,Antisemitism,Pennsylvania,2024,5,2024-05,2
66832,2024-05-01,Numbers / Symbols,Antisemitism,Georgia,2024,5,2024-05,2
65823,2024-05-24,Numbers / Symbols,Antisemitism,Colorado,2024,5,2024-05,2
65824,2024-05-16,Incidents / Events,Antisemitism,Texas,2024,5,2024-05,2
65825,2024-05-26,Key Concepts / Definitions,Antisemitism,New Jersey,2024,5,2024-05,2
65826,2024-05-15,Key Concepts / Definitions,Antisemitism,Colorado,2024,5,2024-05,2
65827,2024-05-27,Numbers / Symbols,Antisemitism,Michigan,2024,5,2024-05,2
65828,2024-05-17,Slogans / Code words,Antisemitism,Massachusetts,2024,5,2024-05,2
66669,2024-02-01,Key Concepts / Definitions,Antisemitism,California,2024,2,2024-02,1
65829,2024-05-28,Numbers / Symbols,Antisemitism,Illinois,2024,5,2024-05,2
65830,2024-06-13,Slogans / Code words,Antisemitism,Pennsylvania,2024,6,2024-06,2
65831,2024-05-26,Slogans / Code words,Antisemitism,Washington,2024,5,2024-05,2
69413,2024-05-15,Incidents / Events,Antisemitism,New York,2024,5,2024-05,2
65832,2024-05-24,Slogans / Code words,Antisemitism,California,2024,5,2024-05,2
65833,2024-05-13,Numbers / Symbols,Antisemitism,New York,2024,5,2024-05,2
65834,2024-05-27,Slogans / Code words,Antisemitism,California,2024,5,2024-05,2
65330,2024-05-28,Slogans / Code words,Antisemitism,California,2024,5,2024-05,2
65835,2024-05-09,People,Antisemitism,New York,2024,5,2024-05,2
65836,2024-05-28,Slogans / Code words,Antisemitism,Michigan,2024,5,2024-05,2
65837,2024-05-25,Incidents / Events,Antisemitism,Illinois,2024,5,2024-05,2
65838,2024-05-28,Numbers / Symbols,Antisemitism,New York,2024,5,2024-05,2
65839,2024-05-27,Numbers / Symbols,Antisemitism,California,2024,5,2024-05,2
65840,2024-05-18,Slogans / Code words,Antisemitism,California,2024,5,2024-05,2
65841,2024-05-25,Key Concepts / Definitions,Antisemitism,New Mexico,2024,5,2024-05,2
64503,2024-01-24,People,Antisemitism,New York,2024,1,2024-01,1
64504,2024-01-04,Groups / Movements,Antisemitism,Pennsylvania,2024,1,2024-01,1
64984,2024-01-17,Incidents / Events,Antisemitism,California,2024,1,2024-01,1
64505,2024-01-02,Groups / Movements,Antisemitism,Pennsylvania,2024,1,2024-01,1
64506,2024-01-10,Numbers / Symbols,Antisemitism,Vermont,2024,1,2024-01,1
65842,2024-05-23,Groups / Movements,Antisemitism,Washington D.C.,2024,5,2024-05,2
69414,2024-03-25,Slogans / Code words,Antisemitism,Washington D.C.,2024,3,2024-03,1
64586,2024-03-12,Slogans / Code words,Antisemitism,Florida,2024,3,2024-03,1
64716,2024-03-11,Incidents / Events,Antisemitism,New York,2024,3,2024-03,1
64536,2024-03-10,Slogans / Code words,Antisemitism,California,2024,3,2024-03,1
64507,2024-02-25,Numbers / Symbols,Antisemitism,Illinois,2024,2,2024-02,1
64508,2024-03-08,Incidents / Events,Antisemitism,California,2024,3,2024-03,1
64850,2024-04-29,Key Concepts / Definitions,Antisemitism,California,2024,4,2024-04,2
69415,2024-04-18,People,Antisemitism,New York,2024,4,2024-04,2
65287,2024-04-25,Slogans / Code words,Antisemitism,Washington D.C.,2024,4,2024-04,2
65843,2024-04-22,Groups / Movements,Antisemitism,New York,2024,4,2024-04,2
66750,2024-04-05,Groups / Movements,Antisemitism,Massachusetts,2024,4,2024-04,2
65844,2024-04-06,Incidents / Events,Antisemitism,California,2024,4,2024-04,2
64715,2024-03-27,Tactics,Antisemitism,New York,2024,3,2024-03,1
65136,2024-03-26,People,Antisemitism,North Carolina,2024,3,2024-03,1
64853,2024-04-28,Groups / Movements,Antisemitism,California,2024,4,2024-04,2
65846,2024-04-28,Slogans / Code words,Antisemitism,New York,2024,4,2024-04,2
65311,2024-04-26,Slogans / Code words,Antisemitism,Pennsylvania,2024,4,2024-04,2
64610,2024-03-03,Slogans / Code words,Antisemitism,Illinois,2024,3,2024-03,1
64509,2024-02-17,Tactics,Antisemitism,New York,2024,2,2024-02,1
65209,2024-04-18,People,Antisemitism,New York,2024,4,2024-04,2
69416,2024-03-09,Groups / Movements,Antisemitism,Arizona,2024,3,2024-03,1
65324,2024-04-27,Numbers / Symbols,Antisemitism,Missouri,2024,4,2024-04,2
64851,2024-04-29,Numbers / Symbols,Antisemitism,Washington D.C.,2024,4,2024-04,2
65847,2024-05-22,Slogans / Code words,Antisemitism,California,2024,5,2024-05,2
65848,2024-05-18,Incidents / Events,Antisemitism,New Jersey,2024,5,2024-05,2
69417,2024-05-22,Numbers / Symbols,Antisemitism,New Jersey,2024,5,2024-05,2
65544,2024-05-29,Slogans / Code words,Antisemitism,Illinois,2024,5,2024-05,2
69418,2024-05-27,Groups / Movements,Antisemitism,Pennsylvania,2024,5,2024-05,2
65849,2024-05-29,Slogans / Code words,Antisemitism,New York,2024,5,2024-05,2
65850,2024-05-29,People,Antisemitism,New York,2024,5,2024-05,2
65851,2024-05-30,Slogans / Code words,Antisemitism,New York,2024,5,2024-05,2
65543,2024-05-28,Groups / Movements,Antisemitism,California,2024,5,2024-05,2
65852,2024-05-30,Slogans / Code words,Antisemitism,Illinois,2024,5,2024-05,2
65853,2024-05-30,Incidents / Events,Antisemitism,New York,2024,5,2024-05,2
69419,2024-05-26,"Slogans / Code words, Key Concepts / Definitions",Antisemitism,Maryland,2024,5,2024-05,2
65855,2024-05-29,Publications,Antisemitism,Washington D.C.,2024,5,2024-05,2
65856,2024-05-30,Numbers / Symbols,Antisemitism,Maine,2024,5,2024-05,2
69420,2024-05-06,Key Concepts / Definitions,Antisemitism,Connecticut,2024,5,2024-05,2
65857,2024-05-28,Key Concepts / Definitions,Antisemitism,New Jersey,2024,5,2024-05,2
65858,2024-05-27,Numbers / Symbols,Antisemitism,New Jersey,2024,5,2024-05,2
65859,2024-05-10,Key Concepts / Definitions,Antisemitism,New Jersey,2024,5,2024-05,2
65860,2024-05-31,Slogans / Code words,Antisemitism,Massachusetts,2024,5,2024-05,2
65861,2024-05-22,Numbers / Symbols,Antisemitism,New Mexico,2024,5,2024-05,2
65862,2024-05-13,Numbers / Symbols,Antisemitism,New Mexico,2024,5,2024-05,2
65863,2024-05-09,Slogans / Code words,Antisemitism,California,2024,5,2024-05,2
65864,2024-05-30,Slogans / Code words,Antisemitism,California,2024,5,2024-05,2
65865,2024-05-31,Numbers / Symbols,Antisemitism,Wisconsin,2024,5,2024-05,2
65866,2024-05-22,Incidents / Events,Antisemitism,Maryland,2024,5,2024-05,2
66944,2024-06-01,Incidents / Events,Antisemitism,Washington,2024,6,2024-06,2
65867,2024-06-02,Slogans / Code words,Antisemitism,California,2024,6,2024-06,2
65868,2024-05-31,Key Concepts / Definitions,Antisemitism,Massachusetts,2024,5,2024-05,2
69421,2024-06-03,Slogans / Code words,Antisemitism,Michigan,2024,6,2024-06,2
69422,2024-05-31,Key Concepts / Definitions,Antisemitism,Massachusetts,2024,5,2024-05,2
65869,2024-06-02,Slogans / Code words,Antisemitism,Illinois,2024,6,2024-06,2
65870,2024-06-03,Conspiracy Theories,Antisemitism,Pennsylvania,2024,6,2024-06,2
69423,2024-06-01,Incidents / Events,Antisemitism,Pennsylvania,2024,6,2024-06,2
65871,2024-05-29,Slogans / Code words,Antisemitism,California,2024,5,2024-05,2
66943,2024-06-01,Numbers / Symbols,Antisemitism,New York,2024,6,2024-06,2
69424,2024-06-02,Slogans / Code words,Antisemitism,Pennsylvania,2024,6,2024-06,2
64858,2024-05-28,Slogans / Code words,Antisemitism,Oregon,2024,5,2024-05,2
65872,2024-06-03,Numbers / Symbols,Antisemitism,Nebraska,2024,6,2024-06,2
65873,2024-06-02,Groups / Movements,Antisemitism,Indiana,2024,6,2024-06,2
65874,2024-05-31,"Slogans / Code words, Key Concepts / Definitions",Antisemitism,California,2024,5,2024-05,2
65875,2024-06-03,Groups / Movements,Antisemitism,Hawaii,2024,6,2024-06,2
65876,2024-06-02,Slogans / Code words,Antisemitism,New York,2024,6,2024-06,2
65877,2024-05-20,Numbers / Symbols,Antisemitism,Washington,2024,5,2024-05,2
65878,2024-06-01,Numbers / Symbols,Antisemitism,Massachusetts,2024,6,2024-06,2
64859,2024-05-23,Groups / Movements,Antisemitism,Oregon,2024,5,2024-05,2
65879,2024-06-03,Incidents / Events,Antisemitism,Massachusetts,2024,6,2024-06,2
69425,2024-05-30,Slogans / Code words,Antisemitism,Massachusetts,2024,5,2024-05,2
65880,2024-06-02,Slogans / Code words,Antisemitism,Florida,2024,6,2024-06,2
65881,2024-05-27,People,Antisemitism,New York,2024,5,2024-05,2
69426,2024-05-29,Key Concepts / Definitions,Antisemitism,Illinois,2024,5,2024-05,2
65882,2024-05-28,Tactics,Antisemitism,Massachusetts,2024,5,2024-05,2
66811,2024-04-27,Key Concepts / Definitions,Antisemitism,New Jersey,2024,4,2024-04,2
64860,2024-04-25,Slogans / Code words,Antisemitism,New Jersey,2024,4,2024-04,2
64861,2024-05-02,Key Concepts / Definitions,Antisemitism,New Jersey,2024,5,2024-05,2
64862,2024-05-07,People,Antisemitism,New Jersey,2024,5,2024-05,2
65883,2024-05-10,Slogans / Code words,Antisemitism,New Jersey,2024,5,2024-05,2
65884,2024-05-25,Incidents / Events,Antisemitism,New Jersey,2024,5,2024-05,2
65885,2024-05-11,Slogans / Code words,Antisemitism,Maryland,2024,5,2024-05,2
64510,2024-02-17,Key Concepts / Definitions,Antisemitism,New York,2024,2,2024-02,1
64511,2024-02-24,Slogans / Code words,Antisemitism,Maryland,2024,2,2024-02,1
64512,2024-02-16,Publications,Antisemitism,California,2024,2,2024-02,1
65886,2024-06-02,Slogans / Code words,Antisemitism,Florida,2024,6,2024-06,2
65887,2024-06-05,Incidents / Events,Antisemitism,California,2024,6,2024-06,2
64969,2024-06-05,Slogans / Code words,Antisemitism,California,2024,6,2024-06,2
69427,2024-06-05,Slogans / Code words,Antisemitism,Massachusetts,2024,6,2024-06,2
65888,2024-06-05,Numbers / Symbols,Antisemitism,Oregon,2024,6,2024-06,2
65889,2024-06-05,Slogans / Code words,Antisemitism,Washington,2024,6,2024-06,2
66937,2024-05-31,Numbers / Symbols,Antisemitism,New York,2024,5,2024-05,2
65890,2024-06-03,Numbers / Symbols,Antisemitism,North Carolina,2024,6,2024-06,2
65891,2024-06-04,Key Concepts / Definitions,Antisemitism,New York,2024,6,2024-06,2
65892,2024-06-05,Slogans / Code words,Antisemitism,Massachusetts,2024,6,2024-06,2
65893,2024-06-05,Slogans / Code words,Antisemitism,California,2024,6,2024-06,2
65894,2024-06-06,Key Concepts / Definitions,Antisemitism,Florida,2024,6,2024-06,2
64617,2024-03-25,Numbers / Symbols,Antisemitism,Indiana,2024,3,2024-03,1
65895,2024-05-16,Incidents / Events,Antisemitism,New Jersey,2024,5,2024-05,2
65896,2024-06-04,Slogans / Code words,Antisemitism,Maryland,2024,6,2024-06,2
65897,2024-06-05,Numbers / Symbols,Antisemitism,Florida,2024,6,2024-06,2
69428,2024-06-06,Numbers / Symbols,Antisemitism,Massachusetts,2024,6,2024-06,2
66824,2024-04-29,Numbers / Symbols,Antisemitism,California,2024,4,2024-04,2
65898,2024-05-16,Numbers / Symbols,Antisemitism,Virginia,2024,5,2024-05,2
64818,2024-01-10,Key Concepts / Definitions,Antisemitism,Washington D.C.,2024,1,2024-01,1
65899,2024-06-07,Slogans / Code words,Antisemitism,New York,2024,6,2024-06,2
69429,2024-02-19,Slogans / Code words,Antisemitism,Georgia,2024,2,2024-02,1
64658,2024-02-22,Tactics,Antisemitism,Massachusetts,2024,2,2024-02,1
65085,2024-02-27,Slogans / Code words,Antisemitism,Florida,2024,2,2024-02,1
64648,2024-01-04,Groups / Movements,Antisemitism,Massachusetts,2024,1,2024-01,1
64794,2024-01-16,Numbers / Symbols,Antisemitism,Vermont,2024,1,2024-01,1
64863,2024-01-23,Slogans / Code words,Antisemitism,Maryland,2024,1,2024-01,1
69430,2024-01-29,Numbers / Symbols,Antisemitism,Indiana,2024,1,2024-01,1
64557,2024-01-30,Slogans / Code words,Antisemitism,California,2024,1,2024-01,1
64864,2024-02-28,Groups / Movements,Antisemitism,Massachusetts,2024,2,2024-02,1
69431,2024-02-28,Slogans / Code words,Antisemitism,Ohio,2024,2,2024-02,1
65901,2024-06-02,Slogans / Code words,Antisemitism,North Carolina,2024,6,2024-06,2
64981,2024-01-17,Incidents / Events,Antisemitism,Florida,2024,1,2024-01,1
64971,2024-01-09,Groups / Movements,Antisemitism,Maryland,2024,1,2024-01,1
69433,2024-01-23,Slogans / Code words,Antisemitism,Georgia,2024,1,2024-01,1
65194,2024-04-15,Groups / Movements,Antisemitism,California,2024,4,2024-04,2
64892,2024-04-28,Numbers / Symbols,Antisemitism,California,2024,4,2024-04,2
64784,2024-01-23,Slogans / Code words,Antisemitism,Texas,2024,1,2024-01,1
69434,2024-03-11,Numbers / Symbols,Antisemitism,Georgia,2024,3,2024-03,1
64872,2024-04-24,Groups / Movements,Antisemitism,Indiana,2024,4,2024-04,2
65104,2024-03-06,Slogans / Code words,Antisemitism,New York,2024,3,2024-03,1
64884,2024-04-15,People,Antisemitism,New York,2024,4,2024-04,2
64516,2024-03-22,Slogans / Code words,Antisemitism,Arizona,2024,3,2024-03,1
69435,2024-03-12,Incidents / Events,Antisemitism,Ohio,2024,3,2024-03,1
64780,2024-03-27,Numbers / Symbols,Antisemitism,Pennsylvania,2024,3,2024-03,1
64880,2024-01-10,People,Antisemitism,California,2024,1,2024-01,1
64979,2024-01-13,Slogans / Code words,Antisemitism,California,2024,1,2024-01,1
64793,2024-03-28,Groups / Movements,Antisemitism,Vermont,2024,3,2024-03,1
64893,2024-04-22,Groups / Movements,Antisemitism,Virginia,2024,4,2024-04,2
65159,2024-04-04,Slogans / Code words,Antisemitism,Washington,2024,4,2024-04,2
65218,2024-04-19,"Slogans / Code words, Conspiracy Theories",Antisemitism,California,2024,4,2024-04,2
64889,2024-04-23,Key Concepts / Definitions,Antisemitism,California,2024,4,2024-04,2
65433,2024-05-01,Groups / Movements,Antisemitism,California,2024,5,2024-05,2
65076,2024-02-24,Slogans / Code words,Antisemitism,New York,2024,2,2024-02,1
64572,2024-04-01,Groups / Movements,Antisemitism,Connecticut,2024,4,2024-04,2
69436,2024-02-15,Groups / Movements,Antisemitism,Maryland,2024,2,2024-02,1
64629,2024-03-14,Slogans / Code words,Antisemitism,Maryland,2024,3,2024-03,1
64647,2024-03-22,Key Concepts / Definitions,Antisemitism,Massachusetts,2024,3,2024-03,1
65200,2024-04-16,Numbers / Symbols,Antisemitism,New York,2024,4,2024-04,2
64750,2024-02-23,Numbers / Symbols,Antisemitism,North Carolina,2024,2,2024-02,1
64886,2024-04-28,Groups / Movements,Antisemitism,California,2024,4,2024-04,2
64887,2024-04-28,Groups / Movements,Antisemitism,California,2024,4,2024-04,2
64698,2024-03-04,People,Antisemitism,New York,2024,3,2024-03,1
65155,2024-04-02,Slogans / Code words,Antisemitism,Virginia,2024,4,2024-04,2
64897,2024-04-02,People,Antisemitism,Virginia,2024,4,2024-04,2
64898,2024-04-25,Slogans / Code words,Antisemitism,Virginia,2024,4,2024-04,2
69437,2024-02-25,Slogans / Code words,Antisemitism,Washington,2024,2,2024-02,1
64657,2024-02-06,Tactics,Antisemitism,Massachusetts,2024,2,2024-02,1
64609,2024-03-21,Key Concepts / Definitions,Antisemitism,Illinois,2024,3,2024-03,1
64867,2024-04-29,Publications,Antisemitism,Massachusetts,2024,4,2024-04,2
64816,2024-02-23,Slogans / Code words,Antisemitism,Washington D.C.,2024,2,2024-02,1
65168,2024-04-05,Key Concepts / Definitions,Antisemitism,Washington D.C.,2024,4,2024-04,2
64865,2024-05-02,Groups / Movements,Antisemitism,Maine,2024,5,2024-05,2
64646,2024-04-01,Publications,Antisemitism,Massachusetts,2024,4,2024-04,2
65028,2024-02-08,Slogans / Code words,Antisemitism,New York,2024,2,2024-02,1
64870,2024-03-21,Numbers / Symbols,Antisemitism,Massachusetts,2024,3,2024-03,1
69438,2024-02-28,Slogans / Code words,Antisemitism,New York,2024,2,2024-02,1
64560,2024-03-28,Slogans / Code words,Antisemitism,California,2024,3,2024-03,1
65247,2024-04-23,Slogans / Code words,Antisemitism,Maryland,2024,4,2024-04,2
65259,2024-04-24,Slogans / Code words,Antisemitism,Maryland,2024,4,2024-04,2
64883,2024-05-02,Key Concepts / Definitions,Antisemitism,Maryland,2024,5,2024-05,2
64817,2024-03-26,Groups / Movements,Antisemitism,Connecticut,2024,3,2024-03,1
64895,2024-04-25,Publications,Antisemitism,Wisconsin,2024,4,2024-04,2
69439,2024-02-22,Slogans / Code words,Antisemitism,Tennessee,2024,2,2024-02,1
65181,2024-04-11,Key Concepts / Definitions,Antisemitism,New Jersey,2024,4,2024-04,2
69440,2024-02-29,Numbers / Symbols,Antisemitism,New Jersey,2024,2,2024-02,1
64537,2024-02-28,People,Antisemitism,California,2024,2,2024-02,1
64879,2024-04-27,Numbers / Symbols,Antisemitism,Massachusetts,2024,4,2024-04,2
64699,2024-03-15,Slogans / Code words,Antisemitism,New York,2024,3,2024-03,1
65216,2024-04-19,Groups / Movements,Antisemitism,North Carolina,2024,4,2024-04,2
64875,2024-04-25,Groups / Movements,Antisemitism,Oregon,2024,4,2024-04,2
64876,2024-05-05,Slogans / Code words,Antisemitism,Oregon,2024,5,2024-05,2
65369,2024-04-29,Numbers / Symbols,Antisemitism,California,2024,4,2024-04,2
65376,2024-04-29,Groups / Movements,Antisemitism,Massachusetts,2024,4,2024-04,2
64779,2024-03-17,People,Antisemitism,Pennsylvania,2024,3,2024-03,1
64873,2024-05-03,Slogans / Code words,Antisemitism,Pennsylvania,2024,5,2024-05,2
64874,2024-02-26,People,Antisemitism,Oregon,2024,2,2024-02,1
64665,2024-02-20,Slogans / Code words,Antisemitism,Michigan,2024,2,2024-02,1
64666,2024-03-28,Numbers / Symbols,Antisemitism,Michigan,2024,3,2024-03,1
65902,2024-06-04,Key Concepts / Definitions,Antisemitism,New Mexico,2024,6,2024-06,2
65903,2024-06-05,Slogans / Code words,Antisemitism,California,2024,6,2024-06,2
69441,2024-06-07,Slogans / Code words,Antisemitism,Pennsylvania,2024,6,2024-06,2
65904,2024-06-08,"Slogans / Code words, Conspiracy Theories",Antisemitism,Nebraska,2024,6,2024-06,2
65905,2024-06-08,Numbers / Symbols,Antisemitism,Texas,2024,6,2024-06,2
69442,2024-06-08,"Slogans / Code words, Conspiracy Theories",Antisemitism,New York,2024,6,2024-06,2
65906,2024-06-08,Slogans / Code words,Antisemitism,Louisiana,2024,6,2024-06,2
65907,2024-06-08,Numbers / Symbols,Antisemitism,New Hampshire,2024,6,2024-06,2
65908,2024-06-06,Slogans / Code words,Antisemitism,California,2024,6,2024-06,2
65909,2024-06-07,Slogans / Code words,Antisemitism,Washington,2024,6,2024-06,2
65910,2024-06-09,Incidents / Events,Antisemitism,California,2024,6,2024-06,2
65911,2024-06-09,Key Concepts / Definitions,Antisemitism,California,2024,6,2024-06,2
65912,2024-06-09,Slogans / Code words,Antisemitism,New York,2024,6,2024-06,2
65913,2024-06-09,Numbers / Symbols,Antisemitism,California,2024,6,2024-06,2
65914,2024-06-08,Slogans / Code words,Antisemitism,Maryland,2024,6,2024-06,2
65915,2024-06-10,Publications,Antisemitism,Indiana,2024,6,2024-06,2
65916,2024-06-08,Slogans / Code words,Antisemitism,Maryland,2024,6,2024-06,2
65917,2024-06-08,Groups / Movements,Antisemitism,South Dakota,2024,6,2024-06,2
65918,2024-05-18,Slogans / Code words,Antisemitism,California,2024,5,2024-05,2
69443,2024-05-19,Groups / Movements,Antisemitism,Illinois,2024,5,2024-05,2
69444,2024-05-04,Slogans / Code words,Antisemitism,Indiana,2024,5,2024-05,2
64899,2024-05-01,Slogans / Code words,Antisemitism,Wisconsin,2024,5,2024-05,2
65919,2024-05-22,Numbers / Symbols,Antisemitism,Washington,2024,5,2024-05,2
65920,2024-06-07,Slogans / Code words,Antisemitism,Massachusetts,2024,6,2024-06,2
69445,2024-06-02,Slogans / Code words,Antisemitism,Illinois,2024,6,2024-06,2
65921,2024-04-16,Numbers / Symbols,Antisemitism,Indiana,2024,4,2024-04,2
69446,2024-04-23,Groups / Movements,Antisemitism,Minnesota,2024,4,2024-04,2
66804,2024-04-26,Numbers / Symbols,Antisemitism,Illinois,2024,4,2024-04,2
65304,2024-04-25,Slogans / Code words,Antisemitism,Illinois,2024,4,2024-04,2
65922,2024-05-10,Numbers / Symbols,Antisemitism,Illinois,2024,5,2024-05,2
64822,2024-04-01,Numbers / Symbols,Antisemitism,Wisconsin,2024,4,2024-04,2
65923,2024-04-16,Numbers / Symbols,Antisemitism,Illinois,2024,4,2024-04,2
69447,2024-04-15,Groups / Movements,Antisemitism,Minnesota,2024,4,2024-04,2
69448,2024-04-30,Slogans / Code words,Antisemitism,Indiana,2024,4,2024-04,2
65924,2024-04-03,Groups / Movements,Antisemitism,Indiana,2024,4,2024-04,2
65925,2024-05-04,Numbers / Symbols,Antisemitism,Wisconsin,2024,5,2024-05,2
69449,2024-05-03,Slogans / Code words,Antisemitism,Kansas,2024,5,2024-05,2
69450,2024-03-06,Slogans / Code words,Antisemitism,Minnesota,2024,3,2024-03,1
66800,2024-04-25,Numbers / Symbols,Antisemitism,Illinois,2024,4,2024-04,2
69451,2024-05-17,Groups / Movements,Antisemitism,Illinois,2024,5,2024-05,2
64612,2024-03-14,Numbers / Symbols,Antisemitism,Illinois,2024,3,2024-03,1
65927,2024-06-04,Slogans / Code words,Antisemitism,Wisconsin,2024,6,2024-06,2
64900,2024-05-20,Slogans / Code words,Antisemitism,Illinois,2024,5,2024-05,2
64901,2024-06-07,"People, Incidents / Events",Antisemitism,Minnesota,2024,6,2024-06,2
65928,2024-06-06,Key Concepts / Definitions,Antisemitism,Washington D.C.,2024,6,2024-06,2
65929,2024-06-08,Numbers / Symbols,Antisemitism,Massachusetts,2024,6,2024-06,2
65930,2024-06-08,Slogans / Code words,Antisemitism,California,2024,6,2024-06,2
64681,2024-02-13,Slogans / Code words,Antisemitism,New Jersey,2024,2,2024-02,1
65049,2024-02-13,People,Antisemitism,California,2024,2,2024-02,1
65051,2024-02-13,Slogans / Code words,Antisemitism,Virginia,2024,2,2024-02,1
69452,2024-02-14,Incidents / Events,Antisemitism,Tennessee,2024,2,2024-02,1
64618,2024-02-07,Groups / Movements,Antisemitism,Indiana,2024,2,2024-02,1
69453,2024-02-16,Numbers / Symbols,Antisemitism,Virginia,2024,2,2024-02,1
64787,2024-02-18,Slogans / Code words,Antisemitism,Texas,2024,2,2024-02,1
64701,2024-02-16,Slogans / Code words,Antisemitism,New York,2024,2,2024-02,1
64704,2024-02-10,People,Antisemitism,New York,2024,2,2024-02,1
64538,2024-02-19,Groups / Movements,Antisemitism,California,2024,2,2024-02,1
64685,2024-02-19,Groups / Movements,Antisemitism,New Jersey,2024,2,2024-02,1
65931,2024-02-08,"Slogans / Code words, Key Concepts / Definitions",Antisemitism,Kentucky,2024,2,2024-02,1
69454,2024-02-08,Slogans / Code words,Antisemitism,Ohio,2024,2,2024-02,1
64542,2024-02-09,People,Antisemitism,California,2024,2,2024-02,1
69455,2024-02-09,Numbers / Symbols,Antisemitism,Florida,2024,2,2024-02,1
64664,2024-02-10,Platforms / Sites,Antisemitism,Michigan,2024,2,2024-02,1
64797,2024-02-02,Numbers / Symbols,Antisemitism,Virginia,2024,2,2024-02,1
64700,2024-02-12,Groups / Movements,Antisemitism,New York,2024,2,2024-02,1
64767,2024-02-21,"Slogans / Code words, Key Concepts / Definitions",Antisemitism,Pennsylvania,2024,2,2024-02,1
69456,2024-02-20,Slogans / Code words,Antisemitism,Tennessee,2024,2,2024-02,1
65932,2024-02-20,Key Concepts / Definitions,Antisemitism,Maine,2024,2,2024-02,1
64670,2024-02-21,Groups / Movements,Antisemitism,Nevada,2024,2,2024-02,1
64574,2024-02-22,Slogans / Code words,Antisemitism,Connecticut,2024,2,2024-02,1
69457,2024-02-23,Conspiracy Theories,Antisemitism,South Carolina,2024,2,2024-02,1
64568,2024-02-22,Numbers / Symbols,Antisemitism,Colorado,2024,2,2024-02,1
64703,2024-02-23,Incidents / Events,Antisemitism,New York,2024,2,2024-02,1
65082,2024-02-26,Incidents / Events,Antisemitism,California,2024,2,2024-02,1
64638,2024-02-26,Numbers / Symbols,Antisemitism,Maryland,2024,2,2024-02,1
64786,2024-02-27,Slogans / Code words,Antisemitism,Texas,2024,2,2024-02,1
69458,2024-02-28,Groups / Movements,Antisemitism,Alabama,2024,2,2024-02,1
64770,2024-02-28,Slogans / Code words,Antisemitism,Pennsylvania,2024,2,2024-02,1
64576,2024-02-23,People,Antisemitism,Connecticut,2024,2,2024-02,1
64785,2024-02-29,Publications,Antisemitism,Texas,2024,2,2024-02,1
64669,2024-02-29,Slogans / Code words,Antisemitism,Minnesota,2024,2,2024-02,1
69459,2024-02-14,Incidents / Events,Antisemitism,Tennessee,2024,2,2024-02,1
64587,2024-02-10,"Slogans / Code words, Conspiracy Theories",Antisemitism,Florida,2024,2,2024-02,1
64755,2024-02-07,Groups / Movements,Antisemitism,Ohio,2024,2,2024-02,1
64754,2024-02-09,Groups / Movements,Antisemitism,Ohio,2024,2,2024-02,1
64799,2024-02-14,Groups / Movements,Antisemitism,Virginia,2024,2,2024-02,1
69460,2024-02-15,Slogans / Code words,Antisemitism,South Carolina,2024,2,2024-02,1
64768,2024-02-02,"Conspiracy Theories, Slogans / Code words",Antisemitism,Pennsylvania,2024,2,2024-02,1
64702,2024-02-06,Slogans / Code words,Antisemitism,New York,2024,2,2024-02,1
64800,2024-02-06,Slogans / Code words,Antisemitism,Virginia,2024,2,2024-02,1
64760,2024-02-07,Slogans / Code words,Antisemitism,Oregon,2024,2,2024-02,1
64632,2024-02-07,Slogans / Code words,Antisemitism,Maryland,2024,2,2024-02,1
64573,2024-02-07,Groups / Movements,Antisemitism,Connecticut,2024,2,2024-02,1
64621,2024-02-12,Slogans / Code words,Antisemitism,Kentucky,2024,2,2024-02,1
64575,2024-02-12,People,Antisemitism,Connecticut,2024,2,2024-02,1
64801,2024-01-01,Slogans / Code words,Antisemitism,Virginia,2024,1,2024-01,1
64902,2024-02-12,Groups / Movements,Antisemitism,Arizona,2024,2,2024-02,1
64769,2024-02-12,Publications,Antisemitism,Pennsylvania,2024,2,2024-02,1
64595,2024-02-12,Groups / Movements,Antisemitism,Florida,2024,2,2024-02,1
64804,2024-02-09,Numbers / Symbols,Antisemitism,Virginia,2024,2,2024-02,1
64540,2024-02-12,Publications,Antisemitism,California,2024,2,2024-02,1
64633,2024-02-20,"Slogans / Code words, Conspiracy Theories",Antisemitism,Maryland,2024,2,2024-02,1
64594,2024-02-20,Numbers / Symbols,Antisemitism,Florida,2024,2,2024-02,1
64903,2024-01-01,Groups / Movements,Antisemitism,New York,2024,1,2024-01,1
69461,2024-02-20,Incidents / Events,Antisemitism,Pennsylvania,2024,2,2024-02,1
69462,2024-02-20,Slogans / Code words,Antisemitism,Connecticut,2024,2,2024-02,1
64589,2024-02-18,Groups / Movements,Antisemitism,Florida,2024,2,2024-02,1
64771,2024-02-20,Publications,Antisemitism,Pennsylvania,2024,2,2024-02,1
64819,2024-02-21,Conspiracy Theories,Antisemitism,Washington D.C.,2024,2,2024-02,1
64805,2024-02-21,Slogans / Code words,Antisemitism,Virginia,2024,2,2024-02,1
64650,2024-02-24,Groups / Movements,Antisemitism,Massachusetts,2024,2,2024-02,1
69463,2024-02-25,Slogans / Code words,Antisemitism,Georgia,2024,2,2024-02,1
64772,2024-02-23,Slogans / Code words,Antisemitism,Pennsylvania,2024,2,2024-02,1
64649,2024-02-25,Groups / Movements,Antisemitism,Massachusetts,2024,2,2024-02,1
64588,2024-02-18,Groups / Movements,Antisemitism,Florida,2024,2,2024-02,1
65449,2024-05-02,Slogans / Code words,Antisemitism,California,2024,5,2024-05,2
65934,2024-06-12,People,Antisemitism,Illinois,2024,6,2024-06,2
65935,2024-06-11,Publications,Antisemitism,New York,2024,6,2024-06,2
65936,2024-06-03,Slogans / Code words,Antisemitism,Indiana,2024,6,2024-06,2
65937,2024-05-04,Slogans / Code words,Antisemitism,Indiana,2024,5,2024-05,2
65938,2024-06-12,Groups / Movements,Antisemitism,Washington,2024,6,2024-06,2
65939,2024-06-12,Slogans / Code words,Antisemitism,Maryland,2024,6,2024-06,2
69464,2024-06-12,Incidents / Events,Antisemitism,Virginia,2024,6,2024-06,2
69465,2024-05-15,Conspiracy Theories,Antisemitism,Illinois,2024,5,2024-05,2
66984,2024-06-13,Groups / Movements,Antisemitism,New Jersey,2024,6,2024-06,2
69466,2024-06-11,Tactics,Antisemitism,Connecticut,2024,6,2024-06,2
66980,2024-06-13,Numbers / Symbols,Antisemitism,California,2024,6,2024-06,2
65940,2024-06-10,Slogans / Code words,Antisemitism,New York,2024,6,2024-06,2
65941,2024-06-11,Slogans / Code words,Antisemitism,New York,2024,6,2024-06,2
69467,2024-06-13,Groups / Movements,Antisemitism,New Mexico,2024,6,2024-06,2
69468,2024-06-13,Slogans / Code words,Antisemitism,New Jersey,2024,6,2024-06,2
64904,2024-06-14,Numbers / Symbols,Antisemitism,California,2024,6,2024-06,2
65942,2024-06-14,Conspiracy Theories,Antisemitism,New York,2024,6,2024-06,2
64905,2024-06-11,Publications,Antisemitism,California,2024,6,2024-06,2
65943,2024-06-13,Groups / Movements,Antisemitism,Florida,2024,6,2024-06,2
65944,2024-06-12,Slogans / Code words,Antisemitism,New York,2024,6,2024-06,2
65945,2024-06-14,Incidents / Events,Antisemitism,New York,2024,6,2024-06,2
64906,2024-06-10,Incidents / Events,Antisemitism,California,2024,6,2024-06,2
69469,2024-06-14,Slogans / Code words,Antisemitism,New York,2024,6,2024-06,2
65946,2024-06-14,Numbers / Symbols,Antisemitism,Kansas,2024,6,2024-06,2
65947,2024-06-15,Slogans / Code words,Antisemitism,Texas,2024,6,2024-06,2
65948,2024-06-13,Slogans / Code words,Antisemitism,Illinois,2024,6,2024-06,2
66936,2024-05-31,Publications,Antisemitism,California,2024,5,2024-05,2
65949,2024-06-13,Slogans / Code words,Antisemitism,Florida,2024,6,2024-06,2
65950,2024-06-16,Key Concepts / Definitions,Antisemitism,Massachusetts,2024,6,2024-06,2
65951,2024-06-15,Slogans / Code words,Antisemitism,New York,2024,6,2024-06,2
65952,2024-06-13,Incidents / Events,Antisemitism,New York,2024,6,2024-06,2
65953,2024-06-13,Incidents / Events,Antisemitism,New York,2024,6,2024-06,2
65954,2024-06-13,Incidents / Events,Antisemitism,New York,2024,6,2024-06,2
65955,2024-06-13,Incidents / Events,Antisemitism,New York,2024,6,2024-06,2
65956,2024-06-13,Incidents / Events,Antisemitism,New York,2024,6,2024-06,2
65957,2024-06-13,Incidents / Events,Antisemitism,New York,2024,6,2024-06,2
65958,2024-06-13,Incidents / Events,Antisemitism,New York,2024,6,2024-06,2
65959,2024-06-13,Key Concepts / Definitions,Antisemitism,New York,2024,6,2024-06,2
65960,2024-06-13,Incidents / Events,Antisemitism,New York,2024,6,2024-06,2
65961,2024-06-13,Incidents / Events,Antisemitism,New York,2024,6,2024-06,2
65962,2024-06-17,Slogans / Code words,Antisemitism,Virginia,2024,6,2024-06,2
64737,2024-01-26,Slogans / Code words,Antisemitism,New York,2024,1,2024-01,1
66686,2024-02-10,Incidents / Events,Antisemitism,New York,2024,2,2024-02,1
66685,2024-02-09,Slogans / Code words,Antisemitism,New York,2024,2,2024-02,1
66678,2024-02-05,Numbers / Symbols,Antisemitism,New York,2024,2,2024-02,1
66670,2024-02-01,Incidents / Events,Antisemitism,New York,2024,2,2024-02,1
64908,2024-01-29,Key Concepts / Definitions,Antisemitism,New York,2024,1,2024-01,1
64720,2024-03-29,Slogans / Code words,Antisemitism,New York,2024,3,2024-03,1
64705,2024-03-28,Numbers / Symbols,Antisemitism,New York,2024,3,2024-03,1
69470,2024-03-28,Incidents / Events,Antisemitism,New York,2024,3,2024-03,1
64740,2024-03-27,Numbers / Symbols,Antisemitism,New York,2024,3,2024-03,1
64717,2024-03-27,Numbers / Symbols,Antisemitism,New York,2024,3,2024-03,1
64743,2024-03-26,Numbers / Symbols,Antisemitism,New York,2024,3,2024-03,1
64727,2024-03-01,Numbers / Symbols,Antisemitism,New York,2024,3,2024-03,1
64735,2024-03-01,Numbers / Symbols,Antisemitism,New York,2024,3,2024-03,1
69471,2024-03-01,Slogans / Code words,Antisemitism,New York,2024,3,2024-03,1
66704,2024-02-26,Numbers / Symbols,Antisemitism,New York,2024,2,2024-02,1
66703,2024-02-26,Numbers / Symbols,Antisemitism,New York,2024,2,2024-02,1
66705,2024-02-26,Incidents / Events,Antisemitism,New York,2024,2,2024-02,1
69473,2024-02-24,Numbers / Symbols,Antisemitism,New York,2024,2,2024-02,1
66699,2024-02-20,Numbers / Symbols,Antisemitism,New York,2024,2,2024-02,1
65964,2024-06-13,Incidents / Events,Antisemitism,New York,2024,6,2024-06,2
65965,2024-06-13,Incidents / Events,Antisemitism,New York,2024,6,2024-06,2
65966,2024-06-13,Incidents / Events,Antisemitism,New York,2024,6,2024-06,2
65967,2024-06-13,Incidents / Events,Antisemitism,New York,2024,6,2024-06,2
69474,2024-06-13,Incidents / Events,Antisemitism,New York,2024,6,2024-06,2
65968,2024-06-13,Key Concepts / Definitions,Antisemitism,New York,2024,6,2024-06,2
65969,2024-06-13,Key Concepts / Definitions,Antisemitism,New York,2024,6,2024-06,2
65970,2024-06-13,Incidents / Events,Antisemitism,New York,2024,6,2024-06,2
65971,2024-06-13,Incidents / Events,Antisemitism,New York,2024,6,2024-06,2
65972,2024-06-13,Incidents / Events,Antisemitism,New York,2024,6,2024-06,2
65973,2024-06-13,Incidents / Events,Antisemitism,New York,2024,6,2024-06,2
65974,2024-06-13,Incidents / Events,Antisemitism,New York,2024,6,2024-06,2
65975,2024-06-13,Incidents / Events,Antisemitism,New York,2024,6,2024-06,2
65976,2024-06-13,Incidents / Events,Antisemitism,New York,2024,6,2024-06,2
65977,2024-06-13,Incidents / Events,Antisemitism,New York,2024,6,2024-06,2
65978,2024-06-13,Incidents / Events,Antisemitism,New York,2024,6,2024-06,2
69475,2024-03-17,Incidents / Events,Antisemitism,New York,2024,3,2024-03,1
64739,2024-03-17,Slogans / Code words,Antisemitism,New York,2024,3,2024-03,1
64726,2024-03-16,Numbers / Symbols,Antisemitism,New York,2024,3,2024-03,1
69476,2024-03-15,Numbers / Symbols,Antisemitism,New York,2024,3,2024-03,1
64724,2024-03-15,Numbers / Symbols,Antisemitism,New York,2024,3,2024-03,1
64746,2024-03-15,Slogans / Code words,Antisemitism,New York,2024,3,2024-03,1
69477,2024-03-15,Slogans / Code words,Antisemitism,New York,2024,3,2024-03,1
64732,2024-03-13,Numbers / Symbols,Antisemitism,New York,2024,3,2024-03,1
64747,2024-03-25,People,Antisemitism,New York,2024,3,2024-03,1
69478,2024-03-25,Incidents / Events,Antisemitism,New York,2024,3,2024-03,1
64733,2024-03-22,Groups / Movements,Antisemitism,New York,2024,3,2024-03,1
64722,2024-03-22,Numbers / Symbols,Antisemitism,New York,2024,3,2024-03,1
64741,2024-03-21,Slogans / Code words,Antisemitism,New York,2024,3,2024-03,1
64744,2024-03-19,Slogans / Code words,Antisemitism,New York,2024,3,2024-03,1
64742,2024-03-18,Numbers / Symbols,Antisemitism,New York,2024,3,2024-03,1
69479,2024-01-08,Incidents / Events,Antisemitism,New York,2024,1,2024-01,1
64738,2024-01-05,Slogans / Code words,Antisemitism,New York,2024,1,2024-01,1
64730,2024-01-05,Numbers / Symbols,Antisemitism,New York,2024,1,2024-01,1
64745,2024-01-03,Numbers / Symbols,Antisemitism,New York,2024,1,2024-01,1
64736,2024-01-03,Numbers / Symbols,Antisemitism,New York,2024,1,2024-01,1
64706,2024-01-01,Numbers / Symbols,Antisemitism,New York,2024,1,2024-01,1
64729,2024-03-09,Numbers / Symbols,Antisemitism,New York,2024,3,2024-03,1
64907,2024-03-08,Key Concepts / Definitions,Antisemitism,New York,2024,3,2024-03,1
64723,2024-03-08,Incidents / Events,Antisemitism,New York,2024,3,2024-03,1
65979,2024-03-06,People,Antisemitism,New York,2024,3,2024-03,1
64719,2024-03-06,Numbers / Symbols,Antisemitism,New York,2024,3,2024-03,1
64721,2024-03-05,Numbers / Symbols,Antisemitism,New York,2024,3,2024-03,1
64728,2024-03-02,Numbers / Symbols,Antisemitism,New York,2024,3,2024-03,1
65980,2024-06-17,Key Concepts / Definitions,Antisemitism,Virginia,2024,6,2024-06,2
69480,2024-06-17,Incidents / Events,Antisemitism,Ohio,2024,6,2024-06,2
65981,2024-06-17,Incidents / Events,Antisemitism,Ohio,2024,6,2024-06,2
69481,2024-06-17,Key Concepts / Definitions,Antisemitism,California,2024,6,2024-06,2
69482,2024-06-17,Groups / Movements,Antisemitism,Connecticut,2024,6,2024-06,2
65982,2024-06-13,Slogans / Code words,Antisemitism,California,2024,6,2024-06,2
65983,2024-06-16,Slogans / Code words,Antisemitism,Oregon,2024,6,2024-06,2
69484,2024-06-12,Slogans / Code words,Antisemitism,Iowa,2024,6,2024-06,2
65984,2024-06-17,Key Concepts / Definitions,Antisemitism,Florida,2024,6,2024-06,2
65985,2024-06-17,Key Concepts / Definitions,Antisemitism,Massachusetts,2024,6,2024-06,2
69485,2024-06-17,Slogans / Code words,Antisemitism,Ohio,2024,6,2024-06,2
65986,2024-06-13,"Slogans / Code words, Key Concepts / Definitions",Antisemitism,California,2024,6,2024-06,2
65987,2024-06-13,"Slogans / Code words, Key Concepts / Definitions",Antisemitism,California,2024,6,2024-06,2
65988,2024-06-13,"Slogans / Code words, Key Concepts / Definitions",Antisemitism,California,2024,6,2024-06,2
65989,2024-06-13,"Slogans / Code words, Key Concepts / Definitions",Antisemitism,California,2024,6,2024-06,2
65990,2024-06-13,"Slogans / Code words, Key Concepts / Definitions",Antisemitism,California,2024,6,2024-06,2
65991,2024-06-13,"Slogans / Code words, Key Concepts / Definitions",Antisemitism,California,2024,6,2024-06,2
65992,2024-06-13,"Slogans / Code words, Key Concepts / Definitions",Antisemitism,California,2024,6,2024-06,2
65993,2024-06-13,"Slogans / Code words, Key Concepts / Definitions",Antisemitism,California,2024,6,2024-06,2
65994,2024-06-13,People,Antisemitism,California,2024,6,2024-06,2
65995,2024-06-13,"Slogans / Code words, Key Concepts / Definitions",Antisemitism,California,2024,6,2024-06,2
65996,2024-06-13,"Slogans / Code words, Key Concepts / Definitions",Antisemitism,California,2024,6,2024-06,2
65997,2024-06-13,"Slogans / Code words, Key Concepts / Definitions",Antisemitism,California,2024,6,2024-06,2
65998,2024-06-17,Key Concepts / Definitions,Antisemitism,Florida,2024,6,2024-06,2
65999,2024-06-13,"Slogans / Code words, Key Concepts / Definitions",Antisemitism,California,2024,6,2024-06,2
66000,2024-06-17,Slogans / Code words,Antisemitism,New York,2024,6,2024-06,2
66001,2024-06-18,Slogans / Code words,Antisemitism,Washington D.C.,2024,6,2024-06,2
66002,2024-06-18,Numbers / Symbols,Antisemitism,Washington,2024,6,2024-06,2
66003,2024-06-18,Incidents / Events,Antisemitism,Washington,2024,6,2024-06,2
69486,2024-06-18,Incidents / Events,Antisemitism,New York,2024,6,2024-06,2
66004,2024-06-13,Numbers / Symbols,Antisemitism,Vermont,2024,6,2024-06,2
66005,2024-06-07,Slogans / Code words,Antisemitism,Nevada,2024,6,2024-06,2
66006,2024-06-18,Key Concepts / Definitions,Antisemitism,Louisiana,2024,6,2024-06,2
66007,2024-06-19,Slogans / Code words,Antisemitism,New York,2024,6,2024-06,2
66008,2024-06-19,Slogans / Code words,Antisemitism,Washington,2024,6,2024-06,2
66009,2024-06-19,Publications,Antisemitism,California,2024,6,2024-06,2
66010,2024-06-20,Slogans / Code words,Antisemitism,Washington,2024,6,2024-06,2
66011,2024-06-09,Slogans / Code words,Antisemitism,Virginia,2024,6,2024-06,2
66012,2024-06-02,Slogans / Code words,Antisemitism,Missouri,2024,6,2024-06,2
69487,2024-06-20,Numbers / Symbols,Antisemitism,Minnesota,2024,6,2024-06,2
66013,2024-06-19,Numbers / Symbols,Antisemitism,Washington,2024,6,2024-06,2
66014,2024-06-20,Slogans / Code words,Antisemitism,Colorado,2024,6,2024-06,2
66015,2024-05-07,Numbers / Symbols,Antisemitism,Massachusetts,2024,5,2024-05,2
66016,2024-06-11,Slogans / Code words,Antisemitism,California,2024,6,2024-06,2
66017,2024-06-20,Numbers / Symbols,Antisemitism,Maryland,2024,6,2024-06,2
66018,2024-06-14,People,Antisemitism,Florida,2024,6,2024-06,2
66019,2024-06-21,Slogans / Code words,Antisemitism,Georgia,2024,6,2024-06,2
66020,2024-06-20,Incidents / Events,Antisemitism,California,2024,6,2024-06,2
66021,2024-06-19,Numbers / Symbols,Antisemitism,California,2024,6,2024-06,2
66022,2024-06-21,Incidents / Events,Antisemitism,Florida,2024,6,2024-06,2
66023,2024-06-21,Incidents / Events,Antisemitism,California,2024,6,2024-06,2
69488,2024-06-20,Groups / Movements,Antisemitism,New Jersey,2024,6,2024-06,2
69489,2024-06-22,Slogans / Code words,Antisemitism,New Jersey,2024,6,2024-06,2
66024,2024-06-23,Slogans / Code words,Antisemitism,California,2024,6,2024-06,2
66025,2024-06-11,Slogans / Code words,Antisemitism,Florida,2024,6,2024-06,2
69490,2024-06-22,Groups / Movements,Antisemitism,Florida,2024,6,2024-06,2
66026,2024-06-14,Slogans / Code words,Antisemitism,New York,2024,6,2024-06,2
69491,2024-05-29,Key Concepts / Definitions,Antisemitism,New York,2024,5,2024-05,2
66027,2024-06-23,Slogans / Code words,Antisemitism,Illinois,2024,6,2024-06,2
66028,2024-06-23,Slogans / Code words,Antisemitism,California,2024,6,2024-06,2
69492,2024-06-22,Numbers / Symbols,Antisemitism,Illinois,2024,6,2024-06,2
69493,2024-06-24,Publications,Antisemitism,New York,2024,6,2024-06,2
66029,2024-06-22,Numbers / Symbols,Antisemitism,Virginia,2024,6,2024-06,2
69494,2024-06-21,Slogans / Code words,Antisemitism,California,2024,6,2024-06,2
69495,2024-06-23,Slogans / Code words,Antisemitism,California,2024,6,2024-06,2
66030,2024-06-20,Numbers / Symbols,Antisemitism,New York,2024,6,2024-06,2
69496,2024-03-19,Slogans / Code words,Antisemitism,Washington D.C.,2024,3,2024-03,1
69497,2024-03-16,People,Antisemitism,Florida,2024,3,2024-03,1
69498,2024-03-20,Numbers / Symbols,Antisemitism,Florida,2024,3,2024-03,1
69499,2024-03-28,Groups / Movements,Antisemitism,Florida,2024,3,2024-03,1
69500,2024-03-08,Numbers / Symbols,Antisemitism,Connecticut,2024,3,2024-03,1
69501,2024-03-04,Numbers / Symbols,Antisemitism,Connecticut,2024,3,2024-03,1
69502,2024-03-28,Groups / Movements,Antisemitism,Florida,2024,3,2024-03,1
69503,2024-03-09,Incidents / Events,Antisemitism,Florida,2024,3,2024-03,1
69504,2024-03-23,"Slogans / Code words, Conspiracy Theories",Antisemitism,Florida,2024,3,2024-03,1
69505,2024-03-21,Slogans / Code words,Antisemitism,Florida,2024,3,2024-03,1
69506,2024-03-29,Slogans / Code words,Antisemitism,Florida,2024,3,2024-03,1
69507,2024-03-01,Key Concepts / Definitions,Antisemitism,Florida,2024,3,2024-03,1
69508,2024-03-10,Publications,Antisemitism,Florida,2024,3,2024-03,1
69509,2024-03-07,Groups / Movements,Antisemitism,Michigan,2024,3,2024-03,1
66733,2024-03-24,"Slogans / Code words, Key Concepts / Definitions",Antisemitism,Minnesota,2024,3,2024-03,1
69510,2024-03-22,Key Concepts / Definitions,Antisemitism,Maryland,2024,3,2024-03,1
69511,2024-03-27,Numbers / Symbols,Antisemitism,Maryland,2024,3,2024-03,1
69512,2024-03-21,Slogans / Code words,Antisemitism,Maryland,2024,3,2024-03,1
69513,2024-05-06,Groups / Movements,Antisemitism,California,2024,5,2024-05,2
69514,2024-05-06,Groups / Movements,Antisemitism,California,2024,5,2024-05,2
69515,2024-05-03,Slogans / Code words,Antisemitism,California,2024,5,2024-05,2
69516,2024-05-06,Groups / Movements,Antisemitism,California,2024,5,2024-05,2
69517,2024-03-19,People,Antisemitism,Oregon,2024,3,2024-03,1
69518,2024-02-10,Key Concepts / Definitions,Antisemitism,Maryland,2024,2,2024-02,1
69519,2024-03-01,Numbers / Symbols,Antisemitism,Massachusetts,2024,3,2024-03,1
69520,2024-02-14,Publications,Antisemitism,Massachusetts,2024,2,2024-02,1
69521,2024-03-25,People,Antisemitism,Massachusetts,2024,3,2024-03,1
69522,2024-03-04,Groups / Movements,Antisemitism,Michigan,2024,3,2024-03,1
69523,2024-03-23,Publications,Antisemitism,Pennsylvania,2024,3,2024-03,1
69524,2024-03-26,Groups / Movements,Antisemitism,Pennsylvania,2024,3,2024-03,1
69525,2024-03-28,Slogans / Code words,Antisemitism,Pennsylvania,2024,3,2024-03,1
69526,2024-03-09,Slogans / Code words,Antisemitism,Pennsylvania,2024,3,2024-03,1
69527,2024-03-20,Groups / Movements,Antisemitism,Pennsylvania,2024,3,2024-03,1
69528,2024-03-03,Groups / Movements,Antisemitism,Pennsylvania,2024,3,2024-03,1
69529,2024-03-05,Slogans / Code words,Antisemitism,South Carolina,2024,3,2024-03,1
69530,2024-03-28,Slogans / Code words,Antisemitism,New Jersey,2024,3,2024-03,1
69531,2024-03-01,Key Concepts / Definitions,Antisemitism,New York,2024,3,2024-03,1
69532,2024-03-18,Key Concepts / Definitions,Antisemitism,New Hampshire,2024,3,2024-03,1
69533,2024-03-01,Groups / Movements,Antisemitism,New Jersey,2024,3,2024-03,1
69534,2024-03-22,Slogans / Code words,Antisemitism,New Jersey,2024,3,2024-03,1
69535,2024-03-11,Numbers / Symbols,Antisemitism,California,2024,3,2024-03,1
69536,2024-03-07,"Slogans / Code words, Key Concepts / Definitions",Antisemitism,Oregon,2024,3,2024-03,1
69537,2024-01-23,Slogans / Code words,Antisemitism,Pennsylvania,2024,1,2024-01,1
69538,2024-03-15,Slogans / Code words,Antisemitism,Pennsylvania,2024,3,2024-03,1
69539,2024-03-03,People,Antisemitism,Alabama,2024,3,2024-03,1
69540,2024-03-19,Key Concepts / Definitions,Antisemitism,Alabama,2024,3,2024-03,1
69541,2024-03-08,Slogans / Code words,Antisemitism,Arizona,2024,3,2024-03,1
69542,2024-03-11,People,Antisemitism,Arizona,2024,3,2024-03,1
69543,2024-03-10,"Slogans / Code words, Key Concepts / Definitions",Antisemitism,Arkansas,2024,3,2024-03,1
69544,2024-03-08,Incidents / Events,Antisemitism,California,2024,3,2024-03,1
69545,2024-10-26,Slogans / Code words,Antisemitism,California,2024,10,2024-10,4
69546,2024-03-26,People,Antisemitism,Virginia,2024,3,2024-03,1
69547,2024-03-14,Key Concepts / Definitions,Antisemitism,Wisconsin,2024,3,2024-03,1
66737,2024-03-22,Key Concepts / Definitions,Antisemitism,Wisconsin,2024,3,2024-03,1
69548,2024-03-03,Slogans / Code words,Antisemitism,Virginia,2024,3,2024-03,1
69549,2024-02-26,Incidents / Events,Antisemitism,Virginia,2024,2,2024-02,1
69550,2024-03-06,People,Antisemitism,Virginia,2024,3,2024-03,1
69551,2024-03-08,Slogans / Code words,Antisemitism,Virginia,2024,3,2024-03,1
69552,2024-03-20,Slogans / Code words,Antisemitism,Virginia,2024,3,2024-03,1
69553,2024-03-17,People,Antisemitism,Virginia,2024,3,2024-03,1
69555,2024-03-04,People,Antisemitism,New York,2024,3,2024-03,1
69556,2024-03-05,Slogans / Code words,Antisemitism,Maryland,2024,3,2024-03,1
69557,2024-03-05,Slogans / Code words,Antisemitism,Maryland,2024,3,2024-03,1
69558,2024-03-04,Numbers / Symbols,Antisemitism,Colorado,2024,3,2024-03,1
69559,2024-01-15,Publications,Antisemitism,Massachusetts,2024,1,2024-01,1
69560,2024-03-07,Slogans / Code words,Antisemitism,Texas,2024,3,2024-03,1
69561,2024-03-04,Slogans / Code words,Antisemitism,Texas,2024,3,2024-03,1
69562,2024-03-27,Platforms / Sites,Antisemitism,Texas,2024,3,2024-03,1
69563,2024-03-21,Key Concepts / Definitions,Antisemitism,Utah,2024,3,2024-03,1
66031,2024-04-01,Numbers / Symbols,Antisemitism,Colorado,2024,4,2024-04,2
66713,2024-03-01,Slogans / Code words,Antisemitism,New York,2024,3,2024-03,1
69564,2024-03-07,Numbers / Symbols,Antisemitism,New York,2024,3,2024-03,1
69565,2024-03-14,Numbers / Symbols,Antisemitism,New York,2024,3,2024-03,1
69566,2024-03-18,Slogans / Code words,Antisemitism,New York,2024,3,2024-03,1
69567,2024-03-04,Groups / Movements,Antisemitism,New York,2024,3,2024-03,1
69568,2024-02-09,Numbers / Symbols,Antisemitism,Connecticut,2024,2,2024-02,1
69569,2024-03-24,Numbers / Symbols,Antisemitism,Connecticut,2024,3,2024-03,1
69570,2024-03-04,Slogans / Code words,Antisemitism,Connecticut,2024,3,2024-03,1
69571,2024-03-19,Incidents / Events,Antisemitism,Connecticut,2024,3,2024-03,1
69572,2024-03-07,Key Concepts / Definitions,Antisemitism,Connecticut,2024,3,2024-03,1
69573,2024-03-12,Incidents / Events,Antisemitism,Washington D.C.,2024,3,2024-03,1
69574,2024-03-28,Groups / Movements,Antisemitism,New Jersey,2024,3,2024-03,1
69575,2024-03-26,"Slogans / Code words, Key Concepts / Definitions",Antisemitism,South Carolina,2024,3,2024-03,1
69576,2024-03-02,Slogans / Code words,Antisemitism,Tennessee,2024,3,2024-03,1
69577,2024-03-07,People,Antisemitism,Tennessee,2024,3,2024-03,1
69578,2024-03-14,Publications,Antisemitism,California,2024,3,2024-03,1
69579,2024-04-29,Slogans / Code words,Antisemitism,California,2024,4,2024-04,2
69580,2024-04-30,Key Concepts / Definitions,Antisemitism,California,2024,4,2024-04,2
69581,2024-02-29,"Slogans / Code words, Key Concepts / Definitions",Antisemitism,California,2024,2,2024-02,1
69582,2024-03-04,Incidents / Events,Antisemitism,Colorado,2024,3,2024-03,1
69583,2024-03-11,Slogans / Code words,Antisemitism,Connecticut,2024,3,2024-03,1
69584,2024-03-19,Incidents / Events,Antisemitism,Georgia,2024,3,2024-03,1
69585,2024-03-08,Numbers / Symbols,Antisemitism,Georgia,2024,3,2024-03,1
69586,2024-03-01,Slogans / Code words,Antisemitism,Illinois,2024,3,2024-03,1
69587,2024-03-14,Incidents / Events,Antisemitism,Illinois,2024,3,2024-03,1
66715,2024-03-04,Numbers / Symbols,Antisemitism,Indiana,2024,3,2024-03,1
69588,2024-03-03,Groups / Movements,Antisemitism,Kentucky,2024,3,2024-03,1
69589,2024-03-08,Slogans / Code words,Antisemitism,Louisiana,2024,3,2024-03,1
66720,2024-03-07,Publications,Antisemitism,Minnesota,2024,3,2024-03,1
69590,2024-03-03,Groups / Movements,Antisemitism,Mississippi,2024,3,2024-03,1
66740,2024-03-31,Groups / Movements,Antisemitism,Nebraska,2024,3,2024-03,1
69591,2024-03-17,Groups / Movements,Antisemitism,Nevada,2024,3,2024-03,1
69592,2024-03-04,Key Concepts / Definitions,Antisemitism,Nevada,2024,3,2024-03,1
69593,2024-03-15,People,Antisemitism,New York,2024,3,2024-03,1
69594,2024-03-16,Incidents / Events,Antisemitism,New York,2024,3,2024-03,1
69595,2024-03-16,Numbers / Symbols,Antisemitism,North Carolina,2024,3,2024-03,1
65022,2024-02-06,Key Concepts / Definitions,Antisemitism,California,2024,2,2024-02,1
69596,2024-06-23,Incidents / Events,Antisemitism,California,2024,6,2024-06,2
66032,2024-06-23,Numbers / Symbols,Antisemitism,Colorado,2024,6,2024-06,2
69597,2024-06-14,Key Concepts / Definitions,Antisemitism,New Jersey,2024,6,2024-06,2
66033,2024-05-10,People,Antisemitism,Colorado,2024,5,2024-05,2
69598,2024-06-23,Incidents / Events,Antisemitism,Pennsylvania,2024,6,2024-06,2
69599,2024-06-04,Slogans / Code words,Antisemitism,Massachusetts,2024,6,2024-06,2
66034,2024-06-21,Slogans / Code words,Antisemitism,Florida,2024,6,2024-06,2
66035,2024-06-26,Numbers / Symbols,Antisemitism,Massachusetts,2024,6,2024-06,2
66036,2024-06-04,Groups / Movements,Antisemitism,Washington,2024,6,2024-06,2
66037,2024-06-19,Numbers / Symbols,Antisemitism,California,2024,6,2024-06,2
66038,2024-06-25,Incidents / Events,Antisemitism,Virginia,2024,6,2024-06,2
69600,2024-06-26,Publications,Antisemitism,Texas,2024,6,2024-06,2
66039,2024-06-26,Numbers / Symbols,Antisemitism,Maryland,2024,6,2024-06,2
69601,2024-06-28,Incidents / Events,Antisemitism,Virginia,2024,6,2024-06,2
66040,2024-06-27,Slogans / Code words,Antisemitism,California,2024,6,2024-06,2
66041,2024-06-24,Slogans / Code words,Antisemitism,Massachusetts,2024,6,2024-06,2
69602,2024-06-28,Slogans / Code words,Antisemitism,New York,2024,6,2024-06,2
66042,2024-06-27,Numbers / Symbols,Antisemitism,Texas,2024,6,2024-06,2
66043,2024-06-30,Incidents / Events,Antisemitism,Pennsylvania,2024,6,2024-06,2
67106,2024-06-30,Slogans / Code words,Antisemitism,Illinois,2024,6,2024-06,2
69603,2024-06-30,Publications,Antisemitism,Michigan,2024,6,2024-06,2
66045,2024-06-29,Publications,Antisemitism,California,2024,6,2024-06,2
69604,2024-06-29,Slogans / Code words,Antisemitism,Massachusetts,2024,6,2024-06,2
69605,2024-06-29,Key Concepts / Definitions,Antisemitism,North Carolina,2024,6,2024-06,2
69606,2024-07-01,Incidents / Events,Antisemitism,New York,2024,7,2024-07,3
69607,2024-06-30,Slogans / Code words,Antisemitism,Ohio,2024,6,2024-06,2
66046,2024-06-25,Incidents / Events,Antisemitism,Ohio,2024,6,2024-06,2
66047,2024-06-25,Groups / Movements,Antisemitism,New York,2024,6,2024-06,2
69608,2024-07-01,Slogans / Code words,Antisemitism,New York,2024,7,2024-07,3
69609,2024-06-30,"Slogans / Code words, Conspiracy Theories",Antisemitism,Pennsylvania,2024,6,2024-06,2
66048,2024-06-15,Groups / Movements,Antisemitism,New Jersey,2024,6,2024-06,2
66049,2024-05-13,Groups / Movements,Antisemitism,New York,2024,5,2024-05,2
66050,2024-05-14,Numbers / Symbols,Antisemitism,New York,2024,5,2024-05,2
66051,2024-05-14,Numbers / Symbols,Antisemitism,New York,2024,5,2024-05,2
66052,2024-05-15,Numbers / Symbols,Antisemitism,New York,2024,5,2024-05,2
66053,2024-05-19,Numbers / Symbols,Antisemitism,New York,2024,5,2024-05,2
66054,2024-06-06,Numbers / Symbols,Antisemitism,New York,2024,6,2024-06,2
67122,2024-07-02,Slogans / Code words,Antisemitism,California,2024,7,2024-07,3
69611,2024-06-29,Slogans / Code words,Antisemitism,Illinois,2024,6,2024-06,2
67109,2024-07-01,Numbers / Symbols,Antisemitism,Illinois,2024,7,2024-07,3
69612,2024-07-02,Incidents / Events,Antisemitism,Virginia,2024,7,2024-07,3
67130,2024-07-03,Numbers / Symbols,Antisemitism,Louisiana,2024,7,2024-07,3
67134,2024-07-03,Groups / Movements,Antisemitism,Texas,2024,7,2024-07,3
66055,2024-06-26,Numbers / Symbols,Antisemitism,New York,2024,6,2024-06,2
67127,2024-07-02,Slogans / Code words,Antisemitism,New York,2024,7,2024-07,3
69613,2024-07-03,Numbers / Symbols,Antisemitism,New York,2024,7,2024-07,3
66056,2024-04-16,Numbers / Symbols,Antisemitism,California,2024,4,2024-04,2
66057,2024-06-27,Groups / Movements,Antisemitism,Arizona,2024,6,2024-06,2
66058,2024-06-16,Slogans / Code words,Antisemitism,California,2024,6,2024-06,2
69614,2024-07-04,Slogans / Code words,Antisemitism,New Jersey,2024,7,2024-07,3
67146,2024-07-05,Slogans / Code words,Antisemitism,Texas,2024,7,2024-07,3
67136,2024-07-04,Slogans / Code words,Antisemitism,Idaho,2024,7,2024-07,3
69615,2024-07-05,Numbers / Symbols,Antisemitism,Pennsylvania,2024,7,2024-07,3
66059,2024-06-25,Numbers / Symbols,Antisemitism,New York,2024,6,2024-06,2
67145,2024-07-05,Slogans / Code words,Antisemitism,Missouri,2024,7,2024-07,3
67144,2024-07-05,People,Antisemitism,Indiana,2024,7,2024-07,3
69616,2024-07-06,People,Antisemitism,New York,2024,7,2024-07,3
69617,2024-07-04,Numbers / Symbols,Antisemitism,Illinois,2024,7,2024-07,3
67151,2024-07-06,Numbers / Symbols,Antisemitism,Oregon,2024,7,2024-07,3
67152,2024-07-06,Numbers / Symbols,Antisemitism,Washington,2024,7,2024-07,3
69618,2024-07-06,People,Antisemitism,New York,2024,7,2024-07,3
69619,2024-07-07,People,Antisemitism,New York,2024,7,2024-07,3
67123,2024-07-02,"Conspiracy Theories, Publications",Antisemitism,Michigan,2024,7,2024-07,3
67124,2024-07-02,Slogans / Code words,Antisemitism,New York,2024,7,2024-07,3
67125,2024-07-02,Key Concepts / Definitions,Antisemitism,New York,2024,7,2024-07,3
69620,2024-07-06,Incidents / Events,Antisemitism,New York,2024,7,2024-07,3
67135,2024-07-04,Slogans / Code words,Antisemitism,Colorado,2024,7,2024-07,3
67137,2024-07-04,Slogans / Code words,Antisemitism,Massachusetts,2024,7,2024-07,3
66060,2024-06-20,Numbers / Symbols,Antisemitism,New York,2024,6,2024-06,2
69621,2024-07-03,Groups / Movements,Antisemitism,Pennsylvania,2024,7,2024-07,3
66789,2024-04-21,Publications,Antisemitism,Connecticut,2024,4,2024-04,2
66061,2024-04-13,Key Concepts / Definitions,Antisemitism,New York,2024,4,2024-04,2
66761,2024-04-10,Key Concepts / Definitions,Antisemitism,Pennsylvania,2024,4,2024-04,2
67158,2024-07-08,Numbers / Symbols,Antisemitism,Washington D.C.,2024,7,2024-07,3
66062,2024-04-13,Incidents / Events,Antisemitism,New York,2024,4,2024-04,2
66817,2024-04-27,Slogans / Code words,Antisemitism,Ohio,2024,4,2024-04,2
69622,2024-07-04,Groups / Movements,Antisemitism,Pennsylvania,2024,7,2024-07,3
66813,2024-04-27,Slogans / Code words,Antisemitism,New York,2024,4,2024-04,2
67163,2024-07-08,Slogans / Code words,Antisemitism,Washington,2024,7,2024-07,3
66063,2024-06-30,Slogans / Code words,Antisemitism,New York,2024,6,2024-06,2
67154,2024-07-07,Groups / Movements,Antisemitism,Oregon,2024,7,2024-07,3
69623,2024-07-08,Slogans / Code words,Antisemitism,Colorado,2024,7,2024-07,3
66064,2024-06-27,Numbers / Symbols,Antisemitism,New York,2024,6,2024-06,2
67131,2024-07-03,People,Antisemitism,New Jersey,2024,7,2024-07,3
69624,2024-07-08,Slogans / Code words,Antisemitism,New Jersey,2024,7,2024-07,3
66065,2024-06-18,Numbers / Symbols,Antisemitism,New Jersey,2024,6,2024-06,2
69626,2024-07-06,Groups / Movements,Antisemitism,New Jersey,2024,7,2024-07,3
67157,2024-07-08,Numbers / Symbols,Antisemitism,California,2024,7,2024-07,3
67168,2024-07-09,Slogans / Code words,Antisemitism,Massachusetts,2024,7,2024-07,3
67165,2024-07-09,People,Antisemitism,California,2024,7,2024-07,3
67166,2024-07-09,Slogans / Code words,Antisemitism,California,2024,7,2024-07,3
67169,2024-07-09,Slogans / Code words,Antisemitism,Maryland,2024,7,2024-07,3
67147,2024-07-06,Incidents / Events,Antisemitism,Maryland,2024,7,2024-07,3
66066,2024-06-25,Slogans / Code words,Antisemitism,California,2024,6,2024-06,2
67170,2024-07-09,Numbers / Symbols,Antisemitism,Texas,2024,7,2024-07,3
69627,2024-07-09,Slogans / Code words,Antisemitism,Connecticut,2024,7,2024-07,3
67149,2024-07-06,Groups / Movements,Antisemitism,New Jersey,2024,7,2024-07,3
67159,2024-07-08,Slogans / Code words,Antisemitism,New Jersey,2024,7,2024-07,3
69628,2024-04-26,Slogans / Code words,Antisemitism,Texas,2024,4,2024-04,2
64934,2024-04-25,Slogans / Code words,Antisemitism,Alabama,2024,4,2024-04,2
65093,2024-03-01,Slogans / Code words,Antisemitism,Wisconsin,2024,3,2024-03,1
64929,2024-04-16,Incidents / Events,Antisemitism,Michigan,2024,4,2024-04,2
64789,2024-03-12,Slogans / Code words,Antisemitism,Texas,2024,3,2024-03,1
66067,2024-05-02,Slogans / Code words,Antisemitism,Pennsylvania,2024,5,2024-05,2
65408,2024-05-01,Slogans / Code words,Antisemitism,Connecticut,2024,5,2024-05,2
66068,2024-05-04,Numbers / Symbols,Antisemitism,New York,2024,5,2024-05,2
64914,2024-04-27,Numbers / Symbols,Antisemitism,Indiana,2024,4,2024-04,2
64915,2024-04-30,Key Concepts / Definitions,Antisemitism,Indiana,2024,4,2024-04,2
65110,2024-03-11,Publications,Antisemitism,Massachusetts,2024,3,2024-03,1
65122,2024-03-20,Groups / Movements,Antisemitism,Massachusetts,2024,3,2024-03,1
65273,2024-04-25,Slogans / Code words,Antisemitism,New York,2024,4,2024-04,2
65253,2024-04-24,Groups / Movements,Antisemitism,New Jersey,2024,4,2024-04,2
69629,2024-04-29,"Slogans / Code words, Conspiracy Theories",Antisemitism,California,2024,4,2024-04,2
65292,2024-04-25,Slogans / Code words,Antisemitism,Illinois,2024,4,2024-04,2
65357,2024-04-29,Slogans / Code words,Antisemitism,California,2024,4,2024-04,2
69630,2024-04-30,People,Antisemitism,Pennsylvania,2024,4,2024-04,2
65152,2024-04-01,Key Concepts / Definitions,Antisemitism,New York,2024,4,2024-04,2
65199,2024-04-16,Slogans / Code words,Antisemitism,Illinois,2024,4,2024-04,2
65245,2024-04-22,Publications,Antisemitism,Illinois,2024,4,2024-04,2
69631,2024-04-25,Slogans / Code words,Antisemitism,New York,2024,4,2024-04,2
64911,2024-05-30,Numbers / Symbols,Antisemitism,Illinois,2024,5,2024-05,2
65108,2024-03-08,Slogans / Code words,Antisemitism,Florida,2024,3,2024-03,1
65300,2024-04-25,Numbers / Symbols,Antisemitism,Washington D.C.,2024,4,2024-04,2
65153,2024-04-02,Publications,Antisemitism,Massachusetts,2024,4,2024-04,2
65120,2024-03-19,Slogans / Code words,Antisemitism,Indiana,2024,3,2024-03,1
64923,2024-03-01,Numbers / Symbols,Antisemitism,Massachusetts,2024,3,2024-03,1
64924,2024-01-13,Numbers / Symbols,Antisemitism,New York,2024,1,2024-01,1
64947,2024-04-17,Key Concepts / Definitions,Antisemitism,South Carolina,2024,4,2024-04,2
65320,2024-04-26,Slogans / Code words,Antisemitism,Texas,2024,4,2024-04,2
65197,2024-04-15,Slogans / Code words,Antisemitism,Vermont,2024,4,2024-04,2
65312,2024-04-26,"Slogans / Code words, Conspiracy Theories",Antisemitism,Washington,2024,4,2024-04,2
65279,2024-04-25,Slogans / Code words,Antisemitism,Wisconsin,2024,4,2024-04,2
65156,2024-04-02,Tactics,Antisemitism,Minnesota,2024,4,2024-04,2
65172,2024-04-08,Groups / Movements,Antisemitism,Minnesota,2024,4,2024-04,2
65225,2024-04-21,Numbers / Symbols,Antisemitism,New York,2024,4,2024-04,2
69632,2024-04-25,Numbers / Symbols,Antisemitism,New Mexico,2024,4,2024-04,2
65286,2024-04-22,Groups / Movements,Antisemitism,New Mexico,2024,4,2024-04,2
65318,2024-04-26,Numbers / Symbols,Antisemitism,Arizona,2024,4,2024-04,2
69633,2024-04-29,Groups / Movements,Antisemitism,California,2024,4,2024-04,2
65176,2024-04-09,Publications,Antisemitism,Illinois,2024,4,2024-04,2
65179,2024-04-10,Slogans / Code words,Antisemitism,Georgia,2024,4,2024-04,2
65187,2024-04-14,Slogans / Code words,Antisemitism,Michigan,2024,4,2024-04,2
65145,2024-03-28,Slogans / Code words,Antisemitism,New Jersey,2024,3,2024-03,1
64922,2024-03-30,Numbers / Symbols,Antisemitism,Missouri,2024,3,2024-03,1
64926,2024-05-07,Numbers / Symbols,Antisemitism,California,2024,5,2024-05,2
64927,2024-05-02,Slogans / Code words,Antisemitism,California,2024,5,2024-05,2
65180,2024-04-11,Key Concepts / Definitions,Antisemitism,Georgia,2024,4,2024-04,2
65361,2024-04-29,Groups / Movements,Antisemitism,North Carolina,2024,4,2024-04,2
65213,2024-04-19,Slogans / Code words,Antisemitism,Ohio,2024,4,2024-04,2
65258,2024-04-24,Slogans / Code words,Antisemitism,Florida,2024,4,2024-04,2
65368,2024-04-29,Groups / Movements,Antisemitism,Texas,2024,4,2024-04,2
69634,2024-04-24,Groups / Movements,Antisemitism,Texas,2024,4,2024-04,2
69635,2024-04-24,Groups / Movements,Antisemitism,Louisiana,2024,4,2024-04,2
65250,2024-04-23,Slogans / Code words,Antisemitism,New York,2024,4,2024-04,2
65249,2024-04-23,Groups / Movements,Antisemitism,Minnesota,2024,4,2024-04,2
65234,2024-04-22,Numbers / Symbols,Antisemitism,California,2024,4,2024-04,2
65281,2024-04-25,People,Antisemitism,California,2024,4,2024-04,2
64937,2024-04-01,Groups / Movements,Antisemitism,Massachusetts,2024,4,2024-04,2
65228,2024-04-21,Groups / Movements,Antisemitism,Massachusetts,2024,4,2024-04,2
69636,2024-04-26,Slogans / Code words,Antisemitism,Massachusetts,2024,4,2024-04,2
65263,2024-04-24,Groups / Movements,Antisemitism,New York,2024,4,2024-04,2
69637,2024-04-29,Numbers / Symbols,Antisemitism,New York,2024,4,2024-04,2
64942,2024-04-04,Publications,Antisemitism,Ohio,2024,4,2024-04,2
65175,2024-04-08,Slogans / Code words,Antisemitism,Oregon,2024,4,2024-04,2
65166,2024-04-05,Incidents / Events,Antisemitism,Pennsylvania,2024,4,2024-04,2
65233,2024-04-22,Slogans / Code words,Antisemitism,Pennsylvania,2024,4,2024-04,2
69638,2024-04-25,Slogans / Code words,Antisemitism,Pennsylvania,2024,4,2024-04,2
65219,2024-04-19,Slogans / Code words,Antisemitism,Illinois,2024,4,2024-04,2
67174,2024-07-10,Slogans / Code words,Antisemitism,Illinois,2024,7,2024-07,3
67173,2024-07-10,Slogans / Code words,Antisemitism,Washington D.C.,2024,7,2024-07,3
67172,2024-07-10,Groups / Movements,Antisemitism,California,2024,7,2024-07,3
67179,2024-07-11,Numbers / Symbols,Antisemitism,Florida,2024,7,2024-07,3
67181,2024-07-11,Incidents / Events,Antisemitism,Nevada,2024,7,2024-07,3
67178,2024-07-11,Numbers / Symbols,Antisemitism,Washington D.C.,2024,7,2024-07,3
67177,2024-07-11,Slogans / Code words,Antisemitism,Colorado,2024,7,2024-07,3
67182,2024-07-11,Slogans / Code words,Antisemitism,Ohio,2024,7,2024-07,3
67183,2024-07-11,Incidents / Events,Antisemitism,Oregon,2024,7,2024-07,3
69639,2024-07-12,Slogans / Code words,Antisemitism,Washington,2024,7,2024-07,3
67184,2024-07-12,Numbers / Symbols,Antisemitism,California,2024,7,2024-07,3
67187,2024-07-12,Slogans / Code words,Antisemitism,Georgia,2024,7,2024-07,3
67185,2024-07-12,Numbers / Symbols,Antisemitism,California,2024,7,2024-07,3
67186,2024-07-12,Slogans / Code words,Antisemitism,California,2024,7,2024-07,3
67196,2024-07-13,Groups / Movements,Antisemitism,Tennessee,2024,7,2024-07,3
67193,2024-07-13,Groups / Movements,Antisemitism,Ohio,2024,7,2024-07,3
67201,2024-07-14,Numbers / Symbols,Antisemitism,Illinois,2024,7,2024-07,3
67198,2024-07-14,Numbers / Symbols,Antisemitism,California,2024,7,2024-07,3
69640,2024-07-08,Slogans / Code words,Antisemitism,New York,2024,7,2024-07,3
67197,2024-07-13,Groups / Movements,Antisemitism,Tennessee,2024,7,2024-07,3
67195,2024-07-13,Slogans / Code words,Antisemitism,Pennsylvania,2024,7,2024-07,3
67209,2024-07-15,Platforms / Sites,Antisemitism,Nevada,2024,7,2024-07,3
67208,2024-07-15,Slogans / Code words,Antisemitism,New Jersey,2024,7,2024-07,3
69641,2024-03-14,Slogans / Code words,Antisemitism,Michigan,2024,3,2024-03,1
65083,2024-02-27,Slogans / Code words,Antisemitism,California,2024,2,2024-02,1
65078,2024-02-26,Slogans / Code words,Antisemitism,California,2024,2,2024-02,1
67206,2024-07-15,Numbers / Symbols,Antisemitism,North Carolina,2024,7,2024-07,3
67190,2024-07-12,Incidents / Events,Antisemitism,Vermont,2024,7,2024-07,3
66069,2024-04-03,People,Antisemitism,California,2024,4,2024-04,2
67194,2024-07-13,Key Concepts / Definitions,Antisemitism,Pennsylvania,2024,7,2024-07,3
67200,2024-07-14,Slogans / Code words,Antisemitism,Connecticut,2024,7,2024-07,3
69642,2024-05-02,Slogans / Code words,Antisemitism,New York,2024,5,2024-05,2
64956,2024-05-15,Slogans / Code words,Antisemitism,Oregon,2024,5,2024-05,2
64957,2024-05-15,Slogans / Code words,Antisemitism,New York,2024,5,2024-05,2
64954,2024-05-06,Groups / Movements,Antisemitism,Ohio,2024,5,2024-05,2
65438,2024-05-02,Slogans / Code words,Antisemitism,California,2024,5,2024-05,2
64955,2024-05-09,People,Antisemitism,New York,2024,5,2024-05,2
69643,2024-05-03,Slogans / Code words,Antisemitism,Georgia,2024,5,2024-05,2
69644,2024-05-06,Slogans / Code words,Antisemitism,New York,2024,5,2024-05,2
69645,2024-05-06,People,Antisemitism,New York,2024,5,2024-05,2
64958,2024-05-01,Numbers / Symbols,Antisemitism,California,2024,5,2024-05,2
64959,2024-05-03,Slogans / Code words,Antisemitism,Washington,2024,5,2024-05,2
67210,2024-07-15,Numbers / Symbols,Antisemitism,Nevada,2024,7,2024-07,3
69646,2024-05-18,Groups / Movements,Antisemitism,Massachusetts,2024,5,2024-05,2
65515,2024-05-14,Slogans / Code words,Antisemitism,Washington,2024,5,2024-05,2
68180,2024-07-10,Publications,Antisemitism,New York,2024,7,2024-07,3
69647,2024-07-15,People,Antisemitism,Pennsylvania,2024,7,2024-07,3
69648,2024-07-15,Slogans / Code words,Antisemitism,Wisconsin,2024,7,2024-07,3
67212,2024-07-16,Groups / Movements,Antisemitism,Connecticut,2024,7,2024-07,3
69649,2024-07-14,Slogans / Code words,Antisemitism,New York,2024,7,2024-07,3
67204,2024-07-15,Slogans / Code words,Antisemitism,Illinois,2024,7,2024-07,3
67171,2024-07-10,Numbers / Symbols,Antisemitism,California,2024,7,2024-07,3
67213,2024-07-16,Slogans / Code words,Antisemitism,Tennessee,2024,7,2024-07,3
69650,2024-07-16,Incidents / Events,Antisemitism,Texas,2024,7,2024-07,3
67202,2024-07-14,Slogans / Code words,Antisemitism,Kentucky,2024,7,2024-07,3
67222,2024-07-17,Slogans / Code words,Antisemitism,New York,2024,7,2024-07,3
64960,2024-04-21,Slogans / Code words,Antisemitism,Pennsylvania,2024,4,2024-04,2
69651,2024-07-17,Slogans / Code words,Antisemitism,New York,2024,7,2024-07,3
67221,2024-07-17,Slogans / Code words,Antisemitism,New York,2024,7,2024-07,3
67217,2024-07-17,Key Concepts / Definitions,Antisemitism,California,2024,7,2024-07,3
67223,2024-07-17,Numbers / Symbols,Antisemitism,New York,2024,7,2024-07,3
67199,2024-07-14,Incidents / Events,Antisemitism,California,2024,7,2024-07,3
67164,2024-07-08,Numbers / Symbols,Antisemitism,Washington,2024,7,2024-07,3
69652,2024-07-17,Slogans / Code words,Antisemitism,Maryland,2024,7,2024-07,3
69653,2024-06-17,"Slogans / Code words, Conspiracy Theories",Antisemitism,California,2024,6,2024-06,2
69654,2024-07-02,Slogans / Code words,Antisemitism,Florida,2024,7,2024-07,3
66831,2024-04-30,Slogans / Code words,Antisemitism,Florida,2024,4,2024-04,2
69655,2024-03-12,Groups / Movements,Antisemitism,Washington D.C.,2024,3,2024-03,1
67232,2024-07-19,Numbers / Symbols,Antisemitism,Pennsylvania,2024,7,2024-07,3
67218,2024-07-17,Slogans / Code words,Antisemitism,California,2024,7,2024-07,3
67226,2024-07-18,Slogans / Code words,Antisemitism,Washington D.C.,2024,7,2024-07,3
67227,2024-07-18,Slogans / Code words,Antisemitism,Illinois,2024,7,2024-07,3
67128,2024-07-02,Slogans / Code words,Antisemitism,Pennsylvania,2024,7,2024-07,3
69657,2024-07-20,Slogans / Code words,Antisemitism,New York,2024,7,2024-07,3
69658,2024-07-21,Publications,Antisemitism,Illinois,2024,7,2024-07,3
67235,2024-07-20,Numbers / Symbols,Antisemitism,Michigan,2024,7,2024-07,3
67242,2024-07-22,Slogans / Code words,Antisemitism,Washington D.C.,2024,7,2024-07,3
66071,2024-06-10,Slogans / Code words,Antisemitism,California,2024,6,2024-06,2
67244,2024-07-22,Slogans / Code words,Antisemitism,Massachusetts,2024,7,2024-07,3
67246,2024-07-22,Incidents / Events,Antisemitism,Texas,2024,7,2024-07,3
67233,2024-07-20,Numbers / Symbols,Antisemitism,Maryland,2024,7,2024-07,3
64962,2024-05-05,Slogans / Code words,Antisemitism,Illinois,2024,5,2024-05,2
65401,2024-05-01,Slogans / Code words,Antisemitism,New Jersey,2024,5,2024-05,2
69659,2024-05-01,Slogans / Code words,Antisemitism,New York,2024,5,2024-05,2
64967,2024-05-22,Groups / Movements,Antisemitism,California,2024,5,2024-05,2
64968,2024-05-29,Slogans / Code words,Antisemitism,New York,2024,5,2024-05,2
64963,2024-05-09,People,Antisemitism,Ohio,2024,5,2024-05,2
64964,2024-05-11,Slogans / Code words,Antisemitism,Texas,2024,5,2024-05,2
65519,2024-05-15,Slogans / Code words,Antisemitism,Washington,2024,5,2024-05,2
64965,2024-05-16,Numbers / Symbols,Antisemitism,California,2024,5,2024-05,2
64966,2024-05-21,Slogans / Code words,Antisemitism,California,2024,5,2024-05,2
69660,2024-07-21,Slogans / Code words,Antisemitism,Colorado,2024,7,2024-07,3
67250,2024-07-23,Incidents / Events,Antisemitism,California,2024,7,2024-07,3
67255,2024-07-23,Slogans / Code words,Antisemitism,New York,2024,7,2024-07,3
67238,2024-07-21,Key Concepts / Definitions,Antisemitism,New York,2024,7,2024-07,3
69661,2024-07-24,Slogans / Code words,Antisemitism,New Jersey,2024,7,2024-07,3
67214,2024-07-16,Groups / Movements,Antisemitism,Tennessee,2024,7,2024-07,3
67215,2024-07-16,Groups / Movements,Antisemitism,Tennessee,2024,7,2024-07,3
69662,2024-07-24,Publications,Antisemitism,Wisconsin,2024,7,2024-07,3
67224,2024-07-18,Slogans / Code words,Antisemitism,California,2024,7,2024-07,3
67211,2024-07-16,Incidents / Events,Antisemitism,California,2024,7,2024-07,3
67225,2024-07-18,Slogans / Code words,Antisemitism,California,2024,7,2024-07,3
67262,2024-07-24,Incidents / Events,Antisemitism,Washington D.C.,2024,7,2024-07,3
69663,2024-06-09,Key Concepts / Definitions,Antisemitism,Nevada,2024,6,2024-06,2
66073,2024-06-26,Numbers / Symbols,Antisemitism,Maryland,2024,6,2024-06,2
66719,2024-03-06,Slogans / Code words,Antisemitism,Massachusetts,2024,3,2024-03,1
66725,2024-03-13,People,Antisemitism,Massachusetts,2024,3,2024-03,1
66074,2024-05-25,Slogans / Code words,Antisemitism,Massachusetts,2024,5,2024-05,2
69664,2024-07-24,Slogans / Code words,Antisemitism,Illinois,2024,7,2024-07,3
66677,2024-02-05,Numbers / Symbols,Antisemitism,Massachusetts,2024,2,2024-02,1
67240,2024-07-22,Numbers / Symbols,Antisemitism,California,2024,7,2024-07,3
67263,2024-07-24,Key Concepts / Definitions,Antisemitism,Iowa,2024,7,2024-07,3
67254,2024-07-23,Slogans / Code words,Antisemitism,New Jersey,2024,7,2024-07,3
67269,2024-07-26,Slogans / Code words,Antisemitism,California,2024,7,2024-07,3
67277,2024-07-27,Slogans / Code words,Antisemitism,Pennsylvania,2024,7,2024-07,3
67280,2024-07-28,Publications,Antisemitism,Rhode Island,2024,7,2024-07,3
67270,2024-07-26,Numbers / Symbols,Antisemitism,Connecticut,2024,7,2024-07,3
67271,2024-07-26,Incidents / Events,Antisemitism,Washington D.C.,2024,7,2024-07,3
67282,2024-07-29,Slogans / Code words,Antisemitism,Massachusetts,2024,7,2024-07,3
69665,2024-07-27,Slogans / Code words,Antisemitism,New York,2024,7,2024-07,3
67281,2024-07-29,Incidents / Events,Antisemitism,California,2024,7,2024-07,3
69666,2024-07-14,Incidents / Events,Antisemitism,California,2024,7,2024-07,3
67266,2024-07-25,Incidents / Events,Antisemitism,California,2024,7,2024-07,3
69667,2024-07-28,Numbers / Symbols,Antisemitism,Colorado,2024,7,2024-07,3
67256,2024-07-23,Numbers / Symbols,Antisemitism,New York,2024,7,2024-07,3
67189,2024-07-12,Slogans / Code words,Antisemitism,Rhode Island,2024,7,2024-07,3
67236,2024-07-20,Incidents / Events,Antisemitism,Oregon,2024,7,2024-07,3
67287,2024-07-29,Slogans / Code words,Antisemitism,New Jersey,2024,7,2024-07,3
67273,2024-07-26,Slogans / Code words,Antisemitism,North Carolina,2024,7,2024-07,3
69668,2024-07-28,Slogans / Code words,Antisemitism,New York,2024,7,2024-07,3
67257,2024-07-23,Slogans / Code words,Antisemitism,Pennsylvania,2024,7,2024-07,3
67301,2024-07-30,Numbers / Symbols,Antisemitism,Washington,2024,7,2024-07,3
67300,2024-07-30,Incidents / Events,Antisemitism,Oregon,2024,7,2024-07,3
67302,2024-07-30,Numbers / Symbols,Antisemitism,Washington,2024,7,2024-07,3
66895,2024-05-14,Key Concepts / Definitions,Antisemitism,Kentucky,2024,5,2024-05,2
66076,2024-05-15,Incidents / Events,Antisemitism,Michigan,2024,5,2024-05,2
66077,2024-05-15,Key Concepts / Definitions,Antisemitism,New York,2024,5,2024-05,2
69669,2024-05-04,Key Concepts / Definitions,Antisemitism,Colorado,2024,5,2024-05,2
66858,2024-05-08,Key Concepts / Definitions,Antisemitism,Florida,2024,5,2024-05,2
66863,2024-05-08,Key Concepts / Definitions,Antisemitism,Florida,2024,5,2024-05,2
66850,2024-05-08,Key Concepts / Definitions,Antisemitism,Florida,2024,5,2024-05,2
66865,2024-05-08,Incidents / Events,Antisemitism,Florida,2024,5,2024-05,2
66851,2024-05-08,Key Concepts / Definitions,Antisemitism,Florida,2024,5,2024-05,2
66860,2024-05-08,Key Concepts / Definitions,Antisemitism,Florida,2024,5,2024-05,2
66861,2024-05-08,Key Concepts / Definitions,Antisemitism,Florida,2024,5,2024-05,2
66867,2024-05-08,Numbers / Symbols,Antisemitism,Florida,2024,5,2024-05,2
66078,2024-05-09,Groups / Movements,Antisemitism,Pennsylvania,2024,5,2024-05,2
66900,2024-05-16,"Slogans / Code words, Key Concepts / Definitions",Antisemitism,Kentucky,2024,5,2024-05,2
66079,2024-05-14,Numbers / Symbols,Antisemitism,Utah,2024,5,2024-05,2
69670,2024-05-16,Slogans / Code words,Antisemitism,Tennessee,2024,5,2024-05,2
66080,2024-05-10,Groups / Movements,Antisemitism,Pennsylvania,2024,5,2024-05,2
66081,2024-05-14,Slogans / Code words,Antisemitism,California,2024,5,2024-05,2
67296,2024-07-30,Slogans / Code words,Antisemitism,Kentucky,2024,7,2024-07,3
66907,2024-05-18,Publications,Antisemitism,New Jersey,2024,5,2024-05,2
66906,2024-05-18,Numbers / Symbols,Antisemitism,New Jersey,2024,5,2024-05,2
66082,2024-05-15,Conspiracy Theories,Antisemitism,Texas,2024,5,2024-05,2
66083,2024-05-02,Slogans / Code words,Antisemitism,Washington D.C.,2024,5,2024-05,2
66084,2024-05-02,Key Concepts / Definitions,Antisemitism,Rhode Island,2024,5,2024-05,2
66085,2024-05-17,"Slogans / Code words, Conspiracy Theories",Antisemitism,Pennsylvania,2024,5,2024-05,2
66825,2024-04-29,People,Antisemitism,Colorado,2024,4,2024-04,2
66086,2024-05-01,Groups / Movements,Antisemitism,Missouri,2024,5,2024-05,2
66087,2024-05-10,People,Antisemitism,Pennsylvania,2024,5,2024-05,2
66927,2024-05-25,Groups / Movements,Antisemitism,Oregon,2024,5,2024-05,2
69671,2024-05-31,Groups / Movements,Antisemitism,Pennsylvania,2024,5,2024-05,2
66088,2024-05-10,Numbers / Symbols,Antisemitism,California,2024,5,2024-05,2
66089,2024-05-20,Groups / Movements,Antisemitism,Pennsylvania,2024,5,2024-05,2
69672,2024-05-12,Incidents / Events,Antisemitism,New York,2024,5,2024-05,2
66838,2024-05-05,Slogans / Code words,Antisemitism,Colorado,2024,5,2024-05,2
66090,2024-05-05,Slogans / Code words,Antisemitism,Massachusetts,2024,5,2024-05,2
66091,2024-05-05,Slogans / Code words,Antisemitism,Pennsylvania,2024,5,2024-05,2
69673,2024-05-08,"Slogans / Code words, Key Concepts / Definitions",Antisemitism,Florida,2024,5,2024-05,2
69674,2024-04-24,Slogans / Code words,Antisemitism,Georgia,2024,4,2024-04,2
69675,2024-05-22,Key Concepts / Definitions,Antisemitism,Georgia,2024,5,2024-05,2
66864,2024-05-08,Key Concepts / Definitions,Antisemitism,Florida,2024,5,2024-05,2
66866,2024-05-08,Incidents / Events,Antisemitism,Florida,2024,5,2024-05,2
66852,2024-05-08,Key Concepts / Definitions,Antisemitism,Florida,2024,5,2024-05,2
66855,2024-05-08,Key Concepts / Definitions,Antisemitism,Florida,2024,5,2024-05,2
66092,2024-05-09,Groups / Movements,Antisemitism,Massachusetts,2024,5,2024-05,2
66093,2024-05-08,Key Concepts / Definitions,Antisemitism,Florida,2024,5,2024-05,2
66859,2024-05-08,Key Concepts / Definitions,Antisemitism,Florida,2024,5,2024-05,2
66853,2024-05-08,Key Concepts / Definitions,Antisemitism,Florida,2024,5,2024-05,2
69676,2024-05-09,Slogans / Code words,Antisemitism,California,2024,5,2024-05,2
66094,2024-06-03,Numbers / Symbols,Antisemitism,Pennsylvania,2024,6,2024-06,2
66095,2024-05-20,Incidents / Events,Antisemitism,Nevada,2024,5,2024-05,2
66096,2024-05-16,Slogans / Code words,Antisemitism,Utah,2024,5,2024-05,2
69677,2024-05-18,Slogans / Code words,Antisemitism,Tennessee,2024,5,2024-05,2
69678,2024-05-25,Publications,Antisemitism,Pennsylvania,2024,5,2024-05,2
69679,2024-05-02,Slogans / Code words,Antisemitism,Pennsylvania,2024,5,2024-05,2
66931,2024-05-28,Numbers / Symbols,Antisemitism,Ohio,2024,5,2024-05,2
69680,2024-05-28,Groups / Movements,Antisemitism,South Carolina,2024,5,2024-05,2
69681,2024-05-16,Publications,Antisemitism,New Jersey,2024,5,2024-05,2
66928,2024-05-27,Slogans / Code words,Antisemitism,Colorado,2024,5,2024-05,2
66097,2024-05-28,"Slogans / Code words, Conspiracy Theories",Antisemitism,Washington,2024,5,2024-05,2
66846,2024-05-08,Key Concepts / Definitions,Antisemitism,Florida,2024,5,2024-05,2
66868,2024-05-08,Key Concepts / Definitions,Antisemitism,Florida,2024,5,2024-05,2
66857,2024-05-08,Key Concepts / Definitions,Antisemitism,Florida,2024,5,2024-05,2
66854,2024-05-08,Key Concepts / Definitions,Antisemitism,Florida,2024,5,2024-05,2
66098,2024-05-15,Incidents / Events,Antisemitism,California,2024,5,2024-05,2
66869,2024-05-08,Key Concepts / Definitions,Antisemitism,Florida,2024,5,2024-05,2
66862,2024-05-08,Key Concepts / Definitions,Antisemitism,Florida,2024,5,2024-05,2
66856,2024-05-08,Key Concepts / Definitions,Antisemitism,Florida,2024,5,2024-05,2
66099,2024-05-07,Incidents / Events,Antisemitism,Rhode Island,2024,5,2024-05,2
66100,2024-05-07,People,Antisemitism,Massachusetts,2024,5,2024-05,2
66848,2024-05-07,Groups / Movements,Antisemitism,Texas,2024,5,2024-05,2
69682,2024-04-08,Numbers / Symbols,Antisemitism,South Carolina,2024,4,2024-04,2
66909,2024-05-19,Key Concepts / Definitions,Antisemitism,Pennsylvania,2024,5,2024-05,2
66101,2024-05-18,Key Concepts / Definitions,Antisemitism,Washington,2024,5,2024-05,2
66102,2024-05-12,Numbers / Symbols,Antisemitism,Nevada,2024,5,2024-05,2
66887,2024-05-12,Publications,Antisemitism,Tennessee,2024,5,2024-05,2
66888,2024-05-13,"Slogans / Code words, Conspiracy Theories",Antisemitism,California,2024,5,2024-05,2
69683,2024-05-15,Groups / Movements,Antisemitism,Michigan,2024,5,2024-05,2
66892,2024-05-13,Key Concepts / Definitions,Antisemitism,Florida,2024,5,2024-05,2
66103,2024-05-13,Key Concepts / Definitions,Antisemitism,Virginia,2024,5,2024-05,2
66889,2024-05-13,Incidents / Events,Antisemitism,Florida,2024,5,2024-05,2
69684,2024-05-13,Key Concepts / Definitions,Antisemitism,Alabama,2024,5,2024-05,2
66891,2024-05-13,Key Concepts / Definitions,Antisemitism,Florida,2024,5,2024-05,2
66890,2024-05-13,Incidents / Events,Antisemitism,Florida,2024,5,2024-05,2
66104,2024-05-08,Slogans / Code words,Antisemitism,Maryland,2024,5,2024-05,2
66105,2024-05-11,Slogans / Code words,Antisemitism,California,2024,5,2024-05,2
66106,2024-05-14,Incidents / Events,Antisemitism,California,2024,5,2024-05,2
66107,2024-05-10,Slogans / Code words,Antisemitism,Arizona,2024,5,2024-05,2
66935,2024-05-29,Incidents / Events,Antisemitism,Ohio,2024,5,2024-05,2
66108,2024-05-27,Key Concepts / Definitions,Antisemitism,Washington,2024,5,2024-05,2
66109,2024-05-31,Incidents / Events,Antisemitism,Utah,2024,5,2024-05,2
69685,2024-07-31,Slogans / Code words,Antisemitism,Indiana,2024,7,2024-07,3
67305,2024-07-31,"Slogans / Code words, Conspiracy Theories",Antisemitism,New York,2024,7,2024-07,3
66110,2024-06-17,Slogans / Code words,Antisemitism,New Jersey,2024,6,2024-06,2
67298,2024-07-30,Slogans / Code words,Antisemitism,Maryland,2024,7,2024-07,3
67265,2024-07-24,Numbers / Symbols,Antisemitism,Virginia,2024,7,2024-07,3
66785,2024-04-20,Incidents / Events,Antisemitism,California,2024,4,2024-04,2
67288,2024-07-29,Publications,Antisemitism,New York,2024,7,2024-07,3
66649,2024-01-06,Numbers / Symbols,Antisemitism,Pennsylvania,2024,1,2024-01,1
66650,2024-01-07,Numbers / Symbols,Antisemitism,Pennsylvania,2024,1,2024-01,1
66651,2024-01-07,Incidents / Events,Antisemitism,Pennsylvania,2024,1,2024-01,1
66684,2024-02-08,Groups / Movements,Antisemitism,Pennsylvania,2024,2,2024-02,1
66660,2024-01-18,Key Concepts / Definitions,Antisemitism,Pennsylvania,2024,1,2024-01,1
66762,2024-04-10,Slogans / Code words,Antisemitism,Pennsylvania,2024,4,2024-04,2
66672,2024-02-01,Numbers / Symbols,Antisemitism,Pennsylvania,2024,2,2024-02,1
66111,2024-06-02,Numbers / Symbols,Antisemitism,Washington D.C.,2024,6,2024-06,2
66771,2024-04-13,Key Concepts / Definitions,Antisemitism,Pennsylvania,2024,4,2024-04,2
66112,2024-05-16,Slogans / Code words,Antisemitism,Pennsylvania,2024,5,2024-05,2
69686,2024-03-13,Slogans / Code words,Antisemitism,Pennsylvania,2024,3,2024-03,1
66113,2024-06-15,Numbers / Symbols,Antisemitism,Pennsylvania,2024,6,2024-06,2
66114,2024-06-12,Numbers / Symbols,Antisemitism,Pennsylvania,2024,6,2024-06,2
67312,2024-08-02,Numbers / Symbols,Antisemitism,Florida,2024,8,2024-08,3
67317,2024-08-03,Slogans / Code words,Antisemitism,California,2024,8,2024-08,3
67318,2024-08-03,Slogans / Code words,Antisemitism,California,2024,8,2024-08,3
67321,2024-08-04,Groups / Movements,Antisemitism,New York,2024,8,2024-08,3
67320,2024-08-04,Incidents / Events,Antisemitism,Illinois,2024,8,2024-08,3
66668,2024-01-31,Key Concepts / Definitions,Antisemitism,Pennsylvania,2024,1,2024-01,1
66776,2024-04-15,Slogans / Code words,Antisemitism,Pennsylvania,2024,4,2024-04,2
69687,2024-06-22,Numbers / Symbols,Antisemitism,Pennsylvania,2024,6,2024-06,2
66803,2024-04-25,People,Antisemitism,Pennsylvania,2024,4,2024-04,2
66695,2024-02-16,Numbers / Symbols,Antisemitism,Pennsylvania,2024,2,2024-02,1
67315,2024-08-02,Slogans / Code words,Antisemitism,New Jersey,2024,8,2024-08,3
67188,2024-07-12,Publications,Antisemitism,New York,2024,7,2024-07,3
67313,2024-08-02,Incidents / Events,Antisemitism,Georgia,2024,8,2024-08,3
67325,2024-08-05,"Slogans / Code words, Key Concepts / Definitions",Antisemitism,South Carolina,2024,8,2024-08,3
67319,2024-08-03,Groups / Movements,Antisemitism,Massachusetts,2024,8,2024-08,3
69688,2024-07-30,People,Antisemitism,New Mexico,2024,7,2024-07,3
67310,2024-08-01,Slogans / Code words,Antisemitism,Pennsylvania,2024,8,2024-08,3
69689,2024-06-20,Numbers / Symbols,Antisemitism,Georgia,2024,6,2024-06,2
69690,2024-08-04,Numbers / Symbols,Antisemitism,New York,2024,8,2024-08,3
67311,2024-08-02,People,Antisemitism,California,2024,8,2024-08,3
67307,2024-08-01,Groups / Movements,Antisemitism,California,2024,8,2024-08,3
69691,2024-08-05,Incidents / Events,Antisemitism,Maryland,2024,8,2024-08,3
67328,2024-08-07,Numbers / Symbols,Antisemitism,Illinois,2024,8,2024-08,3
69692,2024-08-07,Numbers / Symbols,Antisemitism,California,2024,8,2024-08,3
66707,2024-02-27,Groups / Movements,Antisemitism,Arizona,2024,2,2024-02,1
67331,2024-08-07,People,Antisemitism,New York,2024,8,2024-08,3
69693,2024-08-04,People,Antisemitism,Maryland,2024,8,2024-08,3
66643,2024-01-02,Numbers / Symbols,Antisemitism,Arizona,2024,1,2024-01,1
66741,2024-04-01,Numbers / Symbols,Antisemitism,Massachusetts,2024,4,2024-04,2
66690,2024-02-13,Numbers / Symbols,Antisemitism,Massachusetts,2024,2,2024-02,1
66722,2024-03-08,Numbers / Symbols,Antisemitism,Massachusetts,2024,3,2024-03,1
67327,2024-08-07,Slogans / Code words,Antisemitism,Florida,2024,8,2024-08,3
69694,2024-06-01,Slogans / Code words,Antisemitism,Colorado,2024,6,2024-06,2
67323,2024-08-05,Incidents / Events,Antisemitism,Colorado,2024,8,2024-08,3
66847,2024-05-07,Slogans / Code words,Antisemitism,New York,2024,5,2024-05,2
69695,2024-08-08,Slogans / Code words,Antisemitism,Michigan,2024,8,2024-08,3
69696,2024-08-08,Groups / Movements,Antisemitism,New Jersey,2024,8,2024-08,3
67349,2024-08-09,Slogans / Code words,Antisemitism,Florida,2024,8,2024-08,3
67347,2024-08-09,Slogans / Code words,Antisemitism,Maryland,2024,8,2024-08,3
69697,2024-08-10,Slogans / Code words,Antisemitism,Massachusetts,2024,8,2024-08,3
67358,2024-08-11,Incidents / Events,Antisemitism,Maryland,2024,8,2024-08,3
67346,2024-08-09,People,Antisemitism,Maryland,2024,8,2024-08,3
67356,2024-08-11,Numbers / Symbols,Antisemitism,Illinois,2024,8,2024-08,3
69699,2024-07-12,People,Antisemitism,New Jersey,2024,7,2024-07,3
69700,2024-07-22,Key Concepts / Definitions,Antisemitism,New Jersey,2024,7,2024-07,3
69702,2024-07-14,"Slogans / Code words, Key Concepts / Definitions",Antisemitism,New Jersey,2024,7,2024-07,3
69703,2024-07-10,People,Antisemitism,New Jersey,2024,7,2024-07,3
67253,2024-07-23,Groups / Movements,Antisemitism,New Jersey,2024,7,2024-07,3
67268,2024-07-25,Numbers / Symbols,Antisemitism,New Jersey,2024,7,2024-07,3
69704,2024-08-11,Numbers / Symbols,Antisemitism,Connecticut,2024,8,2024-08,3
66760,2024-04-10,Groups / Movements,Antisemitism,Pennsylvania,2024,4,2024-04,2
67332,2024-08-07,Slogans / Code words,Antisemitism,Ohio,2024,8,2024-08,3
67345,2024-08-09,Numbers / Symbols,Antisemitism,Massachusetts,2024,8,2024-08,3
69705,2024-07-15,Slogans / Code words,Antisemitism,New Jersey,2024,7,2024-07,3
69706,2024-08-12,Groups / Movements,Antisemitism,Arizona,2024,8,2024-08,3
66714,2024-03-04,Slogans / Code words,Antisemitism,California,2024,3,2024-03,1
66763,2024-04-11,Slogans / Code words,Antisemitism,California,2024,4,2024-04,2
66843,2024-05-06,Tactics,Antisemitism,Pennsylvania,2024,5,2024-05,2
69707,2024-06-06,Key Concepts / Definitions,Antisemitism,Pennsylvania,2024,6,2024-06,2
67341,2024-08-09,Key Concepts / Definitions,Antisemitism,Washington D.C.,2024,8,2024-08,3
67350,2024-08-09,Key Concepts / Definitions,Antisemitism,Virginia,2024,8,2024-08,3
67364,2024-08-12,Slogans / Code words,Antisemitism,Georgia,2024,8,2024-08,3
67362,2024-08-12,Slogans / Code words,Antisemitism,California,2024,8,2024-08,3
67339,2024-08-09,Numbers / Symbols,Antisemitism,California,2024,8,2024-08,3
67340,2024-08-09,People,Antisemitism,California,2024,8,2024-08,3
67379,2024-08-13,Slogans / Code words,Antisemitism,New York,2024,8,2024-08,3
69708,2024-08-13,Slogans / Code words,Antisemitism,Washington,2024,8,2024-08,3
66115,2024-06-04,Key Concepts / Definitions,Antisemitism,New York,2024,6,2024-06,2
66116,2024-06-06,Numbers / Symbols,Antisemitism,Arkansas,2024,6,2024-06,2
66117,2024-06-15,Incidents / Events,Antisemitism,New York,2024,6,2024-06,2
66118,2024-06-17,Key Concepts / Definitions,Antisemitism,Ohio,2024,6,2024-06,2
67115,2024-07-01,Slogans / Code words,Antisemitism,New York,2024,7,2024-07,3
67129,2024-07-02,Key Concepts / Definitions,Antisemitism,Pennsylvania,2024,7,2024-07,3
67375,2024-08-13,Numbers / Symbols,Antisemitism,Indiana,2024,8,2024-08,3
69709,2024-08-13,Key Concepts / Definitions,Antisemitism,Washington D.C.,2024,8,2024-08,3
67376,2024-08-13,Slogans / Code words,Antisemitism,Maryland,2024,8,2024-08,3
67336,2024-08-08,"Slogans / Code words, Key Concepts / Definitions",Antisemitism,New York,2024,8,2024-08,3
67381,2024-08-14,Groups / Movements,Antisemitism,Maryland,2024,8,2024-08,3
67390,2024-08-15,Slogans / Code words,Antisemitism,Indiana,2024,8,2024-08,3
69710,2024-08-15,Publications,Antisemitism,West Virginia,2024,8,2024-08,3
67316,2024-08-02,Groups / Movements,Antisemitism,New York,2024,8,2024-08,3
67333,2024-08-08,Incidents / Events,Antisemitism,California,2024,8,2024-08,3
67398,2024-08-16,Numbers / Symbols,Antisemitism,California,2024,8,2024-08,3
67401,2024-08-16,Numbers / Symbols,Antisemitism,Nebraska,2024,8,2024-08,3
67396,2024-08-15,"Key Concepts / Definitions, Tactics",Antisemitism,New York,2024,8,2024-08,3
67436,2024-08-18,Slogans / Code words,Antisemitism,New Hampshire,2024,8,2024-08,3
67435,2024-08-18,Groups / Movements,Antisemitism,Nebraska,2024,8,2024-08,3
67399,2024-08-16,Slogans / Code words,Antisemitism,Massachusetts,2024,8,2024-08,3
67440,2024-08-18,Slogans / Code words,Antisemitism,Washington,2024,8,2024-08,3
67429,2024-08-17,Slogans / Code words,Antisemitism,Washington D.C.,2024,8,2024-08,3
66120,2024-06-27,"Slogans / Code words, Key Concepts / Definitions",Antisemitism,New York,2024,6,2024-06,2
66121,2024-06-26,Groups / Movements,Antisemitism,New York,2024,6,2024-06,2
66122,2024-06-23,Slogans / Code words,Antisemitism,New York,2024,6,2024-06,2
66123,2024-06-23,"People, Incidents / Events",Antisemitism,New York,2024,6,2024-06,2
66124,2024-06-22,Slogans / Code words,Antisemitism,New York,2024,6,2024-06,2
66125,2024-06-19,People,Antisemitism,New York,2024,6,2024-06,2
69711,2024-06-19,Slogans / Code words,Antisemitism,New York,2024,6,2024-06,2
66874,2024-05-09,Numbers / Symbols,Antisemitism,New York,2024,5,2024-05,2
66875,2024-05-09,Numbers / Symbols,Antisemitism,New York,2024,5,2024-05,2
66879,2024-05-09,Numbers / Symbols,Antisemitism,New York,2024,5,2024-05,2
66876,2024-05-09,Incidents / Events,Antisemitism,New York,2024,5,2024-05,2
66877,2024-05-09,Incidents / Events,Antisemitism,New York,2024,5,2024-05,2
66878,2024-05-09,Incidents / Events,Antisemitism,New York,2024,5,2024-05,2
66841,2024-05-06,Incidents / Events,Antisemitism,New York,2024,5,2024-05,2
66842,2024-05-06,Numbers / Symbols,Antisemitism,New York,2024,5,2024-05,2
66835,2024-05-03,Numbers / Symbols,Antisemitism,New York,2024,5,2024-05,2
66834,2024-05-02,Numbers / Symbols,Antisemitism,New York,2024,5,2024-05,2
66782,2024-04-19,Slogans / Code words,Antisemitism,New York,2024,4,2024-04,2
66783,2024-04-19,Numbers / Symbols,Antisemitism,New York,2024,4,2024-04,2
66773,2024-04-15,Key Concepts / Definitions,Antisemitism,New York,2024,4,2024-04,2
66775,2024-04-15,Groups / Movements,Antisemitism,New York,2024,4,2024-04,2
66767,2024-04-12,Slogans / Code words,Antisemitism,New York,2024,4,2024-04,2
66768,2024-04-12,Numbers / Symbols,Antisemitism,New York,2024,4,2024-04,2
66769,2024-04-12,Numbers / Symbols,Antisemitism,New York,2024,4,2024-04,2
66126,2024-05-29,Numbers / Symbols,Antisemitism,New York,2024,5,2024-05,2
66127,2024-06-17,Numbers / Symbols,Antisemitism,New York,2024,6,2024-06,2
66129,2024-06-13,Numbers / Symbols,Antisemitism,New York,2024,6,2024-06,2
66130,2024-06-13,Incidents / Events,Antisemitism,New York,2024,6,2024-06,2
66932,2024-05-29,People,Antisemitism,New York,2024,5,2024-05,2
66933,2024-05-29,"Key Concepts / Definitions, Tactics",Antisemitism,New York,2024,5,2024-05,2
66930,2024-05-28,Slogans / Code words,Antisemitism,New York,2024,5,2024-05,2
66926,2024-05-25,Groups / Movements,Antisemitism,New York,2024,5,2024-05,2
66924,2024-05-24,Numbers / Symbols,Antisemitism,New York,2024,5,2024-05,2
66922,2024-05-23,Numbers / Symbols,Antisemitism,New York,2024,5,2024-05,2
66920,2024-05-22,Incidents / Events,Antisemitism,New York,2024,5,2024-05,2
66919,2024-05-22,Numbers / Symbols,Antisemitism,New York,2024,5,2024-05,2
66918,2024-05-22,Slogans / Code words,Antisemitism,New York,2024,5,2024-05,2
66132,2024-06-05,"Slogans / Code words, Key Concepts / Definitions",Antisemitism,New York,2024,6,2024-06,2
66134,2024-06-03,Numbers / Symbols,Antisemitism,New York,2024,6,2024-06,2
66135,2024-06-03,Slogans / Code words,Antisemitism,New York,2024,6,2024-06,2
66136,2024-06-03,Numbers / Symbols,Antisemitism,New York,2024,6,2024-06,2
66137,2024-06-03,Slogans / Code words,Antisemitism,New York,2024,6,2024-06,2
66138,2024-06-02,Slogans / Code words,Antisemitism,New York,2024,6,2024-06,2
66939,2024-05-31,Numbers / Symbols,Antisemitism,New York,2024,5,2024-05,2
66938,2024-05-31,Numbers / Symbols,Antisemitism,New York,2024,5,2024-05,2
66934,2024-05-29,Numbers / Symbols,Antisemitism,New York,2024,5,2024-05,2
69712,2024-05-15,Incidents / Events,Antisemitism,New York,2024,5,2024-05,2
66898,2024-05-15,Incidents / Events,Antisemitism,New York,2024,5,2024-05,2
66896,2024-05-14,Numbers / Symbols,Antisemitism,New York,2024,5,2024-05,2
66893,2024-05-13,Numbers / Symbols,Antisemitism,New York,2024,5,2024-05,2
66894,2024-05-13,Publications,Antisemitism,New York,2024,5,2024-05,2
66883,2024-05-10,Numbers / Symbols,Antisemitism,New York,2024,5,2024-05,2
66882,2024-05-10,Numbers / Symbols,Antisemitism,New York,2024,5,2024-05,2
66815,2024-04-27,Slogans / Code words,Antisemitism,New York,2024,4,2024-04,2
66816,2024-04-27,Numbers / Symbols,Antisemitism,New York,2024,4,2024-04,2
66807,2024-04-26,Publications,Antisemitism,New York,2024,4,2024-04,2
66808,2024-04-26,Numbers / Symbols,Antisemitism,New York,2024,4,2024-04,2
66802,2024-04-25,People,Antisemitism,New York,2024,4,2024-04,2
66794,2024-04-23,People,Antisemitism,New York,2024,4,2024-04,2
66784,2024-04-19,Numbers / Symbols,Antisemitism,New York,2024,4,2024-04,2
66914,2024-05-21,Numbers / Symbols,Antisemitism,New York,2024,5,2024-05,2
66913,2024-05-21,Groups / Movements,Antisemitism,New York,2024,5,2024-05,2
66912,2024-05-21,Numbers / Symbols,Antisemitism,New York,2024,5,2024-05,2
66915,2024-05-21,Numbers / Symbols,Antisemitism,New York,2024,5,2024-05,2
66916,2024-05-21,Numbers / Symbols,Antisemitism,New York,2024,5,2024-05,2
66910,2024-05-20,Incidents / Events,Antisemitism,New York,2024,5,2024-05,2
69713,2024-05-17,People,Antisemitism,New York,2024,5,2024-05,2
66904,2024-05-17,Numbers / Symbols,Antisemitism,New York,2024,5,2024-05,2
66901,2024-05-16,Numbers / Symbols,Antisemitism,New York,2024,5,2024-05,2
69714,2024-06-12,Slogans / Code words,Antisemitism,New York,2024,6,2024-06,2
66139,2024-06-11,Numbers / Symbols,Antisemitism,New York,2024,6,2024-06,2
66140,2024-06-11,Numbers / Symbols,Antisemitism,New York,2024,6,2024-06,2
66141,2024-06-11,Numbers / Symbols,Antisemitism,New York,2024,6,2024-06,2
66142,2024-06-11,"Slogans / Code words, Key Concepts / Definitions",Antisemitism,New York,2024,6,2024-06,2
66143,2024-06-10,Numbers / Symbols,Antisemitism,New York,2024,6,2024-06,2
66144,2024-06-25,Slogans / Code words,Antisemitism,New York,2024,6,2024-06,2
66958,2024-06-06,Key Concepts / Definitions,Antisemitism,New York,2024,6,2024-06,2
66765,2024-04-11,Numbers / Symbols,Antisemitism,New York,2024,4,2024-04,2
66751,2024-04-07,Incidents / Events,Antisemitism,New York,2024,4,2024-04,2
66746,2024-04-03,Numbers / Symbols,Antisemitism,New York,2024,4,2024-04,2
67418,2024-08-17,Key Concepts / Definitions,Antisemitism,California,2024,8,2024-08,3
67406,2024-08-17,Groups / Movements,Antisemitism,California,2024,8,2024-08,3
67419,2024-08-17,Incidents / Events,Antisemitism,California,2024,8,2024-08,3
69717,2024-08-09,Publications,Antisemitism,California,2024,8,2024-08,3
67447,2024-08-19,Platforms / Sites,Antisemitism,Missouri,2024,8,2024-08,3
69718,2024-08-19,Publications,Antisemitism,Illinois,2024,8,2024-08,3
67443,2024-08-19,Slogans / Code words,Antisemitism,Washington D.C.,2024,8,2024-08,3
67309,2024-08-01,Key Concepts / Definitions,Antisemitism,New Jersey,2024,8,2024-08,3
67150,2024-07-06,Numbers / Symbols,Antisemitism,New York,2024,7,2024-07,3
67299,2024-07-30,Key Concepts / Definitions,Antisemitism,New Jersey,2024,7,2024-07,3
67405,2024-08-17,Key Concepts / Definitions,Antisemitism,California,2024,8,2024-08,3
67409,2024-08-17,Key Concepts / Definitions,Antisemitism,California,2024,8,2024-08,3
67428,2024-08-17,Key Concepts / Definitions,Antisemitism,California,2024,8,2024-08,3
67410,2024-08-17,Key Concepts / Definitions,Antisemitism,California,2024,8,2024-08,3
67423,2024-08-17,Key Concepts / Definitions,Antisemitism,California,2024,8,2024-08,3
67407,2024-08-17,Key Concepts / Definitions,Antisemitism,California,2024,8,2024-08,3
67417,2024-08-17,Key Concepts / Definitions,Antisemitism,California,2024,8,2024-08,3
67416,2024-08-17,Key Concepts / Definitions,Antisemitism,California,2024,8,2024-08,3
67422,2024-08-17,Key Concepts / Definitions,Antisemitism,California,2024,8,2024-08,3
67420,2024-08-17,Incidents / Events,Antisemitism,California,2024,8,2024-08,3
67415,2024-08-17,Incidents / Events,Antisemitism,California,2024,8,2024-08,3
67414,2024-08-17,Key Concepts / Definitions,Antisemitism,California,2024,8,2024-08,3
67413,2024-08-17,Key Concepts / Definitions,Antisemitism,California,2024,8,2024-08,3
66145,2024-06-17,Key Concepts / Definitions,Antisemitism,Florida,2024,6,2024-06,2
67421,2024-08-17,Incidents / Events,Antisemitism,California,2024,8,2024-08,3
67412,2024-08-17,Key Concepts / Definitions,Antisemitism,California,2024,8,2024-08,3
67427,2024-08-17,Key Concepts / Definitions,Antisemitism,California,2024,8,2024-08,3
69720,2024-06-15,People,Antisemitism,Michigan,2024,6,2024-06,2
66146,2024-06-22,People,Antisemitism,Michigan,2024,6,2024-06,2
69721,2024-06-29,People,Antisemitism,Michigan,2024,6,2024-06,2
67148,2024-07-06,People,Antisemitism,Michigan,2024,7,2024-07,3
67192,2024-07-13,People,Antisemitism,Michigan,2024,7,2024-07,3
67234,2024-07-20,People,Antisemitism,Michigan,2024,7,2024-07,3
67274,2024-07-27,People,Antisemitism,Michigan,2024,7,2024-07,3
67456,2024-08-20,Slogans / Code words,Antisemitism,Washington,2024,8,2024-08,3
69722,2024-08-19,Slogans / Code words,Antisemitism,Illinois,2024,8,2024-08,3
66749,2024-04-06,People,Antisemitism,Michigan,2024,4,2024-04,2
66770,2024-04-13,People,Antisemitism,Michigan,2024,4,2024-04,2
66787,2024-04-20,People,Antisemitism,Michigan,2024,4,2024-04,2
66810,2024-04-27,People,Antisemitism,Michigan,2024,4,2024-04,2
66837,2024-05-04,People,Antisemitism,Michigan,2024,5,2024-05,2
66885,2024-05-11,People,Antisemitism,Michigan,2024,5,2024-05,2
66905,2024-05-18,People,Antisemitism,Michigan,2024,5,2024-05,2
66925,2024-05-25,People,Antisemitism,Michigan,2024,5,2024-05,2
69723,2024-06-01,People,Antisemitism,Michigan,2024,6,2024-06,2
69724,2024-06-08,People,Antisemitism,Michigan,2024,6,2024-06,2
67408,2024-08-17,Key Concepts / Definitions,Antisemitism,California,2024,8,2024-08,3
67342,2024-08-09,Slogans / Code words,Antisemitism,Illinois,2024,8,2024-08,3
67403,2024-08-17,Key Concepts / Definitions,Antisemitism,California,2024,8,2024-08,3
67411,2024-08-17,Key Concepts / Definitions,Antisemitism,California,2024,8,2024-08,3
67404,2024-08-17,Key Concepts / Definitions,Antisemitism,California,2024,8,2024-08,3
67425,2024-08-17,Key Concepts / Definitions,Antisemitism,California,2024,8,2024-08,3
67426,2024-08-17,Key Concepts / Definitions,Antisemitism,California,2024,8,2024-08,3
67450,2024-08-20,Groups / Movements,Antisemitism,Georgia,2024,8,2024-08,3
67449,2024-08-20,Slogans / Code words,Antisemitism,California,2024,8,2024-08,3
66917,2024-05-22,Numbers / Symbols,Antisemitism,Massachusetts,2024,5,2024-05,2
67445,2024-08-19,Slogans / Code words,Antisemitism,Maryland,2024,8,2024-08,3
67451,2024-08-20,Slogans / Code words,Antisemitism,Maryland,2024,8,2024-08,3
69725,2024-08-10,Numbers / Symbols,Antisemitism,Michigan,2024,8,2024-08,3
67444,2024-08-19,Incidents / Events,Antisemitism,Massachusetts,2024,8,2024-08,3
66671,2024-02-01,Numbers / Symbols,Antisemitism,Pennsylvania,2024,2,2024-02,1
67424,2024-08-17,Key Concepts / Definitions,Antisemitism,California,2024,8,2024-08,3
67402,2024-08-17,Key Concepts / Definitions,Antisemitism,California,2024,8,2024-08,3
67465,2024-08-21,Numbers / Symbols,Antisemitism,Virginia,2024,8,2024-08,3
69726,2024-08-17,Numbers / Symbols,Antisemitism,New York,2024,8,2024-08,3
67461,2024-08-21,Numbers / Symbols,Antisemitism,Maryland,2024,8,2024-08,3
67457,2024-08-21,Slogans / Code words,Antisemitism,California,2024,8,2024-08,3
67468,2024-08-22,Slogans / Code words,Antisemitism,Massachusetts,2024,8,2024-08,3
67467,2024-08-22,Slogans / Code words,Antisemitism,Washington D.C.,2024,8,2024-08,3
67482,2024-08-23,Slogans / Code words,Antisemitism,Virginia,2024,8,2024-08,3
67090,2024-06-25,Numbers / Symbols,Antisemitism,New York,2024,6,2024-06,2
66959,2024-06-06,Numbers / Symbols,Antisemitism,New York,2024,6,2024-06,2
66744,2024-04-01,Numbers / Symbols,Antisemitism,New York,2024,4,2024-04,2
66691,2024-02-13,Incidents / Events,Antisemitism,New York,2024,2,2024-02,1
66908,2024-05-19,Numbers / Symbols,Antisemitism,New York,2024,5,2024-05,2
67478,2024-08-23,Numbers / Symbols,Antisemitism,Colorado,2024,8,2024-08,3
69729,2024-08-09,Numbers / Symbols,Antisemitism,Hawaii,2024,8,2024-08,3
67472,2024-08-22,Slogans / Code words,Antisemitism,New Jersey,2024,8,2024-08,3
67483,2024-08-24,Slogans / Code words,Antisemitism,New York,2024,8,2024-08,3
67485,2024-08-25,Conspiracy Theories,Antisemitism,Utah,2024,8,2024-08,3
67470,2024-08-22,Numbers / Symbols,Antisemitism,New Hampshire,2024,8,2024-08,3
67382,2024-08-14,Numbers / Symbols,Antisemitism,New York,2024,8,2024-08,3
67452,2024-08-20,Incidents / Events,Antisemitism,New York,2024,8,2024-08,3
69730,2024-08-26,Incidents / Events,Antisemitism,Massachusetts,2024,8,2024-08,3
67289,2024-07-29,Numbers / Symbols,Antisemitism,New York,2024,7,2024-07,3
67486,2024-08-26,Slogans / Code words,Antisemitism,Arizona,2024,8,2024-08,3
69731,2024-08-16,Slogans / Code words,Antisemitism,Massachusetts,2024,8,2024-08,3
67491,2024-08-26,Numbers / Symbols,Antisemitism,New York,2024,8,2024-08,3
67442,2024-08-19,Incidents / Events,Antisemitism,California,2024,8,2024-08,3
67476,2024-08-23,Numbers / Symbols,Antisemitism,California,2024,8,2024-08,3
69732,2024-08-24,Slogans / Code words,Antisemitism,New York,2024,8,2024-08,3
67493,2024-08-26,Slogans / Code words,Antisemitism,Washington,2024,8,2024-08,3
67487,2024-08-26,Slogans / Code words,Antisemitism,Indiana,2024,8,2024-08,3
69733,2024-08-21,People,Antisemitism,California,2024,8,2024-08,3
69734,2024-08-26,Platforms / Sites,Antisemitism,Pennsylvania,2024,8,2024-08,3
69735,2024-08-11,"Slogans / Code words, Conspiracy Theories",Antisemitism,California,2024,8,2024-08,3
69736,2024-08-27,Slogans / Code words,Antisemitism,Maryland,2024,8,2024-08,3
69737,2024-08-26,Numbers / Symbols,Antisemitism,Arizona,2024,8,2024-08,3
67492,2024-08-26,Groups / Movements,Antisemitism,Virginia,2024,8,2024-08,3
67495,2024-08-27,Slogans / Code words,Antisemitism,Massachusetts,2024,8,2024-08,3
66475,2024-08-24,Groups / Movements,Antisemitism,Pennsylvania,2024,8,2024-08,3
69738,2024-08-26,Groups / Movements,Antisemitism,Massachusetts,2024,8,2024-08,3
67275,2024-07-27,People,Antisemitism,New York,2024,7,2024-07,3
67499,2024-08-28,Slogans / Code words,Antisemitism,California,2024,8,2024-08,3
69739,2024-08-28,Groups / Movements,Antisemitism,New York,2024,8,2024-08,3
67505,2024-08-28,People,Antisemitism,New York,2024,8,2024-08,3
67439,2024-08-18,Slogans / Code words,Antisemitism,Washington,2024,8,2024-08,3
67308,2024-08-01,Slogans / Code words,Antisemitism,Florida,2024,8,2024-08,3
67479,2024-08-23,Numbers / Symbols,Antisemitism,Florida,2024,8,2024-08,3
69740,2024-04-29,Slogans / Code words,Antisemitism,California,2024,4,2024-04,2
69741,2024-05-01,Slogans / Code words,Antisemitism,Pennsylvania,2024,5,2024-05,2
65329,2024-04-28,Groups / Movements,Antisemitism,Illinois,2024,4,2024-04,2
69742,2024-02-29,Slogans / Code words,Antisemitism,New York,2024,2,2024-02,1
65325,2024-04-27,Groups / Movements,Antisemitism,Georgia,2024,4,2024-04,2
69743,2024-04-30,Groups / Movements,Antisemitism,New York,2024,4,2024-04,2
66981,2024-06-13,Slogans / Code words,Antisemitism,California,2024,6,2024-06,2
69744,2024-05-09,Slogans / Code words,Antisemitism,Colorado,2024,5,2024-05,2
69745,2024-04-29,Groups / Movements,Antisemitism,New York,2024,4,2024-04,2
65335,2024-04-26,Slogans / Code words,Antisemitism,Virginia,2024,4,2024-04,2
69746,2024-02-08,Slogans / Code words,Antisemitism,New York,2024,2,2024-02,1
69747,2024-05-02,Groups / Movements,Antisemitism,Washington D.C.,2024,5,2024-05,2
69748,2024-06-07,People,Antisemitism,California,2024,6,2024-06,2
67516,2024-08-29,Numbers / Symbols,Antisemitism,Texas,2024,8,2024-08,3
69749,2024-08-29,Groups / Movements,Antisemitism,Pennsylvania,2024,8,2024-08,3
67519,2024-08-30,Slogans / Code words,Antisemitism,Colorado,2024,8,2024-08,3
67504,2024-08-28,Key Concepts / Definitions,Antisemitism,New Jersey,2024,8,2024-08,3
67509,2024-08-29,Numbers / Symbols,Antisemitism,California,2024,8,2024-08,3
69750,2024-08-31,Numbers / Symbols,Antisemitism,New Hampshire,2024,8,2024-08,3
67537,2024-08-31,Groups / Movements,Antisemitism,Oregon,2024,8,2024-08,3
67533,2024-08-31,"Slogans / Code words, Key Concepts / Definitions",Antisemitism,California,2024,8,2024-08,3
66993,2024-06-15,Slogans / Code words,Antisemitism,New Jersey,2024,6,2024-06,2
66994,2024-06-15,Slogans / Code words,Antisemitism,New York,2024,6,2024-06,2
67072,2024-06-21,Numbers / Symbols,Antisemitism,New York,2024,6,2024-06,2
66940,2024-06-01,Slogans / Code words,Antisemitism,New Jersey,2024,6,2024-06,2
66967,2024-06-08,Incidents / Events,Antisemitism,New Jersey,2024,6,2024-06,2
66941,2024-06-01,Numbers / Symbols,Antisemitism,New Jersey,2024,6,2024-06,2
69751,2024-08-31,Groups / Movements,Antisemitism,New York,2024,8,2024-08,3
67549,2024-09-01,Slogans / Code words,Antisemitism,Pennsylvania,2024,9,2024-09,3
67538,2024-08-31,Numbers / Symbols,Antisemitism,Oregon,2024,8,2024-08,3
67553,2024-09-02,Numbers / Symbols,Antisemitism,California,2024,9,2024-09,3
67521,2024-08-30,People,Antisemitism,Washington D.C.,2024,8,2024-08,3
67523,2024-08-30,Groups / Movements,Antisemitism,Florida,2024,8,2024-08,3
67512,2024-08-29,"Slogans / Code words, Key Concepts / Definitions",Antisemitism,Louisiana,2024,8,2024-08,3
67475,2024-08-23,Incidents / Events,Antisemitism,California,2024,8,2024-08,3
67477,2024-08-23,Incidents / Events,Antisemitism,California,2024,8,2024-08,3
69752,2024-08-28,Slogans / Code words,Antisemitism,California,2024,8,2024-08,3
67522,2024-08-30,Key Concepts / Definitions,Antisemitism,Florida,2024,8,2024-08,3
67540,2024-09-01,People,Antisemitism,Colorado,2024,9,2024-09,3
67529,2024-08-30,People,Antisemitism,Pennsylvania,2024,8,2024-08,3
67534,2024-08-31,Slogans / Code words,Antisemitism,Washington D.C.,2024,8,2024-08,3
67474,2024-08-23,Slogans / Code words,Antisemitism,California,2024,8,2024-08,3
67564,2024-09-03,Slogans / Code words,Antisemitism,Michigan,2024,9,2024-09,3
67562,2024-09-03,People,Antisemitism,Massachusetts,2024,9,2024-09,3
69753,2024-08-21,Groups / Movements,Antisemitism,Michigan,2024,8,2024-08,3
69754,2024-09-03,Slogans / Code words,Antisemitism,Connecticut,2024,9,2024-09,3
69755,2024-09-04,Slogans / Code words,Antisemitism,New York,2024,9,2024-09,3
66903,2024-05-17,Numbers / Symbols,Antisemitism,New York,2024,5,2024-05,2
66780,2024-04-18,Numbers / Symbols,Antisemitism,New York,2024,4,2024-04,2
69756,2024-09-03,Numbers / Symbols,Antisemitism,New York,2024,9,2024-09,3
66781,2024-04-18,Numbers / Symbols,Antisemitism,New York,2024,4,2024-04,2
66972,2024-06-10,Groups / Movements,Antisemitism,New York,2024,6,2024-06,2
67045,2024-06-17,Numbers / Symbols,Antisemitism,New York,2024,6,2024-06,2
66923,2024-05-23,"Slogans / Code words, Conspiracy Theories",Antisemitism,New York,2024,5,2024-05,2
67073,2024-06-21,Slogans / Code words,Antisemitism,New York,2024,6,2024-06,2
66988,2024-06-14,Numbers / Symbols,Antisemitism,New York,2024,6,2024-06,2
67560,2024-09-03,Key Concepts / Definitions,Antisemitism,California,2024,9,2024-09,3
67514,2024-08-29,Slogans / Code words,Antisemitism,New Jersey,2024,8,2024-08,3
67576,2024-09-04,Slogans / Code words,Antisemitism,Maryland,2024,9,2024-09,3
67569,2024-09-03,Slogans / Code words,Antisemitism,Wisconsin,2024,9,2024-09,3
69757,2024-09-03,Incidents / Events,Antisemitism,California,2024,9,2024-09,3
67580,2024-09-04,Incidents / Events,Antisemitism,Washington,2024,9,2024-09,3
67554,2024-09-02,Incidents / Events,Antisemitism,California,2024,9,2024-09,3
69758,2024-08-31,Slogans / Code words,Antisemitism,California,2024,8,2024-08,3
67531,2024-08-30,Numbers / Symbols,Antisemitism,Virginia,2024,8,2024-08,3
67573,2024-09-04,Numbers / Symbols,Antisemitism,Florida,2024,9,2024-09,3
67546,2024-09-01,Numbers / Symbols,Antisemitism,New York,2024,9,2024-09,3
67496,2024-08-27,Incidents / Events,Antisemitism,Maine,2024,8,2024-08,3
69759,2024-09-06,Slogans / Code words,Antisemitism,Colorado,2024,9,2024-09,3
67594,2024-09-06,Slogans / Code words,Antisemitism,Minnesota,2024,9,2024-09,3
67557,2024-09-02,Slogans / Code words,Antisemitism,New York,2024,9,2024-09,3
69760,2024-09-07,Incidents / Events,Antisemitism,New York,2024,9,2024-09,3
69761,2024-09-06,Publications,Antisemitism,Georgia,2024,9,2024-09,3
69762,2024-09-07,Numbers / Symbols,Antisemitism,New York,2024,9,2024-09,3
69763,2024-08-21,Key Concepts / Definitions,Antisemitism,California,2024,8,2024-08,3
67601,2024-09-08,Slogans / Code words,Antisemitism,New York,2024,9,2024-09,3
67600,2024-09-08,Numbers / Symbols,Antisemitism,North Carolina,2024,9,2024-09,3
69764,2024-09-07,"Slogans / Code words, Key Concepts / Definitions",Antisemitism,Washington D.C.,2024,9,2024-09,3
67481,2024-08-23,Numbers / Symbols,Antisemitism,New York,2024,8,2024-08,3
67599,2024-09-07,Groups / Movements,Antisemitism,Texas,2024,9,2024-09,3
67592,2024-09-06,Numbers / Symbols,Antisemitism,Massachusetts,2024,9,2024-09,3
67530,2024-08-30,Slogans / Code words,Antisemitism,Texas,2024,8,2024-08,3
67575,2024-09-04,Slogans / Code words,Antisemitism,Massachusetts,2024,9,2024-09,3
67614,2024-09-09,Numbers / Symbols,Antisemitism,Washington,2024,9,2024-09,3
67561,2024-09-03,People,Antisemitism,California,2024,9,2024-09,3
67092,2024-06-26,People,Antisemitism,New York,2024,6,2024-06,2
67591,2024-09-06,Numbers / Symbols,Antisemitism,California,2024,9,2024-09,3
67093,2024-06-26,Incidents / Events,Antisemitism,New York,2024,6,2024-06,2
67583,2024-09-05,Numbers / Symbols,Antisemitism,California,2024,9,2024-09,3
67334,2024-08-08,Slogans / Code words,Antisemitism,Florida,2024,8,2024-08,3
69765,2024-09-07,Groups / Movements,Antisemitism,Colorado,2024,9,2024-09,3
67276,2024-07-27,People,Antisemitism,Pennsylvania,2024,7,2024-07,3
67617,2024-09-10,Groups / Movements,Antisemitism,Colorado,2024,9,2024-09,3
69766,2024-09-08,People,Antisemitism,New York,2024,9,2024-09,3
67574,2024-09-04,Numbers / Symbols,Antisemitism,Idaho,2024,9,2024-09,3
69767,2024-09-05,Slogans / Code words,Antisemitism,New York,2024,9,2024-09,3
67453,2024-08-20,Key Concepts / Definitions,Antisemitism,New York,2024,8,2024-08,3
66955,2024-06-04,Groups / Movements,Antisemitism,Florida,2024,6,2024-06,2
67068,2024-06-19,Numbers / Symbols,Antisemitism,Arizona,2024,6,2024-06,2
67080,2024-06-24,Slogans / Code words,Antisemitism,Massachusetts,2024,6,2024-06,2
67087,2024-06-24,Key Concepts / Definitions,Antisemitism,Massachusetts,2024,6,2024-06,2
67079,2024-06-24,Slogans / Code words,Antisemitism,Massachusetts,2024,6,2024-06,2
67081,2024-06-24,Incidents / Events,Antisemitism,Massachusetts,2024,6,2024-06,2
67008,2024-06-17,Incidents / Events,Antisemitism,Florida,2024,6,2024-06,2
66797,2024-04-25,People,Antisemitism,California,2024,4,2024-04,2
67099,2024-06-24,Numbers / Symbols,Antisemitism,Indiana,2024,6,2024-06,2
67069,2024-06-19,Slogans / Code words,Antisemitism,Indiana,2024,6,2024-06,2
66965,2024-06-03,People,Antisemitism,Indiana,2024,6,2024-06,2
67064,2024-06-17,Key Concepts / Definitions,Antisemitism,Ohio,2024,6,2024-06,2
66945,2024-06-01,Publications,Antisemitism,Colorado,2024,6,2024-06,2
66975,2024-06-10,Slogans / Code words,Antisemitism,New York,2024,6,2024-06,2
67102,2024-06-27,Numbers / Symbols,Antisemitism,Washington,2024,6,2024-06,2
66948,2024-05-27,Groups / Movements,Antisemitism,Oregon,2024,5,2024-05,2
67036,2024-06-17,Key Concepts / Definitions,Antisemitism,Florida,2024,6,2024-06,2
67034,2024-06-17,Incidents / Events,Antisemitism,Florida,2024,6,2024-06,2
67011,2024-06-17,Key Concepts / Definitions,Antisemitism,Florida,2024,6,2024-06,2
67015,2024-06-17,Key Concepts / Definitions,Antisemitism,Florida,2024,6,2024-06,2
67022,2024-06-17,Key Concepts / Definitions,Antisemitism,Florida,2024,6,2024-06,2
67029,2024-06-17,Key Concepts / Definitions,Antisemitism,Florida,2024,6,2024-06,2
67067,2024-06-19,Incidents / Events,Antisemitism,Florida,2024,6,2024-06,2
67038,2024-06-17,Key Concepts / Definitions,Antisemitism,Florida,2024,6,2024-06,2
66991,2024-06-15,"Slogans / Code words, Key Concepts / Definitions",Antisemitism,Kentucky,2024,6,2024-06,2
66978,2024-06-09,Slogans / Code words,Antisemitism,Kentucky,2024,6,2024-06,2
69768,2024-06-03,Slogans / Code words,Antisemitism,New York,2024,6,2024-06,2
67039,2024-06-17,Key Concepts / Definitions,Antisemitism,Florida,2024,6,2024-06,2
67042,2024-06-17,Key Concepts / Definitions,Antisemitism,Florida,2024,6,2024-06,2
67065,2024-06-17,Key Concepts / Definitions,Antisemitism,Ohio,2024,6,2024-06,2
67097,2024-06-27,"Slogans / Code words, Key Concepts / Definitions",Antisemitism,Kentucky,2024,6,2024-06,2
66985,2024-06-14,"Slogans / Code words, Key Concepts / Definitions",Antisemitism,Kentucky,2024,6,2024-06,2
66982,2024-06-13,Key Concepts / Definitions,Antisemitism,Maryland,2024,6,2024-06,2
67048,2024-06-17,Incidents / Events,Antisemitism,Ohio,2024,6,2024-06,2
67049,2024-06-17,Incidents / Events,Antisemitism,Ohio,2024,6,2024-06,2
67014,2024-06-17,Key Concepts / Definitions,Antisemitism,Florida,2024,6,2024-06,2
66946,2024-06-02,Key Concepts / Definitions,Antisemitism,New York,2024,6,2024-06,2
66949,2024-06-03,Key Concepts / Definitions,Antisemitism,Virginia,2024,6,2024-06,2
67061,2024-06-17,Key Concepts / Definitions,Antisemitism,Ohio,2024,6,2024-06,2
67017,2024-06-17,Key Concepts / Definitions,Antisemitism,Florida,2024,6,2024-06,2
67062,2024-06-17,Key Concepts / Definitions,Antisemitism,Ohio,2024,6,2024-06,2
67050,2024-06-17,Incidents / Events,Antisemitism,Ohio,2024,6,2024-06,2
67059,2024-06-17,Key Concepts / Definitions,Antisemitism,Ohio,2024,6,2024-06,2
67052,2024-06-17,Incidents / Events,Antisemitism,Ohio,2024,6,2024-06,2
67057,2024-06-17,Incidents / Events,Antisemitism,Ohio,2024,6,2024-06,2
67046,2024-06-17,Incidents / Events,Antisemitism,Ohio,2024,6,2024-06,2
67053,2024-06-17,Incidents / Events,Antisemitism,Ohio,2024,6,2024-06,2
67027,2024-06-17,Key Concepts / Definitions,Antisemitism,Florida,2024,6,2024-06,2
69769,2024-06-24,Groups / Movements,Antisemitism,Oregon,2024,6,2024-06,2
67054,2024-06-17,Incidents / Events,Antisemitism,Ohio,2024,6,2024-06,2
67000,2024-06-17,Key Concepts / Definitions,Antisemitism,Florida,2024,6,2024-06,2
67025,2024-06-17,Key Concepts / Definitions,Antisemitism,Florida,2024,6,2024-06,2
67021,2024-06-17,Key Concepts / Definitions,Antisemitism,Florida,2024,6,2024-06,2
67077,2024-06-24,People,Antisemitism,Illinois,2024,6,2024-06,2
67082,2024-06-24,Slogans / Code words,Antisemitism,Massachusetts,2024,6,2024-06,2
67083,2024-06-24,Incidents / Events,Antisemitism,Massachusetts,2024,6,2024-06,2
69770,2024-06-07,"Slogans / Code words, Key Concepts / Definitions",Antisemitism,California,2024,6,2024-06,2
67051,2024-06-17,Incidents / Events,Antisemitism,Ohio,2024,6,2024-06,2
67016,2024-06-17,Key Concepts / Definitions,Antisemitism,Florida,2024,6,2024-06,2
69771,2024-06-06,People,Antisemitism,New York,2024,6,2024-06,2
66971,2024-06-08,"Slogans / Code words, Key Concepts / Definitions",Antisemitism,New Jersey,2024,6,2024-06,2
67100,2024-06-28,"Slogans / Code words, Key Concepts / Definitions",Antisemitism,Kentucky,2024,6,2024-06,2
66986,2024-06-14,"Slogans / Code words, Key Concepts / Definitions",Antisemitism,Kentucky,2024,6,2024-06,2
69772,2024-06-10,Groups / Movements,Antisemitism,South Carolina,2024,6,2024-06,2
67030,2024-06-17,Key Concepts / Definitions,Antisemitism,Florida,2024,6,2024-06,2
66996,2024-06-17,Incidents / Events,Antisemitism,Florida,2024,6,2024-06,2
66997,2024-06-17,Incidents / Events,Antisemitism,Florida,2024,6,2024-06,2
66998,2024-06-17,Incidents / Events,Antisemitism,Florida,2024,6,2024-06,2
66999,2024-06-17,Key Concepts / Definitions,Antisemitism,Florida,2024,6,2024-06,2
67028,2024-06-17,Key Concepts / Definitions,Antisemitism,Florida,2024,6,2024-06,2
67010,2024-06-17,Key Concepts / Definitions,Antisemitism,Florida,2024,6,2024-06,2
67024,2024-06-17,Key Concepts / Definitions,Antisemitism,Florida,2024,6,2024-06,2
66989,2024-06-15,Slogans / Code words,Antisemitism,Alabama,2024,6,2024-06,2
66953,2024-06-04,Slogans / Code words,Antisemitism,Texas,2024,6,2024-06,2
66979,2024-06-12,Slogans / Code words,Antisemitism,New York,2024,6,2024-06,2
66977,2024-06-11,Slogans / Code words,Antisemitism,Pennsylvania,2024,6,2024-06,2
67055,2024-06-17,Key Concepts / Definitions,Antisemitism,Ohio,2024,6,2024-06,2
67003,2024-06-17,Key Concepts / Definitions,Antisemitism,Florida,2024,6,2024-06,2
66962,2024-06-07,"Slogans / Code words, Key Concepts / Definitions",Antisemitism,California,2024,6,2024-06,2
69773,2024-06-17,Key Concepts / Definitions,Antisemitism,California,2024,6,2024-06,2
67095,2024-06-27,Publications,Antisemitism,California,2024,6,2024-06,2
67044,2024-06-17,Key Concepts / Definitions,Antisemitism,Michigan,2024,6,2024-06,2
67091,2024-06-26,Key Concepts / Definitions,Antisemitism,Nebraska,2024,6,2024-06,2
66961,2024-06-06,Key Concepts / Definitions,Antisemitism,Wisconsin,2024,6,2024-06,2
66963,2024-06-07,People,Antisemitism,Colorado,2024,6,2024-06,2
66950,2024-06-03,Slogans / Code words,Antisemitism,Colorado,2024,6,2024-06,2
69774,2024-06-12,Incidents / Events,Antisemitism,South Carolina,2024,6,2024-06,2
69775,2024-06-02,Slogans / Code words,Antisemitism,New York,2024,6,2024-06,2
66970,2024-05-01,Slogans / Code words,Antisemitism,New Jersey,2024,5,2024-05,2
67105,2024-06-28,Slogans / Code words,Antisemitism,Pennsylvania,2024,6,2024-06,2
66712,2024-03-01,Numbers / Symbols,Antisemitism,Pennsylvania,2024,3,2024-03,1
69776,2024-02-19,Slogans / Code words,Antisemitism,Massachusetts,2024,2,2024-02,1
69777,2024-02-02,People,Antisemitism,California,2024,2,2024-02,1
69778,2024-01-20,Slogans / Code words,Antisemitism,California,2024,1,2024-01,1
66708,2024-02-27,People,Antisemitism,New York,2024,2,2024-02,1
69779,2024-04-03,"Key Concepts / Definitions, Tactics",Antisemitism,California,2024,4,2024-04,2
69780,2024-06-27,Slogans / Code words,Antisemitism,Pennsylvania,2024,6,2024-06,2
67063,2024-06-17,Key Concepts / Definitions,Antisemitism,Ohio,2024,6,2024-06,2
67035,2024-06-17,Incidents / Events,Antisemitism,Florida,2024,6,2024-06,2
67019,2024-06-17,Key Concepts / Definitions,Antisemitism,Florida,2024,6,2024-06,2
67009,2024-06-17,Incidents / Events,Antisemitism,Florida,2024,6,2024-06,2
67031,2024-06-17,Key Concepts / Definitions,Antisemitism,Florida,2024,6,2024-06,2
67026,2024-06-17,Key Concepts / Definitions,Antisemitism,Florida,2024,6,2024-06,2
67023,2024-06-17,Key Concepts / Definitions,Antisemitism,Florida,2024,6,2024-06,2
67096,2024-06-26,Slogans / Code words,Antisemitism,Connecticut,2024,6,2024-06,2
66974,2024-06-11,People,Antisemitism,Colorado,2024,6,2024-06,2
67103,2024-06-28,Slogans / Code words,Antisemitism,Florida,2024,6,2024-06,2
67043,2024-06-17,"Slogans / Code words, Key Concepts / Definitions",Antisemitism,Kentucky,2024,6,2024-06,2
67056,2024-06-17,Key Concepts / Definitions,Antisemitism,Ohio,2024,6,2024-06,2
67071,2024-06-21,Slogans / Code words,Antisemitism,California,2024,6,2024-06,2
67018,2024-06-17,Key Concepts / Definitions,Antisemitism,Florida,2024,6,2024-06,2
69781,2024-06-27,Incidents / Events,Antisemitism,Utah,2024,6,2024-06,2
66951,2024-06-04,Key Concepts / Definitions,Antisemitism,Connecticut,2024,6,2024-06,2
67007,2024-06-17,Key Concepts / Definitions,Antisemitism,Florida,2024,6,2024-06,2
66957,2024-06-06,Key Concepts / Definitions,Antisemitism,Maryland,2024,6,2024-06,2
67089,2024-06-25,"Slogans / Code words, Key Concepts / Definitions",Antisemitism,Kentucky,2024,6,2024-06,2
66987,2024-06-14,"Slogans / Code words, Key Concepts / Definitions",Antisemitism,Kentucky,2024,6,2024-06,2
66966,2024-06-07,"Slogans / Code words, Key Concepts / Definitions",Antisemitism,Kentucky,2024,6,2024-06,2
69782,2024-06-18,Incidents / Events,Antisemitism,Georgia,2024,6,2024-06,2
66954,2024-06-04,People,Antisemitism,Washington,2024,6,2024-06,2
66960,2024-06-05,Numbers / Symbols,Antisemitism,Virginia,2024,6,2024-06,2
67013,2024-06-17,Key Concepts / Definitions,Antisemitism,Florida,2024,6,2024-06,2
67041,2024-06-17,Key Concepts / Definitions,Antisemitism,Florida,2024,6,2024-06,2
67074,2024-06-23,Key Concepts / Definitions,Antisemitism,Virginia,2024,6,2024-06,2
67004,2024-06-17,Key Concepts / Definitions,Antisemitism,Florida,2024,6,2024-06,2
67076,2024-06-24,"Slogans / Code words, Conspiracy Theories",Antisemitism,Florida,2024,6,2024-06,2
67012,2024-06-17,Key Concepts / Definitions,Antisemitism,Florida,2024,6,2024-06,2
67047,2024-06-17,Incidents / Events,Antisemitism,Ohio,2024,6,2024-06,2
67085,2024-06-24,Slogans / Code words,Antisemitism,Massachusetts,2024,6,2024-06,2
67040,2024-06-17,Key Concepts / Definitions,Antisemitism,Florida,2024,6,2024-06,2
66983,2024-06-13,"Slogans / Code words, Key Concepts / Definitions",Antisemitism,Michigan,2024,6,2024-06,2
67058,2024-06-17,Incidents / Events,Antisemitism,Ohio,2024,6,2024-06,2
69783,2024-06-07,Slogans / Code words,Antisemitism,California,2024,6,2024-06,2
67002,2024-06-17,Key Concepts / Definitions,Antisemitism,Florida,2024,6,2024-06,2
67060,2024-06-17,Key Concepts / Definitions,Antisemitism,Ohio,2024,6,2024-06,2
67006,2024-06-17,Key Concepts / Definitions,Antisemitism,Florida,2024,6,2024-06,2
67005,2024-06-17,Key Concepts / Definitions,Antisemitism,Florida,2024,6,2024-06,2
67020,2024-06-17,Key Concepts / Definitions,Antisemitism,Florida,2024,6,2024-06,2
67037,2024-06-17,Key Concepts / Definitions,Antisemitism,Florida,2024,6,2024-06,2
67032,2024-06-17,Key Concepts / Definitions,Antisemitism,Florida,2024,6,2024-06,2
67033,2024-06-17,Key Concepts / Definitions,Antisemitism,Florida,2024,6,2024-06,2
67094,2024-06-23,Publications,Antisemitism,Washington,2024,6,2024-06,2
66990,2024-06-13,Key Concepts / Definitions,Antisemitism,Illinois,2024,6,2024-06,2
66968,2024-06-10,Slogans / Code words,Antisemitism,Illinois,2024,6,2024-06,2
66964,2024-05-29,Slogans / Code words,Antisemitism,Illinois,2024,5,2024-05,2
69784,2024-05-31,Key Concepts / Definitions,Antisemitism,Utah,2024,5,2024-05,2
69785,2024-04-01,Numbers / Symbols,Antisemitism,Pennsylvania,2024,4,2024-04,2
67070,2024-06-21,Slogans / Code words,Antisemitism,California,2024,6,2024-06,2
69786,2024-06-24,People,Antisemitism,South Carolina,2024,6,2024-06,2
67086,2024-06-24,Incidents / Events,Antisemitism,Massachusetts,2024,6,2024-06,2
67088,2024-06-15,Slogans / Code words,Antisemitism,Florida,2024,6,2024-06,2
67078,2024-06-24,Slogans / Code words,Antisemitism,Illinois,2024,6,2024-06,2
69787,2024-06-24,"Slogans / Code words, Conspiracy Theories",Antisemitism,California,2024,6,2024-06,2
67098,2024-06-27,Slogans / Code words,Antisemitism,Pennsylvania,2024,6,2024-06,2
67625,2024-09-10,Slogans / Code words,Antisemitism,Washington,2024,9,2024-09,3
69788,2024-08-20,People,Antisemitism,New Jersey,2024,8,2024-08,3
67565,2024-09-03,Key Concepts / Definitions,Antisemitism,New Jersey,2024,9,2024-09,3
67464,2024-08-21,Incidents / Events,Antisemitism,New Jersey,2024,8,2024-08,3
67585,2024-09-05,Incidents / Events,Antisemitism,New Jersey,2024,9,2024-09,3
67471,2024-08-22,Key Concepts / Definitions,Antisemitism,New Jersey,2024,8,2024-08,3
67507,2024-08-28,Incidents / Events,Antisemitism,New York,2024,8,2024-08,3
67480,2024-08-23,People,Antisemitism,New Jersey,2024,8,2024-08,3
69789,2024-08-16,Key Concepts / Definitions,Antisemitism,New Jersey,2024,8,2024-08,3
67619,2024-09-10,Slogans / Code words,Antisemitism,Illinois,2024,9,2024-09,3
69790,2024-09-10,Slogans / Code words,Antisemitism,Pennsylvania,2024,9,2024-09,3
67634,2024-09-11,Slogans / Code words,Antisemitism,Massachusetts,2024,9,2024-09,3
67506,2024-08-28,Slogans / Code words,Antisemitism,New York,2024,8,2024-08,3
67605,2024-09-09,Groups / Movements,Antisemitism,Colorado,2024,9,2024-09,3
67631,2024-09-11,Slogans / Code words,Antisemitism,California,2024,9,2024-09,3
67629,2024-09-11,Slogans / Code words,Antisemitism,California,2024,9,2024-09,3
69791,2024-09-11,Slogans / Code words,Antisemitism,Illinois,2024,9,2024-09,3
67642,2024-09-12,Slogans / Code words,Antisemitism,Massachusetts,2024,9,2024-09,3
69792,2024-09-10,Numbers / Symbols,Antisemitism,Texas,2024,9,2024-09,3
67632,2024-09-11,Slogans / Code words,Antisemitism,Connecticut,2024,9,2024-09,3
67304,2024-07-31,Slogans / Code words,Antisemitism,New York,2024,7,2024-07,3
69793,2024-09-11,People,Antisemitism,California,2024,9,2024-09,3
67643,2024-09-12,Key Concepts / Definitions,Antisemitism,North Carolina,2024,9,2024-09,3
67637,2024-09-11,Slogans / Code words,Antisemitism,New Jersey,2024,9,2024-09,3
69794,2024-08-27,Numbers / Symbols,Antisemitism,Connecticut,2024,8,2024-08,3
67606,2024-09-09,Slogans / Code words,Antisemitism,Georgia,2024,9,2024-09,3
69795,2024-09-12,Publications,Antisemitism,California,2024,9,2024-09,3
69796,2024-09-12,Incidents / Events,Antisemitism,Georgia,2024,9,2024-09,3
67645,2024-09-12,Numbers / Symbols,Antisemitism,Wisconsin,2024,9,2024-09,3
67641,2024-09-12,Incidents / Events,Antisemitism,California,2024,9,2024-09,3
67618,2024-09-10,Numbers / Symbols,Antisemitism,Washington D.C.,2024,9,2024-09,3
69797,2024-09-12,Slogans / Code words,Antisemitism,Washington,2024,9,2024-09,3
66731,2024-03-20,Numbers / Symbols,Antisemitism,Massachusetts,2024,3,2024-03,1
67596,2024-09-07,Incidents / Events,Antisemitism,New York,2024,9,2024-09,3
67646,2024-09-13,Key Concepts / Definitions,Antisemitism,Washington D.C.,2024,9,2024-09,3
67648,2024-09-13,Numbers / Symbols,Antisemitism,Illinois,2024,9,2024-09,3
67665,2024-09-15,Incidents / Events,Antisemitism,Pennsylvania,2024,9,2024-09,3
69798,2024-08-19,Groups / Movements,Antisemitism,New Jersey,2024,8,2024-08,3
69799,2024-02-24,Key Concepts / Definitions,Antisemitism,New York,2024,2,2024-02,1
67662,2024-09-15,Slogans / Code words,Antisemitism,New York,2024,9,2024-09,3
67653,2024-09-14,"Slogans / Code words, Conspiracy Theories",Antisemitism,New Jersey,2024,9,2024-09,3
67651,2024-09-14,Slogans / Code words,Antisemitism,Massachusetts,2024,9,2024-09,3
69800,2024-09-12,Slogans / Code words,Antisemitism,California,2024,9,2024-09,3
69801,2024-09-13,Groups / Movements,Antisemitism,Massachusetts,2024,9,2024-09,3
69802,2024-09-13,Numbers / Symbols,Antisemitism,California,2024,9,2024-09,3
69803,2024-09-12,People,Antisemitism,Maryland,2024,9,2024-09,3
67664,2024-09-15,Slogans / Code words,Antisemitism,Oregon,2024,9,2024-09,3
67673,2024-09-16,Groups / Movements,Antisemitism,Ohio,2024,9,2024-09,3
69804,2024-09-15,Publications,Antisemitism,Michigan,2024,9,2024-09,3
69805,2024-09-06,Slogans / Code words,Antisemitism,Massachusetts,2024,9,2024-09,3
67604,2024-09-09,Slogans / Code words,Antisemitism,California,2024,9,2024-09,3
67683,2024-09-17,Incidents / Events,Antisemitism,New Jersey,2024,9,2024-09,3
67670,2024-09-16,Slogans / Code words,Antisemitism,Michigan,2024,9,2024-09,3
69806,2024-05-07,Incidents / Events,Antisemitism,California,2024,5,2024-05,2
69807,2024-09-10,Incidents / Events,Antisemitism,Washington D.C.,2024,9,2024-09,3
67678,2024-09-17,Numbers / Symbols,Antisemitism,Maine,2024,9,2024-09,3
66947,2024-06-03,Numbers / Symbols,Antisemitism,Massachusetts,2024,6,2024-06,2
66992,2024-06-15,Platforms / Sites,Antisemitism,Massachusetts,2024,6,2024-06,2
67104,2024-06-29,Numbers / Symbols,Antisemitism,Massachusetts,2024,6,2024-06,2
69808,2024-09-16,Slogans / Code words,Antisemitism,Arizona,2024,9,2024-09,3
67668,2024-09-16,Slogans / Code words,Antisemitism,Indiana,2024,9,2024-09,3
67676,2024-09-17,Groups / Movements,Antisemitism,Florida,2024,9,2024-09,3
69809,2024-09-18,Numbers / Symbols,Antisemitism,Massachusetts,2024,9,2024-09,3
67692,2024-09-18,Groups / Movements,Antisemitism,California,2024,9,2024-09,3
67672,2024-09-16,Incidents / Events,Antisemitism,North Carolina,2024,9,2024-09,3
67679,2024-09-17,Slogans / Code words,Antisemitism,Michigan,2024,9,2024-09,3
67686,2024-09-17,Groups / Movements,Antisemitism,New York,2024,9,2024-09,3
67703,2024-09-18,Key Concepts / Definitions,Antisemitism,Oklahoma,2024,9,2024-09,3
69810,2024-09-19,People,Antisemitism,New Hampshire,2024,9,2024-09,3
67708,2024-09-19,Numbers / Symbols,Antisemitism,Louisiana,2024,9,2024-09,3
67647,2024-09-13,People,Antisemitism,Washington D.C.,2024,9,2024-09,3
67704,2024-09-18,Slogans / Code words,Antisemitism,Pennsylvania,2024,9,2024-09,3
69811,2024-09-19,Groups / Movements,Antisemitism,Pennsylvania,2024,9,2024-09,3
67702,2024-09-18,Numbers / Symbols,Antisemitism,New York,2024,9,2024-09,3
67654,2024-09-14,Numbers / Symbols,Antisemitism,New York,2024,9,2024-09,3
69812,2024-09-18,Slogans / Code words,Antisemitism,North Carolina,2024,9,2024-09,3
67698,2024-09-18,Numbers / Symbols,Antisemitism,Maine,2024,9,2024-09,3
67733,2024-09-20,Groups / Movements,Antisemitism,Virginia,2024,9,2024-09,3
69813,2024-09-19,Slogans / Code words,Antisemitism,Colorado,2024,9,2024-09,3
67707,2024-09-19,Numbers / Symbols,Antisemitism,California,2024,9,2024-09,3
67729,2024-09-20,Slogans / Code words,Antisemitism,New Mexico,2024,9,2024-09,3
67717,2024-09-20,Numbers / Symbols,Antisemitism,California,2024,9,2024-09,3
67728,2024-09-20,Incidents / Events,Antisemitism,New Hampshire,2024,9,2024-09,3
69814,2024-09-16,Groups / Movements,Antisemitism,Massachusetts,2024,9,2024-09,3
67741,2024-09-21,Slogans / Code words,Antisemitism,Texas,2024,9,2024-09,3
67754,2024-09-22,Publications,Antisemitism,North Carolina,2024,9,2024-09,3
67746,2024-09-22,Groups / Movements,Antisemitism,California,2024,9,2024-09,3
67750,2024-09-22,Numbers / Symbols,Antisemitism,Illinois,2024,9,2024-09,3
69815,2024-09-20,Numbers / Symbols,Antisemitism,New Jersey,2024,9,2024-09,3
66902,2024-05-17,Slogans / Code words,Antisemitism,California,2024,5,2024-05,2
67740,2024-09-21,Key Concepts / Definitions,Antisemitism,New York,2024,9,2024-09,3
66973,2024-06-11,Groups / Movements,Antisemitism,Arkansas,2024,6,2024-06,2
66752,2024-04-07,Numbers / Symbols,Antisemitism,Texas,2024,4,2024-04,2
69816,2024-06-07,Slogans / Code words,Antisemitism,California,2024,6,2024-06,2
66956,2024-06-05,Incidents / Events,Antisemitism,New York,2024,6,2024-06,2
67620,2024-09-10,Incidents / Events,Antisemitism,Indiana,2024,9,2024-09,3
67101,2024-06-28,Slogans / Code words,Antisemitism,New York,2024,6,2024-06,2
69817,2024-07-06,Incidents / Events,Antisemitism,California,2024,7,2024-07,3
67139,2024-07-04,Slogans / Code words,Antisemitism,New York,2024,7,2024-07,3
67138,2024-07-04,Groups / Movements,Antisemitism,New York,2024,7,2024-07,3
69818,2024-06-24,Slogans / Code words,Antisemitism,California,2024,6,2024-06,2
66976,2024-06-11,Numbers / Symbols,Antisemitism,Pennsylvania,2024,6,2024-06,2
67075,2024-06-24,Slogans / Code words,Antisemitism,California,2024,6,2024-06,2
67638,2024-09-11,Groups / Movements,Antisemitism,Pennsylvania,2024,9,2024-09,3
67291,2024-07-29,Incidents / Events,Antisemitism,Pennsylvania,2024,7,2024-07,3
67261,2024-07-24,Slogans / Code words,Antisemitism,Washington D.C.,2024,7,2024-07,3
67361,2024-08-12,Slogans / Code words,Antisemitism,California,2024,8,2024-08,3
69819,2024-07-10,Slogans / Code words,Antisemitism,New York,2024,7,2024-07,3
67228,2024-07-18,People,Antisemitism,New York,2024,7,2024-07,3
66836,2024-05-03,Numbers / Symbols,Antisemitism,Texas,2024,5,2024-05,2
66766,2024-04-12,People,Antisemitism,California,2024,4,2024-04,2
66757,2024-04-08,Numbers / Symbols,Antisemitism,Pennsylvania,2024,4,2024-04,2
69820,2024-04-01,Groups / Movements,Antisemitism,New Jersey,2024,4,2024-04,2
66735,2024-03-24,Numbers / Symbols,Antisemitism,Ohio,2024,3,2024-03,1
66732,2024-03-23,People,Antisemitism,New Jersey,2024,3,2024-03,1
66700,2024-02-23,Incidents / Events,Antisemitism,New Hampshire,2024,2,2024-02,1
66786,2024-04-20,People,Antisemitism,Illinois,2024,4,2024-04,2
67639,2024-09-11,Incidents / Events,Antisemitism,Pennsylvania,2024,9,2024-09,3
66849,2024-05-07,Slogans / Code words,Antisemitism,Washington,2024,5,2024-05,2
69821,2024-05-03,Numbers / Symbols,Antisemitism,Washington,2024,5,2024-05,2
67710,2024-09-19,Slogans / Code words,Antisemitism,Michigan,2024,9,2024-09,3
67587,2024-09-05,Incidents / Events,Antisemitism,Pennsylvania,2024,9,2024-09,3
66870,2024-05-08,People,Antisemitism,New Jersey,2024,5,2024-05,2
69822,2024-09-02,Slogans / Code words,Antisemitism,New York,2024,9,2024-09,3
66884,2024-05-11,Numbers / Symbols,Antisemitism,Georgia,2024,5,2024-05,2
66844,2024-05-06,Groups / Movements,Antisemitism,Virginia,2024,5,2024-05,2
66793,2024-04-22,Conspiracy Theories,Antisemitism,New York,2024,4,2024-04,2
66739,2024-03-28,People,Antisemitism,Washington,2024,3,2024-03,1
67767,2024-09-23,Numbers / Symbols,Antisemitism,New York,2024,9,2024-09,3
67649,2024-09-13,Incidents / Events,Antisemitism,New York,2024,9,2024-09,3
67693,2024-09-18,Key Concepts / Definitions,Antisemitism,Florida,2024,9,2024-09,3
67749,2024-09-22,Slogans / Code words,Antisemitism,Iowa,2024,9,2024-09,3
67780,2024-09-24,Numbers / Symbols,Antisemitism,Maryland,2024,9,2024-09,3
69823,2024-09-23,Slogans / Code words,Antisemitism,South Carolina,2024,9,2024-09,3
67788,2024-09-24,Slogans / Code words,Antisemitism,Texas,2024,9,2024-09,3
67739,2024-09-21,Slogans / Code words,Antisemitism,New York,2024,9,2024-09,3
67635,2024-09-11,People,Antisemitism,Missouri,2024,9,2024-09,3
67766,2024-09-23,Numbers / Symbols,Antisemitism,New Jersey,2024,9,2024-09,3
67777,2024-09-24,Numbers / Symbols,Antisemitism,Florida,2024,9,2024-09,3
67784,2024-09-24,Numbers / Symbols,Antisemitism,New Jersey,2024,9,2024-09,3
69824,2024-09-24,Numbers / Symbols,Antisemitism,New York,2024,9,2024-09,3
69825,2024-09-18,Incidents / Events,Antisemitism,New York,2024,9,2024-09,3
67714,2024-09-19,Slogans / Code words,Antisemitism,Virginia,2024,9,2024-09,3
67798,2024-09-26,Incidents / Events,Antisemitism,New York,2024,9,2024-09,3
67663,2024-09-15,Slogans / Code words,Antisemitism,New York,2024,9,2024-09,3
67800,2024-09-26,Numbers / Symbols,Antisemitism,New York,2024,9,2024-09,3
67764,2024-09-23,Slogans / Code words,Antisemitism,California,2024,9,2024-09,3
69827,2024-09-26,Slogans / Code words,Antisemitism,California,2024,9,2024-09,3
66681,2024-02-06,Slogans / Code words,Antisemitism,Illinois,2024,2,2024-02,1
69828,2024-09-26,"Slogans / Code words, Key Concepts / Definitions",Antisemitism,Louisiana,2024,9,2024-09,3
67799,2024-09-26,People,Antisemitism,New York,2024,9,2024-09,3
67689,2024-09-17,Numbers / Symbols,Antisemitism,Pennsylvania,2024,9,2024-09,3
69829,2024-09-26,Slogans / Code words,Antisemitism,Pennsylvania,2024,9,2024-09,3
67354,2024-08-10,Incidents / Events,Antisemitism,New York,2024,8,2024-08,3
69830,2024-09-26,Numbers / Symbols,Antisemitism,Illinois,2024,9,2024-09,3
69831,2024-09-28,Slogans / Code words,Antisemitism,California,2024,9,2024-09,3
67834,2024-09-28,Incidents / Events,Antisemitism,California,2024,9,2024-09,3
69832,2024-09-29,Slogans / Code words,Antisemitism,New Jersey,2024,9,2024-09,3
66428,2024-04-06,Groups / Movements,Antisemitism,Illinois,2024,4,2024-04,2
66488,2024-03-03,Platforms / Sites,Antisemitism,Missouri,2024,3,2024-03,1
66491,2024-04-08,Groups / Movements,Antisemitism,Missouri,2024,4,2024-04,2
66493,2024-01-29,Groups / Movements,Antisemitism,Alabama,2024,1,2024-01,1
66496,2024-06-11,Groups / Movements,Antisemitism,Connecticut,2024,6,2024-06,2
66297,2024-06-03,Groups / Movements,Antisemitism,Virginia,2024,6,2024-06,2
66298,2024-06-12,Groups / Movements,Antisemitism,Wyoming,2024,6,2024-06,2
66299,2024-04-02,Groups / Movements,Antisemitism,Washington,2024,4,2024-04,2
66300,2024-06-24,Groups / Movements,Antisemitism,Illinois,2024,6,2024-06,2
66301,2024-03-10,Groups / Movements,Antisemitism,Louisiana,2024,3,2024-03,1
66303,2024-06-03,Groups / Movements,Antisemitism,Virginia,2024,6,2024-06,2
66305,2024-06-07,Groups / Movements,Antisemitism,Virginia,2024,6,2024-06,2
66306,2024-03-28,Groups / Movements,Antisemitism,Idaho,2024,3,2024-03,1
65481,2024-05-07,Slogans / Code words,Antisemitism,Colorado,2024,5,2024-05,2
65482,2024-05-07,People,Antisemitism,Massachusetts,2024,5,2024-05,2
65483,2024-05-07,Slogans / Code words,Antisemitism,Wisconsin,2024,5,2024-05,2
65484,2024-05-07,Slogans / Code words,Antisemitism,Nevada,2024,5,2024-05,2
65485,2024-05-07,Slogans / Code words,Antisemitism,New York,2024,5,2024-05,2
65486,2024-05-07,Slogans / Code words,Antisemitism,California,2024,5,2024-05,2
65487,2024-05-08,Slogans / Code words,Antisemitism,California,2024,5,2024-05,2
65490,2024-05-08,Groups / Movements,Antisemitism,New York,2024,5,2024-05,2
66605,2024-05-24,Key Concepts / Definitions,Antisemitism,Illinois,2024,5,2024-05,2
66508,2024-05-09,Groups / Movements,Antisemitism,South Dakota,2024,5,2024-05,2
66509,2024-04-02,Groups / Movements,Antisemitism,Alabama,2024,4,2024-04,2
66510,2024-06-25,Groups / Movements,Antisemitism,Washington,2024,6,2024-06,2
66511,2024-02-08,Groups / Movements,Antisemitism,Nebraska,2024,2,2024-02,1
66250,2024-05-29,Numbers / Symbols,Antisemitism,Illinois,2024,5,2024-05,2
66513,2024-06-26,Groups / Movements,Antisemitism,New Hampshire,2024,6,2024-06,2
66515,2024-03-17,Groups / Movements,Antisemitism,Washington,2024,3,2024-03,1
66516,2024-04-03,Groups / Movements,Antisemitism,Oklahoma,2024,4,2024-04,2
65387,2024-04-30,Slogans / Code words,Antisemitism,North Carolina,2024,4,2024-04,2
65388,2024-04-30,Groups / Movements,Antisemitism,New York,2024,4,2024-04,2
65389,2024-04-30,Slogans / Code words,Antisemitism,California,2024,4,2024-04,2
65392,2024-04-30,Slogans / Code words,Antisemitism,New York,2024,4,2024-04,2
65393,2024-04-30,Slogans / Code words,Antisemitism,Arizona,2024,4,2024-04,2
65394,2024-04-30,Slogans / Code words,Antisemitism,Colorado,2024,4,2024-04,2
65395,2024-04-30,Slogans / Code words,Antisemitism,North Carolina,2024,4,2024-04,2
65396,2024-04-30,Slogans / Code words,Antisemitism,Iowa,2024,4,2024-04,2
65397,2024-04-30,Groups / Movements,Antisemitism,Tennessee,2024,4,2024-04,2
65398,2024-04-30,Slogans / Code words,Antisemitism,Kentucky,2024,4,2024-04,2
66577,2024-06-15,Groups / Movements,Antisemitism,Mississippi,2024,6,2024-06,2
66400,2024-05-24,Groups / Movements,Antisemitism,Illinois,2024,5,2024-05,2
66579,2024-02-08,Groups / Movements,Antisemitism,Colorado,2024,2,2024-02,1
66580,2024-06-26,Groups / Movements,Antisemitism,North Dakota,2024,6,2024-06,2
66581,2024-01-16,Groups / Movements,Antisemitism,Colorado,2024,1,2024-01,1
66582,2024-06-03,Groups / Movements,Antisemitism,Oklahoma,2024,6,2024-06,2
66583,2024-05-10,Groups / Movements,Antisemitism,North Carolina,2024,5,2024-05,2
66585,2024-06-15,Groups / Movements,Antisemitism,Maryland,2024,6,2024-06,2
66586,2024-05-24,Slogans / Code words,Antisemitism,South Dakota,2024,5,2024-05,2
66207,2024-04-01,Groups / Movements,Antisemitism,Maryland,2024,4,2024-04,2
66208,2024-02-08,Groups / Movements,Antisemitism,Colorado,2024,2,2024-02,1
66209,2024-03-17,Groups / Movements,Antisemitism,Massachusetts,2024,3,2024-03,1
66210,2024-02-08,Groups / Movements,Antisemitism,Florida,2024,2,2024-02,1
66212,2024-03-24,Groups / Movements,Antisemitism,Alabama,2024,3,2024-03,1
66213,2024-06-24,Groups / Movements,Antisemitism,Florida,2024,6,2024-06,2
66214,2024-05-23,Groups / Movements,Antisemitism,Montana,2024,5,2024-05,2
66215,2024-03-29,Groups / Movements,Antisemitism,Virginia,2024,3,2024-03,1
66216,2024-06-23,Groups / Movements,Antisemitism,Louisiana,2024,6,2024-06,2
66159,2024-07-04,Tactics,Antisemitism,Oregon,2024,7,2024-07,3
66241,2024-08-19,Groups / Movements,Antisemitism,Wyoming,2024,8,2024-08,3
66244,2024-08-08,Slogans / Code words,Antisemitism,Vermont,2024,8,2024-08,3
66287,2024-07-05,Tactics,Antisemitism,Oregon,2024,7,2024-07,3
66295,2024-08-10,Numbers / Symbols,Antisemitism,Ohio,2024,8,2024-08,3
66327,2024-06-04,Tactics,Antisemitism,Pennsylvania,2024,6,2024-06,2
66330,2024-03-14,Slogans / Code words,Antisemitism,Michigan,2024,3,2024-03,1
66331,2024-04-02,Groups / Movements,Antisemitism,Connecticut,2024,4,2024-04,2
66333,2024-06-29,Groups / Movements,Antisemitism,New Hampshire,2024,6,2024-06,2
66334,2024-03-26,Slogans / Code words,Antisemitism,Alabama,2024,3,2024-03,1
66336,2024-04-19,Slogans / Code words,Antisemitism,Mississippi,2024,4,2024-04,2
66147,2024-05-24,Groups / Movements,Antisemitism,South Dakota,2024,5,2024-05,2
66148,2024-01-28,Groups / Movements,Antisemitism,Louisiana,2024,1,2024-01,1
66149,2024-03-23,Groups / Movements,Antisemitism,Georgia,2024,3,2024-03,1
66150,2024-02-09,Groups / Movements,Antisemitism,Louisiana,2024,2,2024-02,1
66151,2024-06-23,Groups / Movements,Antisemitism,Michigan,2024,6,2024-06,2
66154,2024-06-29,Groups / Movements,Antisemitism,New Hampshire,2024,6,2024-06,2
66156,2024-01-20,Groups / Movements,Antisemitism,New York,2024,1,2024-01,1
66427,2024-05-24,Groups / Movements,Antisemitism,Virginia,2024,5,2024-05,2
66640,2024-08-21,Groups / Movements,Antisemitism,California,2024,8,2024-08,3
66429,2024-04-02,Groups / Movements,Antisemitism,Ohio,2024,4,2024-04,2
66430,2024-06-26,Groups / Movements,Antisemitism,Colorado,2024,6,2024-06,2
66431,2024-06-21,Slogans / Code words,Antisemitism,Washington,2024,6,2024-06,2
66192,2024-03-31,Tactics,Antisemitism,Pennsylvania,2024,3,2024-03,1
66433,2024-04-01,Groups / Movements,Antisemitism,Oklahoma,2024,4,2024-04,2
66434,2024-06-07,Groups / Movements,Antisemitism,Tennessee,2024,6,2024-06,2
66435,2024-06-25,Slogans / Code words,Antisemitism,Tennessee,2024,6,2024-06,2
66436,2024-03-17,Groups / Movements,Antisemitism,Massachusetts,2024,3,2024-03,1
66468,2024-05-29,Groups / Movements,Antisemitism,Massachusetts,2024,5,2024-05,2
66469,2024-06-11,Groups / Movements,Antisemitism,Virginia,2024,6,2024-06,2
66470,2024-06-21,Slogans / Code words,Antisemitism,Oregon,2024,6,2024-06,2
66471,2024-06-28,Groups / Movements,Antisemitism,Arkansas,2024,6,2024-06,2
66614,2024-07-29,Slogans / Code words,Antisemitism,California,2024,7,2024-07,3
66474,2024-04-02,Groups / Movements,Antisemitism,Virginia,2024,4,2024-04,2
66353,2024-05-29,Groups / Movements,Antisemitism,California,2024,5,2024-05,2
66476,2024-06-24,Groups / Movements,Antisemitism,Massachusetts,2024,6,2024-06,2
66277,2024-04-04,Groups / Movements,Antisemitism,Massachusetts,2024,4,2024-04,2
66278,2024-06-22,Groups / Movements,Antisemitism,Alabama,2024,6,2024-06,2
66279,2024-06-27,Slogans / Code words,Antisemitism,Missouri,2024,6,2024-06,2
66280,2024-05-10,Publications,Antisemitism,Michigan,2024,5,2024-05,2
66281,2024-05-08,Groups / Movements,Antisemitism,Massachusetts,2024,5,2024-05,2
66282,2024-05-18,Groups / Movements,Antisemitism,Pennsylvania,2024,5,2024-05,2
66283,2024-04-06,Groups / Movements,Antisemitism,Maryland,2024,4,2024-04,2
66284,2024-06-29,Groups / Movements,Antisemitism,Maryland,2024,6,2024-06,2
66285,2024-04-06,Groups / Movements,Antisemitism,Massachusetts,2024,4,2024-04,2
66286,2024-06-25,Groups / Movements,Antisemitism,Colorado,2024,6,2024-06,2
65502,2024-05-09,People,Antisemitism,Minnesota,2024,5,2024-05,2
65503,2024-05-09,Slogans / Code words,Antisemitism,Massachusetts,2024,5,2024-05,2
65504,2024-05-10,Slogans / Code words,Antisemitism,Colorado,2024,5,2024-05,2
65505,2024-05-11,Slogans / Code words,Antisemitism,California,2024,5,2024-05,2
65506,2024-05-12,Slogans / Code words,Antisemitism,California,2024,5,2024-05,2
65507,2024-05-12,Groups / Movements,Antisemitism,Iowa,2024,5,2024-05,2
65509,2024-05-12,Slogans / Code words,Antisemitism,Illinois,2024,5,2024-05,2
65511,2024-05-13,Slogans / Code words,Antisemitism,California,2024,5,2024-05,2
66647,2024-01-03,People,Antisemitism,North Carolina,2024,1,2024-01,1
66374,2024-08-11,Slogans / Code words,Antisemitism,Oregon,2024,8,2024-08,3
66416,2024-07-29,Slogans / Code words,Antisemitism,Oregon,2024,7,2024-07,3
66443,2024-07-01,Publications,Antisemitism,Montana,2024,7,2024-07,3
66527,2024-06-12,Groups / Movements,Antisemitism,Tennessee,2024,6,2024-06,2
66528,2024-06-14,Groups / Movements,Antisemitism,Connecticut,2024,6,2024-06,2
66529,2024-06-11,Groups / Movements,Antisemitism,Colorado,2024,6,2024-06,2
66530,2024-06-05,Groups / Movements,Antisemitism,Colorado,2024,6,2024-06,2
66532,2024-03-15,Groups / Movements,Antisemitism,Texas,2024,3,2024-03,1
66533,2024-04-02,Groups / Movements,Antisemitism,Massachusetts,2024,4,2024-04,2
66534,2024-06-28,Groups / Movements,Antisemitism,Virginia,2024,6,2024-06,2
66535,2024-03-26,Groups / Movements,Antisemitism,Virginia,2024,3,2024-03,1
66227,2024-05-27,Slogans / Code words,Antisemitism,Wisconsin,2024,5,2024-05,2
66616,2024-08-22,Slogans / Code words,Antisemitism,California,2024,8,2024-08,3
66229,2024-02-08,Groups / Movements,Antisemitism,Ohio,2024,2,2024-02,1
66230,2024-06-25,Groups / Movements,Antisemitism,South Dakota,2024,6,2024-06,2
66231,2024-06-29,Groups / Movements,Antisemitism,New Hampshire,2024,6,2024-06,2
66232,2024-02-14,Slogans / Code words,Antisemitism,Vermont,2024,2,2024-02,1
66233,2024-06-24,Groups / Movements,Antisemitism,Colorado,2024,6,2024-06,2
66236,2024-04-21,Groups / Movements,Antisemitism,Alabama,2024,4,2024-04,2
66477,2024-04-01,Groups / Movements,Antisemitism,Mississippi,2024,4,2024-04,2
66478,2024-04-08,Groups / Movements,Antisemitism,Missouri,2024,4,2024-04,2
66479,2024-01-12,Groups / Movements,Antisemitism,Tennessee,2024,1,2024-01,1
66480,2024-04-01,Groups / Movements,Antisemitism,Virginia,2024,4,2024-04,2
66481,2024-06-12,Groups / Movements,Antisemitism,Washington,2024,6,2024-06,2
66482,2024-05-09,Slogans / Code words,Antisemitism,Maryland,2024,5,2024-05,2
66483,2024-03-18,Groups / Movements,Antisemitism,Wyoming,2024,3,2024-03,1
66484,2024-03-27,Groups / Movements,Antisemitism,Michigan,2024,3,2024-03,1
66485,2024-04-04,Groups / Movements,Antisemitism,Tennessee,2024,4,2024-04,2
66486,2024-06-12,Groups / Movements,Antisemitism,Virginia,2024,6,2024-06,2
66247,2024-05-17,Groups / Movements,Antisemitism,Wyoming,2024,5,2024-05,2
66268,2024-03-08,Tactics,Antisemitism,Pennsylvania,2024,3,2024-03,1
66249,2024-03-24,Slogans / Code words,Antisemitism,Missouri,2024,3,2024-03,1
66466,2024-06-14,Groups / Movements,Antisemitism,Illinois,2024,6,2024-06,2
66251,2024-06-03,Groups / Movements,Antisemitism,Alabama,2024,6,2024-06,2
66252,2024-02-08,Groups / Movements,Antisemitism,California,2024,2,2024-02,1
66253,2024-06-07,Groups / Movements,Antisemitism,Alabama,2024,6,2024-06,2
66256,2024-04-02,Groups / Movements,Antisemitism,Virginia,2024,4,2024-04,2
66398,2024-05-10,Groups / Movements,Antisemitism,Mississippi,2024,5,2024-05,2
66399,2024-04-02,Groups / Movements,Antisemitism,North Carolina,2024,4,2024-04,2
66401,2024-04-04,Groups / Movements,Antisemitism,Massachusetts,2024,4,2024-04,2
66402,2024-03-18,Groups / Movements,Antisemitism,Washington,2024,3,2024-03,1
66403,2024-06-12,Groups / Movements,Antisemitism,Virginia,2024,6,2024-06,2
66404,2024-03-24,Groups / Movements,Antisemitism,Louisiana,2024,3,2024-03,1
66405,2024-02-01,Groups / Movements,Antisemitism,South Dakota,2024,2,2024-02,1
66406,2024-01-30,Groups / Movements,Antisemitism,Connecticut,2024,1,2024-01,1
65196,2024-04-15,Slogans / Code words,Antisemitism,New Jersey,2024,4,2024-04,2
65198,2024-04-15,Slogans / Code words,Antisemitism,Georgia,2024,4,2024-04,2
65201,2024-04-16,Slogans / Code words,Antisemitism,Washington,2024,4,2024-04,2
65202,2024-04-17,Slogans / Code words,Antisemitism,New York,2024,4,2024-04,2
65203,2024-04-17,Slogans / Code words,Antisemitism,Minnesota,2024,4,2024-04,2
65206,2024-04-17,Slogans / Code words,Antisemitism,New York,2024,4,2024-04,2
65207,2024-04-17,Slogans / Code words,Antisemitism,New Jersey,2024,4,2024-04,2
65208,2024-04-18,Slogans / Code words,Antisemitism,California,2024,4,2024-04,2
65210,2024-04-18,Slogans / Code words,Antisemitism,Florida,2024,4,2024-04,2
65211,2024-04-18,Slogans / Code words,Antisemitism,New York,2024,4,2024-04,2
65143,2024-03-28,Slogans / Code words,Antisemitism,Georgia,2024,3,2024-03,1
65144,2024-03-28,Slogans / Code words,Antisemitism,Pennsylvania,2024,3,2024-03,1
65147,2024-03-29,Slogans / Code words,Antisemitism,Minnesota,2024,3,2024-03,1
65148,2024-03-29,Slogans / Code words,Antisemitism,Oregon,2024,3,2024-03,1
65149,2024-03-29,Slogans / Code words,Antisemitism,Pennsylvania,2024,3,2024-03,1
65150,2024-03-29,Groups / Movements,Antisemitism,Washington,2024,3,2024-03,1
65151,2024-03-30,Groups / Movements,Antisemitism,New Mexico,2024,3,2024-03,1
65157,2024-04-02,Slogans / Code words,Antisemitism,Texas,2024,4,2024-04,2
65160,2024-04-04,Slogans / Code words,Antisemitism,Texas,2024,4,2024-04,2
66395,2024-04-01,Groups / Movements,Antisemitism,Pennsylvania,2024,4,2024-04,2
66248,2024-06-07,Groups / Movements,Antisemitism,Pennsylvania,2024,6,2024-06,2
66639,2024-08-22,Slogans / Code words,Antisemitism,California,2024,8,2024-08,3
66636,2024-08-24,Slogans / Code words,Antisemitism,Louisiana,2024,8,2024-08,3
66621,2024-09-01,"Slogans / Code words, Key Concepts / Definitions",Antisemitism,Michigan,2024,9,2024-09,3
66642,2024-05-09,Groups / Movements,Antisemitism,California,2024,5,2024-05,2
66417,2024-06-25,Groups / Movements,Antisemitism,North Dakota,2024,6,2024-06,2
66418,2024-03-18,Groups / Movements,Antisemitism,Virginia,2024,3,2024-03,1
66419,2024-03-14,Groups / Movements,Antisemitism,North Carolina,2024,3,2024-03,1
66420,2024-03-16,Slogans / Code words,Antisemitism,Alabama,2024,3,2024-03,1
66421,2024-06-07,Groups / Movements,Antisemitism,Indiana,2024,6,2024-06,2
66422,2024-06-03,Groups / Movements,Antisemitism,Mississippi,2024,6,2024-06,2
66423,2024-06-26,Groups / Movements,Antisemitism,Texas,2024,6,2024-06,2
66425,2024-04-06,Groups / Movements,Antisemitism,Arizona,2024,4,2024-04,2
66426,2024-02-08,Groups / Movements,Antisemitism,Colorado,2024,2,2024-02,1
65428,2024-05-01,Groups / Movements,Antisemitism,Rhode Island,2024,5,2024-05,2
65429,2024-05-01,Slogans / Code words,Antisemitism,New York,2024,5,2024-05,2
65431,2024-05-01,Slogans / Code words,Antisemitism,Colorado,2024,5,2024-05,2
65432,2024-05-01,Slogans / Code words,Antisemitism,Kentucky,2024,5,2024-05,2
65434,2024-05-01,Numbers / Symbols,Antisemitism,California,2024,5,2024-05,2
65436,2024-05-01,Numbers / Symbols,Antisemitism,New York,2024,5,2024-05,2
65439,2024-05-02,Groups / Movements,Antisemitism,New York,2024,5,2024-05,2
65440,2024-05-02,Groups / Movements,Antisemitism,Wisconsin,2024,5,2024-05,2
66407,2024-06-26,Groups / Movements,Antisemitism,Alabama,2024,6,2024-06,2
66408,2024-02-08,Groups / Movements,Antisemitism,Louisiana,2024,2,2024-02,1
66409,2024-02-06,Groups / Movements,Antisemitism,Colorado,2024,2,2024-02,1
66410,2024-03-17,Groups / Movements,Antisemitism,Virginia,2024,3,2024-03,1
66473,2024-06-29,Slogans / Code words,Antisemitism,Texas,2024,6,2024-06,2
66413,2024-06-03,Slogans / Code words,Antisemitism,Georgia,2024,6,2024-06,2
66611,2024-08-22,Slogans / Code words,Antisemitism,California,2024,8,2024-08,3
66415,2024-06-28,Groups / Movements,Antisemitism,Vermont,2024,6,2024-06,2
66197,2024-04-06,Groups / Movements,Antisemitism,Maryland,2024,4,2024-04,2
66198,2024-02-29,Slogans / Code words,Antisemitism,Michigan,2024,2,2024-02,1
66199,2024-06-25,Slogans / Code words,Antisemitism,Missouri,2024,6,2024-06,2
66200,2024-06-25,Groups / Movements,Antisemitism,Tennessee,2024,6,2024-06,2
66201,2024-03-17,Groups / Movements,Antisemitism,Colorado,2024,3,2024-03,1
66202,2024-05-09,Groups / Movements,Antisemitism,Wyoming,2024,5,2024-05,2
66203,2024-02-01,Groups / Movements,Antisemitism,Minnesota,2024,2,2024-02,1
66204,2024-06-23,Groups / Movements,Antisemitism,Wyoming,2024,6,2024-06,2
66228,2024-06-24,Groups / Movements,Antisemitism,California,2024,6,2024-06,2
65336,2024-04-28,Slogans / Code words,Antisemitism,Connecticut,2024,4,2024-04,2
65340,2024-04-29,Slogans / Code words,Antisemitism,Ohio,2024,4,2024-04,2
65344,2024-04-29,Slogans / Code words,Antisemitism,Georgia,2024,4,2024-04,2
65345,2024-04-29,Groups / Movements,Antisemitism,Maryland,2024,4,2024-04,2
65346,2024-04-29,Slogans / Code words,Antisemitism,Colorado,2024,4,2024-04,2
65347,2024-04-29,Groups / Movements,Antisemitism,New York,2024,4,2024-04,2
65348,2024-04-29,Groups / Movements,Antisemitism,Maryland,2024,4,2024-04,2
66553,2024-06-24,Groups / Movements,Antisemitism,Texas,2024,6,2024-06,2
66308,2024-03-02,Groups / Movements,Antisemitism,Texas,2024,3,2024-03,1
66313,2024-06-28,Groups / Movements,Antisemitism,Nebraska,2024,6,2024-06,2
66314,2024-06-05,Groups / Movements,Antisemitism,Ohio,2024,6,2024-06,2
66315,2024-06-12,Groups / Movements,Antisemitism,Connecticut,2024,6,2024-06,2
66187,2024-01-16,Groups / Movements,Antisemitism,Virginia,2024,1,2024-01,1
66188,2024-06-05,Groups / Movements,Antisemitism,Colorado,2024,6,2024-06,2
66189,2024-03-24,Groups / Movements,Antisemitism,Louisiana,2024,3,2024-03,1
66190,2024-05-01,Groups / Movements,Antisemitism,Wyoming,2024,5,2024-05,2
66191,2024-02-08,Groups / Movements,Antisemitism,Colorado,2024,2,2024-02,1
66307,2024-04-04,Groups / Movements,Antisemitism,California,2024,4,2024-04,2
66193,2024-06-14,Groups / Movements,Antisemitism,Florida,2024,6,2024-06,2
66578,2024-06-14,Groups / Movements,Antisemitism,Illinois,2024,6,2024-06,2
66195,2024-04-01,Groups / Movements,Antisemitism,Idaho,2024,4,2024-04,2
66167,2024-03-26,Groups / Movements,Antisemitism,Arkansas,2024,3,2024-03,1
66168,2024-06-12,Groups / Movements,Antisemitism,Florida,2024,6,2024-06,2
66169,2024-06-25,Groups / Movements,Antisemitism,Massachusetts,2024,6,2024-06,2
66170,2024-01-17,Groups / Movements,Antisemitism,Florida,2024,1,2024-01,1
66171,2024-03-17,Groups / Movements,Antisemitism,Ohio,2024,3,2024-03,1
66172,2024-05-18,Slogans / Code words,Antisemitism,Alabama,2024,5,2024-05,2
66173,2024-01-17,Groups / Movements,Antisemitism,California,2024,1,2024-01,1
66174,2024-04-01,Groups / Movements,Antisemitism,Louisiana,2024,4,2024-04,2
66176,2024-06-25,Groups / Movements,Antisemitism,Alabama,2024,6,2024-06,2
65035,2024-02-08,Slogans / Code words,Antisemitism,New York,2024,2,2024-02,1
65036,2024-02-08,Slogans / Code words,Antisemitism,New York,2024,2,2024-02,1
65037,2024-02-08,Slogans / Code words,Antisemitism,Ohio,2024,2,2024-02,1
65038,2024-02-08,Slogans / Code words,Antisemitism,New York,2024,2,2024-02,1
65039,2024-02-08,Slogans / Code words,Antisemitism,Oregon,2024,2,2024-02,1
65040,2024-02-08,Slogans / Code words,Antisemitism,New York,2024,2,2024-02,1
65041,2024-02-08,Slogans / Code words,Antisemitism,New York,2024,2,2024-02,1
65042,2024-02-09,Slogans / Code words,Antisemitism,Pennsylvania,2024,2,2024-02,1
65043,2024-02-09,Slogans / Code words,Antisemitism,New York,2024,2,2024-02,1
65044,2024-02-09,Slogans / Code words,Antisemitism,New Jersey,2024,2,2024-02,1
66345,2024-07-10,Groups / Movements,Antisemitism,Virginia,2024,7,2024-07,3
66348,2024-08-03,Slogans / Code words,Antisemitism,Michigan,2024,8,2024-08,3
66350,2024-08-06,Groups / Movements,Antisemitism,Georgia,2024,8,2024-08,3
66377,2024-01-20,Slogans / Code words,Antisemitism,California,2024,1,2024-01,1
66379,2024-02-08,Groups / Movements,Antisemitism,Oklahoma,2024,2,2024-02,1
66380,2024-02-17,Slogans / Code words,Antisemitism,Minnesota,2024,2,2024-02,1
66414,2024-06-30,People,Antisemitism,California,2024,6,2024-06,2
66382,2024-04-04,Groups / Movements,Antisemitism,Wisconsin,2024,4,2024-04,2
66383,2024-06-20,Groups / Movements,Antisemitism,Wyoming,2024,6,2024-06,2
66384,2024-03-24,Groups / Movements,Antisemitism,South Dakota,2024,3,2024-03,1
66385,2024-02-01,Groups / Movements,Antisemitism,Mississippi,2024,2,2024-02,1
66386,2024-06-24,Groups / Movements,Antisemitism,Kentucky,2024,6,2024-06,2
65468,2024-05-05,Slogans / Code words,Antisemitism,Pennsylvania,2024,5,2024-05,2
65469,2024-05-06,Slogans / Code words,Antisemitism,New York,2024,5,2024-05,2
65470,2024-05-06,Slogans / Code words,Antisemitism,New York,2024,5,2024-05,2
65471,2024-05-06,Slogans / Code words,Antisemitism,North Carolina,2024,5,2024-05,2
65472,2024-05-06,Slogans / Code words,Antisemitism,Pennsylvania,2024,5,2024-05,2
65473,2024-05-06,Slogans / Code words,Antisemitism,Massachusetts,2024,5,2024-05,2
65474,2024-05-06,Groups / Movements,Antisemitism,Colorado,2024,5,2024-05,2
65475,2024-05-06,Groups / Movements,Antisemitism,Florida,2024,5,2024-05,2
65476,2024-05-06,Slogans / Code words,Antisemitism,California,2024,5,2024-05,2
65480,2024-05-07,Slogans / Code words,Antisemitism,Rhode Island,2024,5,2024-05,2
65182,2024-04-12,Slogans / Code words,Antisemitism,Oregon,2024,4,2024-04,2
65183,2024-04-13,Slogans / Code words,Antisemitism,Missouri,2024,4,2024-04,2
65185,2024-04-14,Numbers / Symbols,Antisemitism,New York,2024,4,2024-04,2
65189,2024-04-15,Slogans / Code words,Antisemitism,California,2024,4,2024-04,2
65190,2024-04-15,Slogans / Code words,Antisemitism,Michigan,2024,4,2024-04,2
65192,2024-04-15,Slogans / Code words,Antisemitism,Virginia,2024,4,2024-04,2
65193,2024-04-15,Slogans / Code words,Antisemitism,California,2024,4,2024-04,2
65195,2024-04-15,Groups / Movements,Antisemitism,Illinois,2024,4,2024-04,2
66623,2024-01-22,Groups / Movements,Antisemitism,Montana,2024,1,2024-01,1
66290,2024-05-08,Groups / Movements,Antisemitism,California,2024,5,2024-05,2
66632,2024-03-01,Slogans / Code words,Antisemitism,California,2024,3,2024-03,1
66630,2024-03-14,Groups / Movements,Antisemitism,California,2024,3,2024-03,1
66612,2024-03-18,Groups / Movements,Antisemitism,Washington,2024,3,2024-03,1
66628,2024-04-01,Groups / Movements,Antisemitism,Nebraska,2024,4,2024-04,2
64983,2024-01-17,Slogans / Code words,Antisemitism,New Jersey,2024,1,2024-01,1
65019,2024-02-02,Groups / Movements,Antisemitism,New York,2024,2,2024-02,1
65054,2024-02-14,Slogans / Code words,Antisemitism,Illinois,2024,2,2024-02,1
65069,2024-02-19,Slogans / Code words,Antisemitism,Virginia,2024,2,2024-02,1
65070,2024-02-20,Groups / Movements,Antisemitism,Illinois,2024,2,2024-02,1
65075,2024-02-24,Slogans / Code words,Antisemitism,Louisiana,2024,2,2024-02,1
65081,2024-02-26,Slogans / Code words,Antisemitism,California,2024,2,2024-02,1
65119,2024-03-18,Slogans / Code words,Antisemitism,Florida,2024,3,2024-03,1
65130,2024-03-23,Slogans / Code words,Antisemitism,New York,2024,3,2024-03,1
65154,2024-04-02,Slogans / Code words,Antisemitism,Florida,2024,4,2024-04,2
66557,2024-06-25,Groups / Movements,Antisemitism,Tennessee,2024,6,2024-06,2
66558,2024-01-17,Slogans / Code words,Antisemitism,Alabama,2024,1,2024-01,1
66559,2024-03-24,Groups / Movements,Antisemitism,Arkansas,2024,3,2024-03,1
66560,2024-05-09,Groups / Movements,Antisemitism,Mississippi,2024,5,2024-05,2
66432,2024-05-10,Groups / Movements,Antisemitism,Texas,2024,5,2024-05,2
66562,2024-03-26,Slogans / Code words,Antisemitism,Tennessee,2024,3,2024-03,1
66563,2024-06-26,Groups / Movements,Antisemitism,Florida,2024,6,2024-06,2
66564,2024-01-14,Slogans / Code words,Antisemitism,Montana,2024,1,2024-01,1
66565,2024-05-08,Groups / Movements,Antisemitism,Ohio,2024,5,2024-05,2
66566,2024-06-23,Groups / Movements,Antisemitism,Colorado,2024,6,2024-06,2
65267,2024-04-25,Slogans / Code words,Antisemitism,Indiana,2024,4,2024-04,2
65268,2024-04-25,Numbers / Symbols,Antisemitism,Georgia,2024,4,2024-04,2
65270,2024-04-25,Slogans / Code words,Antisemitism,New York,2024,4,2024-04,2
65271,2024-04-25,Slogans / Code words,Antisemitism,Illinois,2024,4,2024-04,2
65272,2024-04-25,Groups / Movements,Antisemitism,California,2024,4,2024-04,2
65275,2024-04-25,Slogans / Code words,Antisemitism,Connecticut,2024,4,2024-04,2
65276,2024-04-25,Slogans / Code words,Antisemitism,New York,2024,4,2024-04,2
65277,2024-04-25,Slogans / Code words,Antisemitism,New Hampshire,2024,4,2024-04,2
65278,2024-04-25,Groups / Movements,Antisemitism,New York,2024,4,2024-04,2
65023,2024-02-06,Slogans / Code words,Antisemitism,New York,2024,2,2024-02,1
65024,2024-02-06,Slogans / Code words,Antisemitism,Florida,2024,2,2024-02,1
65025,2024-02-07,Slogans / Code words,Antisemitism,New Jersey,2024,2,2024-02,1
65027,2024-02-08,Slogans / Code words,Antisemitism,Texas,2024,2,2024-02,1
65029,2024-02-08,Slogans / Code words,Antisemitism,Florida,2024,2,2024-02,1
65030,2024-02-08,Groups / Movements,Antisemitism,New York,2024,2,2024-02,1
65031,2024-02-08,Numbers / Symbols,Antisemitism,New York,2024,2,2024-02,1
65032,2024-02-08,Slogans / Code words,Antisemitism,Michigan,2024,2,2024-02,1
65033,2024-02-08,Slogans / Code words,Antisemitism,New York,2024,2,2024-02,1
65034,2024-02-08,Slogans / Code words,Antisemitism,Virginia,2024,2,2024-02,1
66547,2024-06-14,Groups / Movements,Antisemitism,North Carolina,2024,6,2024-06,2
66548,2024-06-14,Groups / Movements,Antisemitism,South Dakota,2024,6,2024-06,2
66550,2024-06-12,Groups / Movements,Antisemitism,Colorado,2024,6,2024-06,2
66551,2024-02-02,Groups / Movements,Antisemitism,Virginia,2024,2,2024-02,1
66552,2024-05-10,Groups / Movements,Antisemitism,Kentucky,2024,5,2024-05,2
66224,2024-06-28,Groups / Movements,Antisemitism,Texas,2024,6,2024-06,2
66554,2024-06-24,Groups / Movements,Antisemitism,Maryland,2024,6,2024-06,2
66555,2024-05-09,Groups / Movements,Antisemitism,Alabama,2024,5,2024-05,2
66556,2024-06-25,Groups / Movements,Antisemitism,Colorado,2024,6,2024-06,2
66157,2024-06-29,Groups / Movements,Antisemitism,Massachusetts,2024,6,2024-06,2
66158,2024-04-08,Groups / Movements,Antisemitism,North Dakota,2024,4,2024-04,2
66161,2024-06-12,Groups / Movements,Antisemitism,Alabama,2024,6,2024-06,2
66162,2024-01-28,Slogans / Code words,Antisemitism,Illinois,2024,1,2024-01,1
66163,2024-06-23,Groups / Movements,Antisemitism,Mississippi,2024,6,2024-06,2
66164,2024-03-29,Groups / Movements,Antisemitism,Tennessee,2024,3,2024-03,1
66165,2024-06-11,Groups / Movements,Antisemitism,South Carolina,2024,6,2024-06,2
66166,2024-03-12,Slogans / Code words,Antisemitism,New York,2024,3,2024-03,1
65491,2024-05-08,Slogans / Code words,Antisemitism,California,2024,5,2024-05,2
65492,2024-05-08,Slogans / Code words,Antisemitism,Connecticut,2024,5,2024-05,2
65493,2024-05-08,Slogans / Code words,Antisemitism,California,2024,5,2024-05,2
65494,2024-05-08,Slogans / Code words,Antisemitism,New York,2024,5,2024-05,2
65495,2024-05-08,Groups / Movements,Antisemitism,California,2024,5,2024-05,2
65496,2024-05-08,Slogans / Code words,Antisemitism,North Carolina,2024,5,2024-05,2
65497,2024-05-09,Groups / Movements,Antisemitism,New York,2024,5,2024-05,2
65498,2024-05-09,Groups / Movements,Antisemitism,California,2024,5,2024-05,2
65061,2024-02-16,Slogans / Code words,Antisemitism,New York,2024,2,2024-02,1
65062,2024-02-16,Groups / Movements,Antisemitism,Georgia,2024,2,2024-02,1
65063,2024-02-16,Numbers / Symbols,Antisemitism,Georgia,2024,2,2024-02,1
65064,2024-02-17,Slogans / Code words,Antisemitism,Illinois,2024,2,2024-02,1
65065,2024-02-18,Slogans / Code words,Antisemitism,Virginia,2024,2,2024-02,1
65066,2024-02-19,Slogans / Code words,Antisemitism,Florida,2024,2,2024-02,1
65067,2024-02-19,Slogans / Code words,Antisemitism,Illinois,2024,2,2024-02,1
65068,2024-02-19,Slogans / Code words,Antisemitism,Texas,2024,2,2024-02,1
66457,2024-06-03,Groups / Movements,Antisemitism,Washington,2024,6,2024-06,2
66459,2024-06-10,Tactics,Antisemitism,Pennsylvania,2024,6,2024-06,2
66461,2024-05-08,Groups / Movements,Antisemitism,Virginia,2024,5,2024-05,2
66462,2024-06-24,Groups / Movements,Antisemitism,Wyoming,2024,6,2024-06,2
66463,2024-06-26,Groups / Movements,Antisemitism,Maryland,2024,6,2024-06,2
66464,2024-04-06,Groups / Movements,Antisemitism,Florida,2024,4,2024-04,2
66465,2024-03-24,Groups / Movements,Antisemitism,South Dakota,2024,3,2024-03,1
66238,2024-05-10,Groups / Movements,Antisemitism,California,2024,5,2024-05,2
66624,2024-04-16,Slogans / Code words,Antisemitism,Texas,2024,4,2024-04,2
66627,2024-05-21,Groups / Movements,Antisemitism,New York,2024,5,2024-05,2
66609,2024-05-29,Groups / Movements,Antisemitism,Indiana,2024,5,2024-05,2
66618,2024-05-29,Groups / Movements,Antisemitism,Florida,2024,5,2024-05,2
66610,2024-06-09,Groups / Movements,Antisemitism,Texas,2024,6,2024-06,2
66638,2024-07-15,Groups / Movements,Antisemitism,Tennessee,2024,7,2024-07,3
66620,2024-07-19,Groups / Movements,Antisemitism,Tennessee,2024,7,2024-07,3
66606,2024-07-21,Incidents / Events,Antisemitism,Tennessee,2024,7,2024-07,3
65071,2024-02-20,Slogans / Code words,Antisemitism,New York,2024,2,2024-02,1
65072,2024-02-21,Slogans / Code words,Antisemitism,Oregon,2024,2,2024-02,1
65074,2024-02-22,Slogans / Code words,Antisemitism,New York,2024,2,2024-02,1
65080,2024-02-26,Slogans / Code words,Antisemitism,Minnesota,2024,2,2024-02,1
65084,2024-02-27,Slogans / Code words,Antisemitism,Washington D.C.,2024,2,2024-02,1
65087,2024-02-28,Slogans / Code words,Antisemitism,New York,2024,2,2024-02,1
65088,2024-02-28,Groups / Movements,Antisemitism,West Virginia,2024,2,2024-02,1
66587,2024-06-03,Groups / Movements,Antisemitism,Colorado,2024,6,2024-06,2
66588,2024-03-24,Groups / Movements,Antisemitism,Mississippi,2024,3,2024-03,1
66589,2024-05-10,Groups / Movements,Antisemitism,Iowa,2024,5,2024-05,2
66590,2024-04-01,Groups / Movements,Antisemitism,Alabama,2024,4,2024-04,2
66317,2024-04-01,Groups / Movements,Antisemitism,Pennsylvania,2024,4,2024-04,2
66592,2024-05-09,Groups / Movements,Antisemitism,Colorado,2024,5,2024-05,2
66593,2024-03-11,Groups / Movements,Antisemitism,Colorado,2024,3,2024-03,1
66594,2024-05-14,Groups / Movements,Antisemitism,Tennessee,2024,5,2024-05,2
66595,2024-06-25,Groups / Movements,Antisemitism,Colorado,2024,6,2024-06,2
66596,2024-03-18,Groups / Movements,Antisemitism,Wyoming,2024,3,2024-03,1
65132,2024-03-25,Groups / Movements,Antisemitism,Florida,2024,3,2024-03,1
65133,2024-03-25,Slogans / Code words,Antisemitism,Washington,2024,3,2024-03,1
65134,2024-03-26,Slogans / Code words,Antisemitism,New York,2024,3,2024-03,1
65135,2024-03-26,Slogans / Code words,Antisemitism,New York,2024,3,2024-03,1
65137,2024-03-26,Slogans / Code words,Antisemitism,Missouri,2024,3,2024-03,1
65138,2024-03-26,Slogans / Code words,Antisemitism,New York,2024,3,2024-03,1
65139,2024-03-26,Slogans / Code words,Antisemitism,New York,2024,3,2024-03,1
65140,2024-03-27,Slogans / Code words,Antisemitism,Massachusetts,2024,3,2024-03,1
65141,2024-03-27,Slogans / Code words,Antisemitism,Massachusetts,2024,3,2024-03,1
65457,2024-05-03,Slogans / Code words,Antisemitism,Louisiana,2024,5,2024-05,2
65458,2024-05-03,Slogans / Code words,Antisemitism,Georgia,2024,5,2024-05,2
65461,2024-05-04,Numbers / Symbols,Antisemitism,Illinois,2024,5,2024-05,2
65463,2024-05-04,Slogans / Code words,Antisemitism,Ohio,2024,5,2024-05,2
65464,2024-05-04,Groups / Movements,Antisemitism,Illinois,2024,5,2024-05,2
65466,2024-05-04,People,Antisemitism,Florida,2024,5,2024-05,2
66177,2024-05-09,Groups / Movements,Antisemitism,Ohio,2024,5,2024-05,2
66178,2024-04-20,Slogans / Code words,Antisemitism,Tennessee,2024,4,2024-04,2
66179,2024-06-06,Slogans / Code words,Antisemitism,Pennsylvania,2024,6,2024-06,2
66182,2024-02-08,Groups / Movements,Antisemitism,Mississippi,2024,2,2024-02,1
66183,2024-05-07,Slogans / Code words,Antisemitism,Oregon,2024,5,2024-05,2
66184,2024-01-16,Groups / Movements,Antisemitism,Virginia,2024,1,2024-01,1
66185,2024-04-02,Groups / Movements,Antisemitism,Maine,2024,4,2024-04,2
66186,2024-05-09,Groups / Movements,Antisemitism,Virginia,2024,5,2024-05,2
66597,2024-04-08,Groups / Movements,Antisemitism,Virginia,2024,4,2024-04,2
66598,2024-02-09,Groups / Movements,Antisemitism,North Carolina,2024,2,2024-02,1
66599,2024-04-02,Groups / Movements,Antisemitism,Minnesota,2024,4,2024-04,2
66600,2024-06-25,Groups / Movements,Antisemitism,New York,2024,6,2024-06,2
66601,2024-03-26,Groups / Movements,Antisemitism,Ohio,2024,3,2024-03,1
66602,2024-06-25,Groups / Movements,Antisemitism,Tennessee,2024,6,2024-06,2
66362,2024-03-24,Groups / Movements,Antisemitism,Pennsylvania,2024,3,2024-03,1
66607,2024-01-20,Groups / Movements,Antisemitism,California,2024,1,2024-01,1
66514,2024-04-20,Groups / Movements,Antisemitism,Montana,2024,4,2024-04,2
66531,2024-08-24,Slogans / Code words,Antisemitism,Michigan,2024,8,2024-08,3
66567,2024-08-17,Slogans / Code words,Antisemitism,Alabama,2024,8,2024-08,3
66617,2024-03-03,Groups / Movements,Antisemitism,Texas,2024,3,2024-03,1
66318,2024-06-28,Groups / Movements,Antisemitism,Connecticut,2024,6,2024-06,2
66319,2024-02-08,Groups / Movements,Antisemitism,Nebraska,2024,2,2024-02,1
66320,2024-05-10,Groups / Movements,Antisemitism,Iowa,2024,5,2024-05,2
66321,2024-05-24,Groups / Movements,Antisemitism,Kentucky,2024,5,2024-05,2
66322,2024-06-26,Groups / Movements,Antisemitism,Missouri,2024,6,2024-06,2
66323,2024-05-18,Slogans / Code words,Antisemitism,Oregon,2024,5,2024-05,2
66324,2024-05-08,Groups / Movements,Antisemitism,New Jersey,2024,5,2024-05,2
66325,2024-06-14,Groups / Movements,Antisemitism,California,2024,6,2024-06,2
66217,2024-04-06,Groups / Movements,Antisemitism,Virginia,2024,4,2024-04,2
66218,2024-04-02,Groups / Movements,Antisemitism,Minnesota,2024,4,2024-04,2
66219,2024-02-07,Groups / Movements,Antisemitism,Wyoming,2024,2,2024-02,1
66220,2024-02-08,Groups / Movements,Antisemitism,Wyoming,2024,2,2024-02,1
66221,2024-04-01,Groups / Movements,Antisemitism,Arkansas,2024,4,2024-04,2
66222,2024-06-08,Groups / Movements,Antisemitism,South Dakota,2024,6,2024-06,2
66223,2024-03-14,Groups / Movements,Antisemitism,Virginia,2024,3,2024-03,1
66487,2024-05-08,Groups / Movements,Antisemitism,Texas,2024,5,2024-05,2
66225,2024-06-26,Groups / Movements,Antisemitism,Colorado,2024,6,2024-06,2
66226,2024-03-17,Groups / Movements,Antisemitism,Virginia,2024,3,2024-03,1
66237,2024-02-01,Groups / Movements,Antisemitism,South Dakota,2024,2,2024-02,1
66274,2024-05-08,Groups / Movements,Antisemitism,Illinois,2024,5,2024-05,2
66326,2024-06-28,Groups / Movements,Antisemitism,Illinois,2024,6,2024-06,2
66243,2024-04-13,Slogans / Code words,Antisemitism,North Carolina,2024,4,2024-04,2
66245,2024-03-17,Groups / Movements,Antisemitism,Colorado,2024,3,2024-03,1
66246,2024-06-05,Groups / Movements,Antisemitism,Connecticut,2024,6,2024-06,2
66257,2024-03-28,Groups / Movements,Antisemitism,Virginia,2024,3,2024-03,1
66258,2024-05-15,Groups / Movements,Antisemitism,North Carolina,2024,5,2024-05,2
66259,2024-06-24,Groups / Movements,Antisemitism,Missouri,2024,6,2024-06,2
66260,2024-06-24,Groups / Movements,Antisemitism,Virginia,2024,6,2024-06,2
66262,2024-03-17,Groups / Movements,Antisemitism,Wyoming,2024,3,2024-03,1
66264,2024-04-02,Groups / Movements,Antisemitism,Virginia,2024,4,2024-04,2
66265,2024-04-06,Groups / Movements,Antisemitism,Georgia,2024,4,2024-04,2
66266,2024-06-25,Groups / Movements,Antisemitism,California,2024,6,2024-06,2
66576,2024-06-03,Slogans / Code words,Antisemitism,Illinois,2024,6,2024-06,2
66604,2024-05-24,Groups / Movements,Antisemitism,Illinois,2024,5,2024-05,2
66269,2024-03-17,Groups / Movements,Antisemitism,Nebraska,2024,3,2024-03,1
66271,2024-03-11,Groups / Movements,Antisemitism,Wisconsin,2024,3,2024-03,1
66272,2024-03-12,Groups / Movements,Antisemitism,New Hampshire,2024,3,2024-03,1
66273,2024-04-08,Groups / Movements,Antisemitism,Maryland,2024,4,2024-04,2
66275,2024-03-17,Groups / Movements,Antisemitism,Virginia,2024,3,2024-03,1
66276,2024-02-08,Groups / Movements,Antisemitism,Massachusetts,2024,2,2024-02,1
66288,2024-04-02,Groups / Movements,Antisemitism,Washington,2024,4,2024-04,2
66289,2024-03-29,Groups / Movements,Antisemitism,Washington,2024,3,2024-03,1
66561,2024-06-03,Groups / Movements,Antisemitism,Illinois,2024,6,2024-06,2
66291,2024-05-08,Groups / Movements,Antisemitism,Alabama,2024,5,2024-05,2
66292,2024-06-13,Groups / Movements,Antisemitism,Georgia,2024,6,2024-06,2
66293,2024-05-18,Slogans / Code words,Antisemitism,Missouri,2024,5,2024-05,2
66294,2024-05-24,"Slogans / Code words, Conspiracy Theories",Antisemitism,Wyoming,2024,5,2024-05,2
66296,2024-04-01,Groups / Movements,Antisemitism,Alabama,2024,4,2024-04,2
66338,2024-05-27,Groups / Movements,Antisemitism,Indiana,2024,5,2024-05,2
66339,2024-05-30,Incidents / Events,Antisemitism,Wyoming,2024,5,2024-05,2
66340,2024-05-10,Groups / Movements,Antisemitism,Minnesota,2024,5,2024-05,2
66341,2024-06-07,Groups / Movements,Antisemitism,Massachusetts,2024,6,2024-06,2
66342,2024-03-24,Groups / Movements,Antisemitism,Florida,2024,3,2024-03,1
66343,2024-03-24,Groups / Movements,Antisemitism,Oklahoma,2024,3,2024-03,1
66344,2024-02-08,Groups / Movements,Antisemitism,California,2024,2,2024-02,1
66629,2024-01-13,Groups / Movements,Antisemitism,Texas,2024,1,2024-01,1
66347,2024-06-25,Groups / Movements,Antisemitism,Tennessee,2024,6,2024-06,2
66349,2024-06-03,Groups / Movements,Antisemitism,Louisiana,2024,6,2024-06,2
66351,2024-06-24,Groups / Movements,Antisemitism,Virginia,2024,6,2024-06,2
66352,2024-03-18,Groups / Movements,Antisemitism,Virginia,2024,3,2024-03,1
66267,2024-04-04,Groups / Movements,Antisemitism,Texas,2024,4,2024-04,2
66355,2024-04-17,Publications,Antisemitism,Wyoming,2024,4,2024-04,2
66356,2024-03-18,Groups / Movements,Antisemitism,North Carolina,2024,3,2024-03,1
66358,2024-02-09,Groups / Movements,Antisemitism,Alabama,2024,2,2024-02,1
66359,2024-04-01,Groups / Movements,Antisemitism,Wisconsin,2024,4,2024-04,2
66360,2024-04-01,Groups / Movements,Antisemitism,South Dakota,2024,4,2024-04,2
66361,2024-04-04,Slogans / Code words,Antisemitism,Tennessee,2024,4,2024-04,2
66364,2024-06-25,Groups / Movements,Antisemitism,North Carolina,2024,6,2024-06,2
66365,2024-02-14,Groups / Movements,Antisemitism,Kentucky,2024,2,2024-02,1
66366,2024-04-04,Groups / Movements,Antisemitism,Wyoming,2024,4,2024-04,2
66367,2024-03-28,Groups / Movements,Antisemitism,Ohio,2024,3,2024-03,1
66369,2024-03-26,Groups / Movements,Antisemitism,Tennessee,2024,3,2024-03,1
66370,2024-03-24,Groups / Movements,Antisemitism,Maryland,2024,3,2024-03,1
66371,2024-03-17,Groups / Movements,Antisemitism,Ohio,2024,3,2024-03,1
66372,2024-05-03,Groups / Movements,Antisemitism,Washington,2024,5,2024-05,2
66373,2024-04-01,Groups / Movements,Antisemitism,Mississippi,2024,4,2024-04,2
66375,2024-06-26,Groups / Movements,Antisemitism,New Hampshire,2024,6,2024-06,2
66376,2024-06-18,Groups / Movements,Antisemitism,Michigan,2024,6,2024-06,2
66387,2024-06-05,Groups / Movements,Antisemitism,Texas,2024,6,2024-06,2
66388,2024-03-10,Groups / Movements,Antisemitism,Ohio,2024,3,2024-03,1
66389,2024-02-27,Groups / Movements,Antisemitism,Maryland,2024,2,2024-02,1
66390,2024-04-07,"Slogans / Code words, Conspiracy Theories",Antisemitism,Vermont,2024,4,2024-04,2
66392,2024-03-18,Groups / Movements,Antisemitism,North Carolina,2024,3,2024-03,1
66393,2024-06-28,Slogans / Code words,Antisemitism,Maryland,2024,6,2024-06,2
66394,2024-06-12,Slogans / Code words,Antisemitism,Oregon,2024,6,2024-06,2
66396,2024-01-05,Groups / Movements,Antisemitism,Louisiana,2024,1,2024-01,1
66437,2024-05-15,Groups / Movements,Antisemitism,Alabama,2024,5,2024-05,2
66438,2024-02-08,Groups / Movements,Antisemitism,Tennessee,2024,2,2024-02,1
66439,2024-06-07,Groups / Movements,Antisemitism,North Carolina,2024,6,2024-06,2
66441,2024-06-12,Groups / Movements,Antisemitism,Colorado,2024,6,2024-06,2
66445,2024-03-15,Slogans / Code words,Antisemitism,Washington,2024,3,2024-03,1
66449,2024-06-26,Groups / Movements,Antisemitism,Colorado,2024,6,2024-06,2
66309,2024-06-26,Groups / Movements,Antisemitism,California,2024,6,2024-06,2
66451,2024-05-08,Groups / Movements,Antisemitism,North Dakota,2024,5,2024-05,2
66452,2024-04-06,Groups / Movements,Antisemitism,Minnesota,2024,4,2024-04,2
66454,2024-03-12,Groups / Movements,Antisemitism,Georgia,2024,3,2024-03,1
66455,2024-06-30,Groups / Movements,Antisemitism,Vermont,2024,6,2024-06,2
66570,2024-03-24,Groups / Movements,Antisemitism,North Carolina,2024,3,2024-03,1
66573,2024-06-12,Groups / Movements,Antisemitism,Colorado,2024,6,2024-06,2
66575,2024-04-04,Groups / Movements,Antisemitism,Rhode Island,2024,4,2024-04,2
66539,2024-06-25,Groups / Movements,Antisemitism,California,2024,6,2024-06,2
66497,2024-04-04,Groups / Movements,Antisemitism,Wyoming,2024,4,2024-04,2
66498,2024-04-01,Groups / Movements,Antisemitism,Alabama,2024,4,2024-04,2
66501,2024-04-04,Groups / Movements,Antisemitism,Colorado,2024,4,2024-04,2
66502,2024-02-16,Tactics,Antisemitism,Wyoming,2024,2,2024-02,1
66503,2024-06-06,Slogans / Code words,Antisemitism,Oregon,2024,6,2024-06,2
66504,2024-06-14,Groups / Movements,Antisemitism,Texas,2024,6,2024-06,2
66505,2024-01-16,Groups / Movements,Antisemitism,Arkansas,2024,1,2024-01,1
66506,2024-03-27,Groups / Movements,Antisemitism,Missouri,2024,3,2024-03,1
66517,2024-03-24,Groups / Movements,Antisemitism,Virginia,2024,3,2024-03,1
66518,2024-06-26,Groups / Movements,Antisemitism,Florida,2024,6,2024-06,2
66519,2024-06-11,Groups / Movements,Antisemitism,Connecticut,2024,6,2024-06,2
66520,2024-06-23,Groups / Movements,Antisemitism,Colorado,2024,6,2024-06,2
66521,2024-06-14,Slogans / Code words,Antisemitism,Michigan,2024,6,2024-06,2
66522,2024-06-24,Groups / Movements,Antisemitism,Ohio,2024,6,2024-06,2
66523,2024-03-24,Groups / Movements,Antisemitism,Nebraska,2024,3,2024-03,1
66524,2024-06-24,Groups / Movements,Antisemitism,Virginia,2024,6,2024-06,2
66525,2024-04-01,Groups / Movements,Antisemitism,Virginia,2024,4,2024-04,2
66526,2024-03-24,Groups / Movements,Antisemitism,Missouri,2024,3,2024-03,1
66537,2024-01-16,Groups / Movements,Antisemitism,Nebraska,2024,1,2024-01,1
66538,2024-04-01,Groups / Movements,Antisemitism,Virginia,2024,4,2024-04,2
66622,2024-08-22,Groups / Movements,Antisemitism,California,2024,8,2024-08,3
66540,2024-06-28,Groups / Movements,Antisemitism,North Dakota,2024,6,2024-06,2
66542,2024-06-23,Groups / Movements,Antisemitism,Maryland,2024,6,2024-06,2
66543,2024-04-02,Groups / Movements,Antisemitism,Virginia,2024,4,2024-04,2
66546,2024-06-14,"Slogans / Code words, Conspiracy Theories",Antisemitism,Ohio,2024,6,2024-06,2
66619,2024-07-28,Slogans / Code words,Antisemitism,California,2024,7,2024-07,3
66608,2024-07-29,Platforms / Sites,Antisemitism,California,2024,7,2024-07,3
66615,2024-08-05,Slogans / Code words,Antisemitism,West Virginia,2024,8,2024-08,3
66641,2024-08-05,Slogans / Code words,Antisemitism,Florida,2024,8,2024-08,3
66631,2024-08-14,Slogans / Code words,Antisemitism,Arizona,2024,8,2024-08,3
66635,2024-08-21,Groups / Movements,Antisemitism,California,2024,8,2024-08,3
66194,2024-06-14,Groups / Movements,Antisemitism,California,2024,6,2024-06,2
66512,2024-04-20,Groups / Movements,Antisemitism,Pennsylvania,2024,4,2024-04,2
65161,2024-04-04,Groups / Movements,Antisemitism,California,2024,4,2024-04,2
65162,2024-04-04,Slogans / Code words,Antisemitism,New York,2024,4,2024-04,2
65163,2024-04-05,Slogans / Code words,Antisemitism,Massachusetts,2024,4,2024-04,2
65164,2024-04-05,Slogans / Code words,Antisemitism,Virginia,2024,4,2024-04,2
65165,2024-04-05,Slogans / Code words,Antisemitism,Massachusetts,2024,4,2024-04,2
65167,2024-04-05,Slogans / Code words,Antisemitism,Michigan,2024,4,2024-04,2
65169,2024-04-06,Slogans / Code words,Antisemitism,Virginia,2024,4,2024-04,2
65171,2024-04-08,Groups / Movements,Antisemitism,New York,2024,4,2024-04,2
65173,2024-04-08,Slogans / Code words,Antisemitism,Tennessee,2024,4,2024-04,2
65177,2024-04-09,Slogans / Code words,Antisemitism,Massachusetts,2024,4,2024-04,2
66571,2024-07-06,Groups / Movements,Antisemitism,Tennessee,2024,7,2024-07,3
65316,2024-04-26,Groups / Movements,Antisemitism,California,2024,4,2024-04,2
65317,2024-04-26,Slogans / Code words,Antisemitism,Minnesota,2024,4,2024-04,2
65321,2024-04-26,Slogans / Code words,Antisemitism,North Carolina,2024,4,2024-04,2
65323,2024-04-26,Slogans / Code words,Antisemitism,Virginia,2024,4,2024-04,2
66822,2024-04-28,Slogans / Code words,Antisemitism,Texas,2024,4,2024-04,2
65212,2024-04-19,Slogans / Code words,Antisemitism,Massachusetts,2024,4,2024-04,2
65217,2024-04-19,Slogans / Code words,Antisemitism,New Jersey,2024,4,2024-04,2
65220,2024-04-19,Slogans / Code words,Antisemitism,Connecticut,2024,4,2024-04,2
65221,2024-04-20,Groups / Movements,Antisemitism,Missouri,2024,4,2024-04,2
65222,2024-04-20,Numbers / Symbols,Antisemitism,New York,2024,4,2024-04,2
65223,2024-04-20,Slogans / Code words,Antisemitism,Connecticut,2024,4,2024-04,2
65227,2024-04-21,Groups / Movements,Antisemitism,Connecticut,2024,4,2024-04,2
65230,2024-04-21,People,Antisemitism,New York,2024,4,2024-04,2
65231,2024-04-21,Slogans / Code words,Antisemitism,Pennsylvania,2024,4,2024-04,2
65363,2024-04-29,Slogans / Code words,Antisemitism,Maine,2024,4,2024-04,2
65365,2024-04-29,Groups / Movements,Antisemitism,New Jersey,2024,4,2024-04,2
65366,2024-04-29,Slogans / Code words,Antisemitism,Arizona,2024,4,2024-04,2
65370,2024-04-29,Groups / Movements,Antisemitism,Ohio,2024,4,2024-04,2
65371,2024-04-29,Slogans / Code words,Antisemitism,New Jersey,2024,4,2024-04,2
65372,2024-04-29,Slogans / Code words,Antisemitism,Massachusetts,2024,4,2024-04,2
65374,2024-04-29,Slogans / Code words,Antisemitism,Oregon,2024,4,2024-04,2
65442,2024-05-02,Slogans / Code words,Antisemitism,Pennsylvania,2024,5,2024-05,2
65443,2024-05-02,Slogans / Code words,Antisemitism,California,2024,5,2024-05,2
65444,2024-05-02,Slogans / Code words,Antisemitism,North Carolina,2024,5,2024-05,2
65448,2024-05-02,Slogans / Code words,Antisemitism,Washington D.C.,2024,5,2024-05,2
65450,2024-05-02,Slogans / Code words,Antisemitism,Mississippi,2024,5,2024-05,2
65452,2024-05-03,Slogans / Code words,Antisemitism,Hawaii,2024,5,2024-05,2
65453,2024-05-03,Groups / Movements,Antisemitism,Wisconsin,2024,5,2024-05,2
65454,2024-05-03,Slogans / Code words,Antisemitism,New York,2024,5,2024-05,2
65455,2024-05-03,Groups / Movements,Antisemitism,New York,2024,5,2024-05,2
65298,2024-04-25,Slogans / Code words,Antisemitism,Florida,2024,4,2024-04,2
65299,2024-04-25,Slogans / Code words,Antisemitism,Ohio,2024,4,2024-04,2
65301,2024-04-25,Slogans / Code words,Antisemitism,Louisiana,2024,4,2024-04,2
65302,2024-04-25,Numbers / Symbols,Antisemitism,Minnesota,2024,4,2024-04,2
65305,2024-04-25,Slogans / Code words,Antisemitism,Arizona,2024,4,2024-04,2
65306,2024-04-25,Numbers / Symbols,Antisemitism,New York,2024,4,2024-04,2
65307,2024-04-26,Slogans / Code words,Antisemitism,California,2024,4,2024-04,2
65313,2024-04-26,Numbers / Symbols,Antisemitism,Kansas,2024,4,2024-04,2
65315,2024-04-26,Numbers / Symbols,Antisemitism,Louisiana,2024,4,2024-04,2
65375,2024-04-29,Numbers / Symbols,Antisemitism,California,2024,4,2024-04,2
65377,2024-04-29,Slogans / Code words,Antisemitism,Missouri,2024,4,2024-04,2
65378,2024-04-29,Slogans / Code words,Antisemitism,Florida,2024,4,2024-04,2
65379,2024-04-30,Groups / Movements,Antisemitism,Illinois,2024,4,2024-04,2
65380,2024-04-30,Groups / Movements,Antisemitism,New York,2024,4,2024-04,2
65381,2024-04-30,Slogans / Code words,Antisemitism,Colorado,2024,4,2024-04,2
65382,2024-04-30,Slogans / Code words,Antisemitism,New York,2024,4,2024-04,2
65384,2024-04-30,Slogans / Code words,Antisemitism,Illinois,2024,4,2024-04,2
65386,2024-04-30,Groups / Movements,Antisemitism,Georgia,2024,4,2024-04,2
65400,2024-05-01,Slogans / Code words,Antisemitism,Alabama,2024,5,2024-05,2
65402,2024-05-01,Numbers / Symbols,Antisemitism,California,2024,5,2024-05,2
65403,2024-05-01,Slogans / Code words,Antisemitism,Nebraska,2024,5,2024-05,2
65406,2024-05-01,Slogans / Code words,Antisemitism,New Hampshire,2024,5,2024-05,2
65407,2024-05-01,Slogans / Code words,Antisemitism,Montana,2024,5,2024-05,2
65412,2024-05-01,Groups / Movements,Antisemitism,Ohio,2024,5,2024-05,2
65414,2024-05-01,Slogans / Code words,Antisemitism,Connecticut,2024,5,2024-05,2
65091,2024-02-29,People,Antisemitism,Washington D.C.,2024,2,2024-02,1
65092,2024-02-29,Groups / Movements,Antisemitism,Georgia,2024,2,2024-02,1
65094,2024-03-02,Slogans / Code words,Antisemitism,New Hampshire,2024,3,2024-03,1
65095,2024-03-02,Slogans / Code words,Antisemitism,Ohio,2024,3,2024-03,1
65096,2024-03-02,Numbers / Symbols,Antisemitism,New York,2024,3,2024-03,1
65098,2024-03-04,Slogans / Code words,Antisemitism,Florida,2024,3,2024-03,1
65099,2024-03-04,Slogans / Code words,Antisemitism,New York,2024,3,2024-03,1
65101,2024-03-05,Slogans / Code words,Antisemitism,Texas,2024,3,2024-03,1
65102,2024-03-05,Numbers / Symbols,Antisemitism,Ohio,2024,3,2024-03,1
65045,2024-02-10,Slogans / Code words,Antisemitism,Oregon,2024,2,2024-02,1
65046,2024-02-12,Slogans / Code words,Antisemitism,Virginia,2024,2,2024-02,1
65047,2024-02-12,Groups / Movements,Antisemitism,New Mexico,2024,2,2024-02,1
65048,2024-02-12,Slogans / Code words,Antisemitism,California,2024,2,2024-02,1
65050,2024-02-13,Slogans / Code words,Antisemitism,New York,2024,2,2024-02,1
65052,2024-02-14,Slogans / Code words,Antisemitism,Oregon,2024,2,2024-02,1
65053,2024-02-14,Slogans / Code words,Antisemitism,New Jersey,2024,2,2024-02,1
65057,2024-02-15,Groups / Movements,Antisemitism,Washington,2024,2,2024-02,1
65060,2024-02-16,People,Antisemitism,Illinois,2024,2,2024-02,1
65416,2024-05-01,Slogans / Code words,Antisemitism,Kansas,2024,5,2024-05,2
65418,2024-05-01,Groups / Movements,Antisemitism,California,2024,5,2024-05,2
65419,2024-05-01,Groups / Movements,Antisemitism,Massachusetts,2024,5,2024-05,2
65420,2024-05-01,Numbers / Symbols,Antisemitism,Colorado,2024,5,2024-05,2
65421,2024-05-01,Slogans / Code words,Antisemitism,Maryland,2024,5,2024-05,2
65422,2024-05-01,Slogans / Code words,Antisemitism,New Hampshire,2024,5,2024-05,2
65424,2024-05-01,Slogans / Code words,Antisemitism,Illinois,2024,5,2024-05,2
65426,2024-05-01,People,Antisemitism,California,2024,5,2024-05,2
65282,2024-04-25,Groups / Movements,Antisemitism,Georgia,2024,4,2024-04,2
65283,2024-04-25,Slogans / Code words,Antisemitism,Idaho,2024,4,2024-04,2
65284,2024-04-25,Slogans / Code words,Antisemitism,New York,2024,4,2024-04,2
65288,2024-04-25,Slogans / Code words,Antisemitism,Massachusetts,2024,4,2024-04,2
65290,2024-04-25,Numbers / Symbols,Antisemitism,New York,2024,4,2024-04,2
65293,2024-04-25,Slogans / Code words,Antisemitism,Indiana,2024,4,2024-04,2
65294,2024-04-25,Slogans / Code words,Antisemitism,Washington D.C.,2024,4,2024-04,2
65295,2024-04-25,Slogans / Code words,Antisemitism,New York,2024,4,2024-04,2
65296,2024-04-25,Numbers / Symbols,Antisemitism,Colorado,2024,4,2024-04,2
65297,2024-04-25,Groups / Movements,Antisemitism,Ohio,2024,4,2024-04,2
65342,2024-04-29,Slogans / Code words,Antisemitism,Colorado,2024,4,2024-04,2
65367,2024-04-29,Slogans / Code words,Antisemitism,Georgia,2024,4,2024-04,2
65373,2024-04-29,Numbers / Symbols,Antisemitism,Georgia,2024,4,2024-04,2
65399,2024-04-30,Groups / Movements,Antisemitism,Illinois,2024,4,2024-04,2
65410,2024-05-01,Numbers / Symbols,Antisemitism,Indiana,2024,5,2024-05,2
65415,2024-05-01,Groups / Movements,Antisemitism,Illinois,2024,5,2024-05,2
65417,2024-05-01,Slogans / Code words,Antisemitism,Georgia,2024,5,2024-05,2
65423,2024-05-01,Slogans / Code words,Antisemitism,Colorado,2024,5,2024-05,2
65427,2024-05-01,Slogans / Code words,Antisemitism,Indiana,2024,5,2024-05,2
65445,2024-05-02,Slogans / Code words,Antisemitism,Indiana,2024,5,2024-05,2
66772,2024-04-15,Numbers / Symbols,Antisemitism,Washington D.C.,2024,4,2024-04,2
69833,2024-05-01,Key Concepts / Definitions,Antisemitism,Nevada,2024,5,2024-05,2
66871,2024-05-08,Numbers / Symbols,Antisemitism,Nevada,2024,5,2024-05,2
66952,2024-06-04,Numbers / Symbols,Antisemitism,Nevada,2024,6,2024-06,2
65351,2024-04-29,Slogans / Code words,Antisemitism,California,2024,4,2024-04,2
65352,2024-04-29,Slogans / Code words,Antisemitism,Maine,2024,4,2024-04,2
65353,2024-04-29,Groups / Movements,Antisemitism,Illinois,2024,4,2024-04,2
65354,2024-04-29,Slogans / Code words,Antisemitism,Wisconsin,2024,4,2024-04,2
65355,2024-04-29,Slogans / Code words,Antisemitism,Ohio,2024,4,2024-04,2
65356,2024-04-29,Groups / Movements,Antisemitism,North Carolina,2024,4,2024-04,2
65358,2024-04-29,Slogans / Code words,Antisemitism,Utah,2024,4,2024-04,2
65360,2024-04-29,Slogans / Code words,Antisemitism,Virginia,2024,4,2024-04,2
65362,2024-04-29,Groups / Movements,Antisemitism,Oregon,2024,4,2024-04,2
64980,2024-01-17,People,Antisemitism,Michigan,2024,1,2024-01,1
64982,2024-01-17,Groups / Movements,Antisemitism,Kentucky,2024,1,2024-01,1
64990,2024-01-23,Slogans / Code words,Antisemitism,Virginia,2024,1,2024-01,1
64998,2024-01-25,Slogans / Code words,Antisemitism,North Carolina,2024,1,2024-01,1
65010,2024-01-31,Slogans / Code words,Antisemitism,Virginia,2024,1,2024-01,1
65014,2024-02-01,Slogans / Code words,Antisemitism,California,2024,2,2024-02,1
65021,2024-02-06,Numbers / Symbols,Antisemitism,North Carolina,2024,2,2024-02,1
65103,2024-03-06,Numbers / Symbols,Antisemitism,Ohio,2024,3,2024-03,1
65105,2024-03-06,Slogans / Code words,Antisemitism,California,2024,3,2024-03,1
65106,2024-03-07,Groups / Movements,Antisemitism,Georgia,2024,3,2024-03,1
65107,2024-03-07,Slogans / Code words,Antisemitism,Tennessee,2024,3,2024-03,1
65109,2024-03-08,Slogans / Code words,Antisemitism,Rhode Island,2024,3,2024-03,1
65111,2024-03-12,Slogans / Code words,Antisemitism,California,2024,3,2024-03,1
65112,2024-03-12,Slogans / Code words,Antisemitism,Minnesota,2024,3,2024-03,1
65114,2024-03-14,Slogans / Code words,Antisemitism,Georgia,2024,3,2024-03,1
65115,2024-03-14,Slogans / Code words,Antisemitism,California,2024,3,2024-03,1
65116,2024-03-14,Slogans / Code words,Antisemitism,Massachusetts,2024,3,2024-03,1
65117,2024-03-14,Slogans / Code words,Antisemitism,New York,2024,3,2024-03,1
65118,2024-03-15,Slogans / Code words,Antisemitism,Virginia,2024,3,2024-03,1
65121,2024-03-19,Slogans / Code words,Antisemitism,Florida,2024,3,2024-03,1
65124,2024-03-21,Slogans / Code words,Antisemitism,New York,2024,3,2024-03,1
65125,2024-03-21,Numbers / Symbols,Antisemitism,Georgia,2024,3,2024-03,1
65126,2024-03-22,Slogans / Code words,Antisemitism,North Carolina,2024,3,2024-03,1
65127,2024-03-22,Slogans / Code words,Antisemitism,New York,2024,3,2024-03,1
65128,2024-03-22,Slogans / Code words,Antisemitism,North Carolina,2024,3,2024-03,1
65129,2024-03-22,People,Antisemitism,Massachusetts,2024,3,2024-03,1
65235,2024-04-22,Slogans / Code words,Antisemitism,New York,2024,4,2024-04,2
65236,2024-04-22,Slogans / Code words,Antisemitism,Pennsylvania,2024,4,2024-04,2
65237,2024-04-22,Slogans / Code words,Antisemitism,California,2024,4,2024-04,2
65238,2024-04-22,Numbers / Symbols,Antisemitism,Georgia,2024,4,2024-04,2
65239,2024-04-22,Groups / Movements,Antisemitism,Texas,2024,4,2024-04,2
65240,2024-04-22,Groups / Movements,Antisemitism,Idaho,2024,4,2024-04,2
65242,2024-04-22,Groups / Movements,Antisemitism,New Mexico,2024,4,2024-04,2
65243,2024-04-22,Groups / Movements,Antisemitism,California,2024,4,2024-04,2
65244,2024-04-22,Groups / Movements,Antisemitism,Connecticut,2024,4,2024-04,2
65248,2024-04-23,Groups / Movements,Antisemitism,Washington,2024,4,2024-04,2
65251,2024-04-23,Slogans / Code words,Antisemitism,Washington,2024,4,2024-04,2
65252,2024-04-23,Groups / Movements,Antisemitism,Washington,2024,4,2024-04,2
65254,2024-04-24,Slogans / Code words,Antisemitism,Georgia,2024,4,2024-04,2
65256,2024-04-24,Groups / Movements,Antisemitism,Texas,2024,4,2024-04,2
65257,2024-04-24,Slogans / Code words,Antisemitism,Illinois,2024,4,2024-04,2
65260,2024-04-24,Numbers / Symbols,Antisemitism,California,2024,4,2024-04,2
65262,2024-04-24,Slogans / Code words,Antisemitism,California,2024,4,2024-04,2
65264,2024-04-24,Slogans / Code words,Antisemitism,Texas,2024,4,2024-04,2
65266,2024-04-24,Slogans / Code words,Antisemitism,Delaware,2024,4,2024-04,2
65512,2024-05-13,Groups / Movements,Antisemitism,New York,2024,5,2024-05,2
65513,2024-05-13,People,Antisemitism,New York,2024,5,2024-05,2
65514,2024-05-14,Slogans / Code words,Antisemitism,New York,2024,5,2024-05,2
65517,2024-05-15,Slogans / Code words,Antisemitism,Illinois,2024,5,2024-05,2
65518,2024-05-15,Slogans / Code words,Antisemitism,Oregon,2024,5,2024-05,2
65520,2024-05-15,Numbers / Symbols,Antisemitism,Kentucky,2024,5,2024-05,2
65521,2024-05-15,Slogans / Code words,Antisemitism,Michigan,2024,5,2024-05,2
65523,2024-05-15,Slogans / Code words,Antisemitism,Oregon,2024,5,2024-05,2
65524,2024-05-15,Slogans / Code words,Antisemitism,California,2024,5,2024-05,2
65525,2024-05-16,Slogans / Code words,Antisemitism,New York,2024,5,2024-05,2
65526,2024-05-16,Slogans / Code words,Antisemitism,Illinois,2024,5,2024-05,2
65527,2024-05-17,Groups / Movements,Antisemitism,Colorado,2024,5,2024-05,2
65528,2024-05-17,Slogans / Code words,Antisemitism,Georgia,2024,5,2024-05,2
65529,2024-05-17,Slogans / Code words,Antisemitism,Washington,2024,5,2024-05,2
65532,2024-05-19,Groups / Movements,Antisemitism,Massachusetts,2024,5,2024-05,2
65536,2024-05-22,Slogans / Code words,Antisemitism,California,2024,5,2024-05,2
65538,2024-05-23,Slogans / Code words,Antisemitism,Michigan,2024,5,2024-05,2
65539,2024-05-23,Slogans / Code words,Antisemitism,New Jersey,2024,5,2024-05,2
65540,2024-05-23,Slogans / Code words,Antisemitism,New York,2024,5,2024-05,2
65541,2024-05-26,Slogans / Code words,Antisemitism,Massachusetts,2024,5,2024-05,2
65188,2024-04-15,Numbers / Symbols,Antisemitism,California,2024,4,2024-04,2
65224,2024-04-20,Groups / Movements,Antisemitism,New York,2024,4,2024-04,2
65255,2024-04-24,Slogans / Code words,Antisemitism,Massachusetts,2024,4,2024-04,2
65269,2024-04-25,Slogans / Code words,Antisemitism,Pennsylvania,2024,4,2024-04,2
65310,2024-04-26,Groups / Movements,Antisemitism,Illinois,2024,4,2024-04,2
65319,2024-04-26,Groups / Movements,Antisemitism,Massachusetts,2024,4,2024-04,2
65322,2024-04-26,Slogans / Code words,Antisemitism,Georgia,2024,4,2024-04,2
65328,2024-04-27,Groups / Movements,Antisemitism,Washington D.C.,2024,4,2024-04,2
64852,2024-04-28,"Conspiracy Theories, Publications",Antisemitism,Rhode Island,2024,4,2024-04,2
65460,2024-05-04,Slogans / Code words,Antisemitism,Illinois,2024,5,2024-05,2
65462,2024-05-04,Numbers / Symbols,Antisemitism,Alabama,2024,5,2024-05,2
65465,2024-05-04,Numbers / Symbols,Antisemitism,Maine,2024,5,2024-05,2
65488,2024-05-08,Slogans / Code words,Antisemitism,California,2024,5,2024-05,2
65501,2024-05-09,People,Antisemitism,Colorado,2024,5,2024-05,2
65508,2024-05-12,Publications,Antisemitism,North Carolina,2024,5,2024-05,2
65510,2024-05-13,Groups / Movements,Antisemitism,California,2024,5,2024-05,2
66929,2024-05-28,Numbers / Symbols,Antisemitism,New York,2024,5,2024-05,2
66897,2024-05-15,Slogans / Code words,Antisemitism,New Jersey,2024,5,2024-05,2
66969,2024-06-10,Numbers / Symbols,Antisemitism,Massachusetts,2024,6,2024-06,2
66753,2024-04-08,Publications,Antisemitism,Nevada,2024,4,2024-04,2
66754,2024-04-08,Numbers / Symbols,Antisemitism,Nevada,2024,4,2024-04,2
67859,2024-09-30,Numbers / Symbols,Antisemitism,Colorado,2024,9,2024-09,3
69834,2024-09-30,Key Concepts / Definitions,Antisemitism,Pennsylvania,2024,9,2024-09,3
67842,2024-09-28,Numbers / Symbols,Antisemitism,Michigan,2024,9,2024-09,3
67864,2024-09-30,Slogans / Code words,Antisemitism,Ohio,2024,9,2024-09,3
69835,2024-02-27,Slogans / Code words,Antisemitism,Massachusetts,2024,2,2024-02,1
69836,2024-02-08,Slogans / Code words,Antisemitism,New York,2024,2,2024-02,1
69837,2024-04-25,Groups / Movements,Antisemitism,North Carolina,2024,4,2024-04,2
69838,2024-05-01,Slogans / Code words,Antisemitism,Missouri,2024,5,2024-05,2
66718,2024-03-06,People,Antisemitism,California,2024,3,2024-03,1
69839,2024-03-26,Slogans / Code words,Antisemitism,Florida,2024,3,2024-03,1
69840,2024-05-01,Slogans / Code words,Antisemitism,Texas,2024,5,2024-05,2
69841,2024-05-01,Numbers / Symbols,Antisemitism,Oklahoma,2024,5,2024-05,2
69842,2024-01-24,Slogans / Code words,Antisemitism,California,2024,1,2024-01,1
69843,2024-04-30,Slogans / Code words,Antisemitism,Texas,2024,4,2024-04,2
69844,2024-04-30,Slogans / Code words,Antisemitism,Ohio,2024,4,2024-04,2
69845,2024-05-03,Slogans / Code words,Antisemitism,Vermont,2024,5,2024-05,2
69846,2024-05-01,Slogans / Code words,Antisemitism,Ohio,2024,5,2024-05,2
69847,2024-05-15,Groups / Movements,Antisemitism,New York,2024,5,2024-05,2
69848,2024-04-23,Slogans / Code words,Antisemitism,Washington D.C.,2024,4,2024-04,2
65077,2024-02-23,Slogans / Code words,Antisemitism,Pennsylvania,2024,2,2024-02,1
69849,2024-01-25,Slogans / Code words,Antisemitism,California,2024,1,2024-01,1
69850,2024-05-01,Incidents / Events,Antisemitism,California,2024,5,2024-05,2
69851,2024-03-20,Slogans / Code words,Antisemitism,Florida,2024,3,2024-03,1
69852,2024-02-08,Slogans / Code words,Antisemitism,California,2024,2,2024-02,1
69853,2024-01-19,People,Antisemitism,Michigan,2024,1,2024-01,1
69854,2024-04-24,Slogans / Code words,Antisemitism,Washington,2024,4,2024-04,2
66828,2024-04-29,Slogans / Code words,Antisemitism,Michigan,2024,4,2024-04,2
66818,2024-04-28,Slogans / Code words,Antisemitism,Georgia,2024,4,2024-04,2
69855,2024-02-08,Groups / Movements,Antisemitism,California,2024,2,2024-02,1
66711,2024-03-01,People,Antisemitism,Colorado,2024,3,2024-03,1
69856,2024-03-11,Incidents / Events,Antisemitism,California,2024,3,2024-03,1
69857,2024-02-14,Slogans / Code words,Antisemitism,Tennessee,2024,2,2024-02,1
69858,2024-02-09,Slogans / Code words,Antisemitism,New Jersey,2024,2,2024-02,1
69859,2024-02-08,Slogans / Code words,Antisemitism,Massachusetts,2024,2,2024-02,1
69860,2024-05-14,Slogans / Code words,Antisemitism,California,2024,5,2024-05,2
69861,2024-05-01,Tactics,Antisemitism,Washington D.C.,2024,5,2024-05,2
69862,2024-05-08,Groups / Movements,Antisemitism,Ohio,2024,5,2024-05,2
69863,2024-05-19,Groups / Movements,Antisemitism,Massachusetts,2024,5,2024-05,2
67760,2024-09-23,Slogans / Code words,Antisemitism,California,2024,9,2024-09,3
66702,2024-02-24,Slogans / Code words,Antisemitism,New York,2024,2,2024-02,1
69864,2024-01-19,Slogans / Code words,Antisemitism,Texas,2024,1,2024-01,1
69865,2024-05-28,Numbers / Symbols,Antisemitism,New York,2024,5,2024-05,2
69866,2024-05-01,Slogans / Code words,Antisemitism,Utah,2024,5,2024-05,2
69867,2024-02-08,Slogans / Code words,Antisemitism,Virginia,2024,2,2024-02,1
69868,2024-05-02,Slogans / Code words,Antisemitism,Oklahoma,2024,5,2024-05,2
69869,2024-05-02,Slogans / Code words,Antisemitism,Georgia,2024,5,2024-05,2
69870,2024-05-12,Slogans / Code words,Antisemitism,Maine,2024,5,2024-05,2
69871,2024-01-25,Slogans / Code words,Antisemitism,Michigan,2024,1,2024-01,1
69872,2024-02-08,Slogans / Code words,Antisemitism,New York,2024,2,2024-02,1
69873,2024-05-09,Slogans / Code words,Antisemitism,Minnesota,2024,5,2024-05,2
69874,2024-03-08,Groups / Movements,Antisemitism,New Jersey,2024,3,2024-03,1
69875,2024-02-08,People,Antisemitism,New York,2024,2,2024-02,1
69876,2024-05-03,Slogans / Code words,Antisemitism,North Carolina,2024,5,2024-05,2
69877,2024-01-17,Slogans / Code words,Antisemitism,Florida,2024,1,2024-01,1
69878,2024-03-28,Slogans / Code words,Antisemitism,Florida,2024,3,2024-03,1
66666,2024-01-30,Slogans / Code words,Antisemitism,New York,2024,1,2024-01,1
69879,2024-04-19,Slogans / Code words,Antisemitism,Ohio,2024,4,2024-04,2
69880,2024-04-26,Slogans / Code words,Antisemitism,Texas,2024,4,2024-04,2
69881,2024-03-01,People,Antisemitism,California,2024,3,2024-03,1
69882,2024-04-29,Slogans / Code words,Antisemitism,Wisconsin,2024,4,2024-04,2
69883,2024-05-01,Key Concepts / Definitions,Antisemitism,New York,2024,5,2024-05,2
69884,2024-04-04,Slogans / Code words,Antisemitism,New Jersey,2024,4,2024-04,2
69885,2024-05-03,Slogans / Code words,Antisemitism,Texas,2024,5,2024-05,2
66689,2024-02-12,People,Antisemitism,New York,2024,2,2024-02,1
69886,2024-03-14,Groups / Movements,Antisemitism,Wisconsin,2024,3,2024-03,1
69887,2024-05-08,Slogans / Code words,Antisemitism,Georgia,2024,5,2024-05,2
69888,2024-05-01,Slogans / Code words,Antisemitism,Iowa,2024,5,2024-05,2
69889,2024-04-01,Slogans / Code words,Antisemitism,California,2024,4,2024-04,2
69890,2024-05-03,Slogans / Code words,Antisemitism,Oregon,2024,5,2024-05,2
69891,2024-05-01,Slogans / Code words,Antisemitism,Georgia,2024,5,2024-05,2
69892,2024-05-02,Numbers / Symbols,Antisemitism,Georgia,2024,5,2024-05,2
66833,2024-05-02,Slogans / Code words,Antisemitism,Minnesota,2024,5,2024-05,2
66886,2024-05-11,Slogans / Code words,Antisemitism,Pennsylvania,2024,5,2024-05,2
66830,2024-04-30,Groups / Movements,Antisemitism,Florida,2024,4,2024-04,2
69893,2024-02-21,Slogans / Code words,Antisemitism,Washington,2024,2,2024-02,1
66880,2024-05-09,Slogans / Code words,Antisemitism,New York,2024,5,2024-05,2
69894,2024-02-06,Groups / Movements,Antisemitism,New York,2024,2,2024-02,1
69895,2024-05-01,Slogans / Code words,Antisemitism,Rhode Island,2024,5,2024-05,2
69896,2024-05-15,Slogans / Code words,Antisemitism,Oregon,2024,5,2024-05,2
69897,2024-04-29,Groups / Movements,Antisemitism,Vermont,2024,4,2024-04,2
66839,2024-05-06,Slogans / Code words,Antisemitism,California,2024,5,2024-05,2
69898,2024-01-16,Slogans / Code words,Antisemitism,New York,2024,1,2024-01,1
67797,2024-09-26,Slogans / Code words,Antisemitism,Louisiana,2024,9,2024-09,3
67861,2024-09-30,Slogans / Code words,Antisemitism,Iowa,2024,9,2024-09,3
67940,2024-10-01,Key Concepts / Definitions,Antisemitism,New York,2024,10,2024-10,4
67792,2024-09-25,Numbers / Symbols,Antisemitism,California,2024,9,2024-09,3
67863,2024-09-30,Publications,Antisemitism,Maryland,2024,9,2024-09,3
67869,2024-10-03,Publications,Antisemitism,Maryland,2024,10,2024-10,4
67867,2024-09-30,Numbers / Symbols,Antisemitism,Washington,2024,9,2024-09,3
67563,2024-09-03,Slogans / Code words,Antisemitism,Massachusetts,2024,9,2024-09,3
67851,2024-09-28,Slogans / Code words,Antisemitism,Oregon,2024,9,2024-09,3
67938,2024-10-01,Numbers / Symbols,Antisemitism,Nebraska,2024,10,2024-10,4
67819,2024-09-27,Numbers / Symbols,Antisemitism,Nevada,2024,9,2024-09,3
69899,2024-09-30,"Slogans / Code words, Conspiracy Theories",Antisemitism,California,2024,9,2024-09,3
67939,2024-10-01,Slogans / Code words,Antisemitism,New Jersey,2024,10,2024-10,4
69900,2024-10-01,Slogans / Code words,Antisemitism,Rhode Island,2024,10,2024-10,4
66995,2024-06-16,Slogans / Code words,Antisemitism,New York,2024,6,2024-06,2
69901,2024-10-01,Key Concepts / Definitions,Antisemitism,Georgia,2024,10,2024-10,4
67684,2024-09-17,Numbers / Symbols,Antisemitism,New Jersey,2024,9,2024-09,3
69902,2024-09-29,Slogans / Code words,Antisemitism,Michigan,2024,9,2024-09,3
68015,2024-10-02,Numbers / Symbols,Antisemitism,Alaska,2024,10,2024-10,4
68069,2024-10-03,Incidents / Events,Antisemitism,Missouri,2024,10,2024-10,4
67870,2024-10-03,People,Antisemitism,New York,2024,10,2024-10,4
68017,2024-10-02,Numbers / Symbols,Antisemitism,Illinois,2024,10,2024-10,4
69903,2024-09-10,Incidents / Events,Antisemitism,Connecticut,2024,9,2024-09,3
68021,2024-10-02,Slogans / Code words,Antisemitism,Washington,2024,10,2024-10,4
69904,2024-10-01,"Conspiracy Theories, Slogans / Code words",Antisemitism,California,2024,10,2024-10,4
68102,2024-10-04,Numbers / Symbols,Antisemitism,California,2024,10,2024-10,4
68103,2024-10-04,Numbers / Symbols,Antisemitism,California,2024,10,2024-10,4
68063,2024-10-03,Slogans / Code words,Antisemitism,California,2024,10,2024-10,4
68118,2024-10-05,Groups / Movements,Antisemitism,Michigan,2024,10,2024-10,4
68116,2024-10-05,Groups / Movements,Antisemitism,Michigan,2024,10,2024-10,4
68119,2024-10-05,Groups / Movements,Antisemitism,Missouri,2024,10,2024-10,4
68112,2024-10-05,Numbers / Symbols,Antisemitism,Massachusetts,2024,10,2024-10,4
68124,2024-10-05,Publications,Antisemitism,Rhode Island,2024,10,2024-10,4
68109,2024-10-05,Numbers / Symbols,Antisemitism,California,2024,10,2024-10,4
68115,2024-10-05,Slogans / Code words,Antisemitism,Michigan,2024,10,2024-10,4
69905,2024-10-06,Tactics,Antisemitism,New Jersey,2024,10,2024-10,4
68130,2024-10-06,Slogans / Code words,Antisemitism,Michigan,2024,10,2024-10,4
69906,2024-10-01,Numbers / Symbols,Antisemitism,Arizona,2024,10,2024-10,4
67498,2024-08-28,People,Antisemitism,Arizona,2024,8,2024-08,3
69907,2024-04-05,Slogans / Code words,Antisemitism,California,2024,4,2024-04,2
68117,2024-10-05,Slogans / Code words,Antisemitism,Michigan,2024,10,2024-10,4
68129,2024-10-06,Slogans / Code words,Antisemitism,Michigan,2024,10,2024-10,4
67871,2024-10-04,Numbers / Symbols,Antisemitism,North Carolina,2024,10,2024-10,4
68127,2024-10-06,Incidents / Events,Antisemitism,California,2024,10,2024-10,4
68114,2024-10-05,Slogans / Code words,Antisemitism,Michigan,2024,10,2024-10,4
67820,2024-09-27,Slogans / Code words,Antisemitism,New York,2024,9,2024-09,3
69908,2024-10-07,Slogans / Code words,Antisemitism,New York,2024,10,2024-10,4
68148,2024-10-07,Slogans / Code words,Antisemitism,Maryland,2024,10,2024-10,4
69909,2024-10-06,Numbers / Symbols,Antisemitism,Florida,2024,10,2024-10,4
69910,2024-10-06,Groups / Movements,Antisemitism,Massachusetts,2024,10,2024-10,4
67709,2024-09-19,Numbers / Symbols,Antisemitism,Maryland,2024,9,2024-09,3
69911,2024-10-02,Numbers / Symbols,Antisemitism,Massachusetts,2024,10,2024-10,4
68140,2024-10-07,Numbers / Symbols,Antisemitism,California,2024,10,2024-10,4
67872,2024-10-04,People,Antisemitism,New York,2024,10,2024-10,4
68105,2024-10-04,Slogans / Code words,Antisemitism,Michigan,2024,10,2024-10,4
68151,2024-10-07,Incidents / Events,Antisemitism,Michigan,2024,10,2024-10,4
68106,2024-10-04,Slogans / Code words,Antisemitism,Michigan,2024,10,2024-10,4
67844,2024-09-28,Slogans / Code words,Antisemitism,New Jersey,2024,9,2024-09,3
68073,2024-10-03,Publications,Antisemitism,New York,2024,10,2024-10,4
69912,2024-10-06,Slogans / Code words,Antisemitism,Ohio,2024,10,2024-10,4
67711,2024-09-19,"People, Incidents / Events",Antisemitism,New Jersey,2024,9,2024-09,3
68133,2024-10-06,Incidents / Events,Antisemitism,New York,2024,10,2024-10,4
68066,2024-10-03,Groups / Movements,Antisemitism,Indiana,2024,10,2024-10,4
69913,2024-10-04,Slogans / Code words,Antisemitism,Illinois,2024,10,2024-10,4
68110,2024-10-05,Slogans / Code words,Antisemitism,California,2024,10,2024-10,4
68121,2024-10-05,Numbers / Symbols,Antisemitism,New York,2024,10,2024-10,4
67738,2024-09-21,Key Concepts / Definitions,Antisemitism,New Jersey,2024,9,2024-09,3
68144,2024-10-07,Numbers / Symbols,Antisemitism,California,2024,10,2024-10,4
69914,2024-10-07,Groups / Movements,Antisemitism,Pennsylvania,2024,10,2024-10,4
68158,2024-10-07,Slogans / Code words,Antisemitism,Pennsylvania,2024,10,2024-10,4
67761,2024-09-23,Numbers / Symbols,Antisemitism,California,2024,9,2024-09,3
68161,2024-10-07,Slogans / Code words,Antisemitism,Texas,2024,10,2024-10,4
67773,2024-09-24,People,Antisemitism,California,2024,9,2024-09,3
69915,2024-10-07,Slogans / Code words,Antisemitism,New York,2024,10,2024-10,4
69916,2024-10-06,Slogans / Code words,Antisemitism,Pennsylvania,2024,10,2024-10,4
68159,2024-10-07,Slogans / Code words,Antisemitism,Pennsylvania,2024,10,2024-10,4
68152,2024-10-07,Slogans / Code words,Antisemitism,New York,2024,10,2024-10,4
68155,2024-10-07,Slogans / Code words,Antisemitism,New York,2024,10,2024-10,4
68126,2024-10-05,Numbers / Symbols,Antisemitism,Washington,2024,10,2024-10,4
69917,2024-10-07,Incidents / Events,Antisemitism,Pennsylvania,2024,10,2024-10,4
68166,2024-10-08,Groups / Movements,Antisemitism,Michigan,2024,10,2024-10,4
69918,2024-10-05,Numbers / Symbols,Antisemitism,New York,2024,10,2024-10,4
68147,2024-10-07,Incidents / Events,Antisemitism,Connecticut,2024,10,2024-10,4
68107,2024-10-04,Slogans / Code words,Antisemitism,New York,2024,10,2024-10,4
68149,2024-10-07,Incidents / Events,Antisemitism,Massachusetts,2024,10,2024-10,4
69919,2024-10-02,Incidents / Events,Antisemitism,Massachusetts,2024,10,2024-10,4
69920,2024-10-07,Groups / Movements,Antisemitism,California,2024,10,2024-10,4
68165,2024-10-08,Slogans / Code words,Antisemitism,Michigan,2024,10,2024-10,4
68079,2024-10-03,Slogans / Code words,Antisemitism,New York,2024,10,2024-10,4
68134,2024-10-07,Slogans / Code words,Antisemitism,California,2024,10,2024-10,4
66755,2024-04-08,"Slogans / Code words, Key Concepts / Definitions",Antisemitism,New York,2024,4,2024-04,2
66742,2024-04-01,Slogans / Code words,Antisemitism,New York,2024,4,2024-04,2
66747,2024-04-04,People,Antisemitism,New York,2024,4,2024-04,2
66756,2024-04-08,Slogans / Code words,Antisemitism,New York,2024,4,2024-04,2
66759,2024-04-10,"Slogans / Code words, Key Concepts / Definitions",Antisemitism,New York,2024,4,2024-04,2
66764,2024-04-11,Slogans / Code words,Antisemitism,New York,2024,4,2024-04,2
69921,2024-01-21,Conspiracy Theories,Antisemitism,New York,2024,1,2024-01,1
66662,2024-01-22,Numbers / Symbols,Antisemitism,New York,2024,1,2024-01,1
66663,2024-01-25,Slogans / Code words,Antisemitism,New York,2024,1,2024-01,1
66664,2024-01-27,Incidents / Events,Antisemitism,New York,2024,1,2024-01,1
66644,2024-01-02,Slogans / Code words,Antisemitism,New York,2024,1,2024-01,1
66645,2024-01-02,Slogans / Code words,Antisemitism,New York,2024,1,2024-01,1
66648,2024-01-04,People,Antisemitism,New York,2024,1,2024-01,1
66654,2024-01-09,Key Concepts / Definitions,Antisemitism,New York,2024,1,2024-01,1
66653,2024-01-09,Key Concepts / Definitions,Antisemitism,New York,2024,1,2024-01,1
66655,2024-01-11,Slogans / Code words,Antisemitism,New York,2024,1,2024-01,1
66657,2024-01-15,Slogans / Code words,Antisemitism,New York,2024,1,2024-01,1
66709,2024-02-28,Slogans / Code words,Antisemitism,New York,2024,2,2024-02,1
66716,2024-03-05,Key Concepts / Definitions,Antisemitism,New York,2024,3,2024-03,1
66717,2024-03-05,"Conspiracy Theories, Publications",Antisemitism,New York,2024,3,2024-03,1
66723,2024-03-08,People,Antisemitism,New York,2024,3,2024-03,1
69922,2024-03-10,Incidents / Events,Antisemitism,New York,2024,3,2024-03,1
66724,2024-03-12,Numbers / Symbols,Antisemitism,New York,2024,3,2024-03,1
66728,2024-03-14,Incidents / Events,Antisemitism,New York,2024,3,2024-03,1
66790,2024-04-21,"Slogans / Code words, Conspiracy Theories",Antisemitism,New York,2024,4,2024-04,2
66792,2024-04-21,Slogans / Code words,Antisemitism,New York,2024,4,2024-04,2
66821,2024-04-28,Numbers / Symbols,Antisemitism,New York,2024,4,2024-04,2
66820,2024-04-28,Groups / Movements,Antisemitism,New York,2024,4,2024-04,2
66819,2024-04-28,Numbers / Symbols,Antisemitism,New York,2024,4,2024-04,2
69923,2024-04-30,Slogans / Code words,Antisemitism,New York,2024,4,2024-04,2
66729,2024-03-14,Groups / Movements,Antisemitism,New York,2024,3,2024-03,1
66726,2024-03-13,Slogans / Code words,Antisemitism,New York,2024,3,2024-03,1
66730,2024-03-19,Slogans / Code words,Antisemitism,New York,2024,3,2024-03,1
66734,2024-03-24,Incidents / Events,Antisemitism,New York,2024,3,2024-03,1
66736,2024-03-25,People,Antisemitism,New York,2024,3,2024-03,1
68136,2024-10-07,Tactics,Antisemitism,California,2024,10,2024-10,4
68138,2024-10-07,Slogans / Code words,Antisemitism,California,2024,10,2024-10,4
68157,2024-10-07,Incidents / Events,Antisemitism,Oregon,2024,10,2024-10,4
68137,2024-10-07,Slogans / Code words,Antisemitism,California,2024,10,2024-10,4
68135,2024-10-07,Slogans / Code words,Antisemitism,California,2024,10,2024-10,4
66688,2024-02-11,Numbers / Symbols,Antisemitism,New York,2024,2,2024-02,1
66694,2024-02-15,Groups / Movements,Antisemitism,New York,2024,2,2024-02,1
66693,2024-02-15,Incidents / Events,Antisemitism,New York,2024,2,2024-02,1
66697,2024-02-18,Slogans / Code words,Antisemitism,New York,2024,2,2024-02,1
66698,2024-02-19,"Key Concepts / Definitions, Tactics",Antisemitism,New York,2024,2,2024-02,1
66701,2024-02-23,Slogans / Code words,Antisemitism,New York,2024,2,2024-02,1
66674,2024-02-02,People,Antisemitism,New York,2024,2,2024-02,1
69924,2024-02-02,Incidents / Events,Antisemitism,New York,2024,2,2024-02,1
66675,2024-02-04,Numbers / Symbols,Antisemitism,New York,2024,2,2024-02,1
69925,2024-02-06,Numbers / Symbols,Antisemitism,New York,2024,2,2024-02,1
66682,2024-02-07,People,Antisemitism,New York,2024,2,2024-02,1
66687,2024-02-10,Slogans / Code words,Antisemitism,New York,2024,2,2024-02,1
66774,2024-04-15,Slogans / Code words,Antisemitism,New York,2024,4,2024-04,2
66777,2024-04-16,Publications,Antisemitism,New York,2024,4,2024-04,2
66778,2024-04-16,People,Antisemitism,New York,2024,4,2024-04,2
66779,2024-04-17,Groups / Movements,Antisemitism,New York,2024,4,2024-04,2
66788,2024-04-20,"Slogans / Code words, Key Concepts / Definitions",Antisemitism,New York,2024,4,2024-04,2
68170,2024-10-08,Numbers / Symbols,Antisemitism,Washington,2024,10,2024-10,4
68168,2024-10-08,Slogans / Code words,Antisemitism,Washington,2024,10,2024-10,4
69926,2024-10-07,Slogans / Code words,Antisemitism,California,2024,10,2024-10,4
68019,2024-10-02,"People, Incidents / Events",Antisemitism,New York,2024,10,2024-10,4
68125,2024-10-05,Numbers / Symbols,Antisemitism,Virginia,2024,10,2024-10,4
68171,2024-10-08,Conspiracy Theories,Antisemitism,Washington D.C.,2024,10,2024-10,4
67873,2024-10-08,Publications,Antisemitism,Georgia,2024,10,2024-10,4
69927,2024-10-08,Key Concepts / Definitions,Antisemitism,Maryland,2024,10,2024-10,4
68167,2024-10-08,Numbers / Symbols,Antisemitism,North Carolina,2024,10,2024-10,4
68160,2024-10-07,Slogans / Code words,Antisemitism,Texas,2024,10,2024-10,4
68169,2024-10-08,Slogans / Code words,Antisemitism,Washington,2024,10,2024-10,4
68162,2024-10-08,Numbers / Symbols,Antisemitism,California,2024,10,2024-10,4
68146,2024-10-07,Numbers / Symbols,Antisemitism,Colorado,2024,10,2024-10,4
69928,2024-10-07,Groups / Movements,Antisemitism,California,2024,10,2024-10,4
68164,2024-10-08,Incidents / Events,Antisemitism,Maryland,2024,10,2024-10,4
69929,2024-10-07,People,Antisemitism,Michigan,2024,10,2024-10,4
69930,2024-10-07,Numbers / Symbols,Antisemitism,New York,2024,10,2024-10,4
69931,2024-10-08,Numbers / Symbols,Antisemitism,Pennsylvania,2024,10,2024-10,4
69932,2024-10-08,Numbers / Symbols,Antisemitism,Massachusetts,2024,10,2024-10,4
68122,2024-10-05,Incidents / Events,Antisemitism,New York,2024,10,2024-10,4
68104,2024-10-04,Numbers / Symbols,Antisemitism,Massachusetts,2024,10,2024-10,4
68178,2024-10-09,People,Antisemitism,Washington,2024,10,2024-10,4
69933,2024-10-08,Slogans / Code words,Antisemitism,New Jersey,2024,10,2024-10,4
67955,2024-10-10,Groups / Movements,Antisemitism,Pennsylvania,2024,10,2024-10,4
68020,2024-10-02,Slogans / Code words,Antisemitism,New York,2024,10,2024-10,4
68145,2024-10-07,Slogans / Code words,Antisemitism,Colorado,2024,10,2024-10,4
69934,2024-10-07,Slogans / Code words,Antisemitism,Pennsylvania,2024,10,2024-10,4
68120,2024-10-05,Key Concepts / Definitions,Antisemitism,New Jersey,2024,10,2024-10,4
68143,2024-10-07,Numbers / Symbols,Antisemitism,California,2024,10,2024-10,4
67850,2024-09-28,Slogans / Code words,Antisemitism,Oregon,2024,9,2024-09,3
69935,2024-10-10,Numbers / Symbols,Antisemitism,Washington D.C.,2024,10,2024-10,4
67949,2024-10-10,Numbers / Symbols,Antisemitism,Connecticut,2024,10,2024-10,4
69936,2024-10-07,Incidents / Events,Antisemitism,New York,2024,10,2024-10,4
68071,2024-10-03,Numbers / Symbols,Antisemitism,New Jersey,2024,10,2024-10,4
67950,2024-10-10,Groups / Movements,Antisemitism,Massachusetts,2024,10,2024-10,4
67951,2024-10-10,Numbers / Symbols,Antisemitism,New York,2024,10,2024-10,4
68173,2024-10-09,Groups / Movements,Antisemitism,Michigan,2024,10,2024-10,4
68181,2024-09-11,Incidents / Events,Antisemitism,Minnesota,2024,9,2024-09,3
69937,2024-10-11,Slogans / Code words,Antisemitism,Massachusetts,2024,10,2024-10,4
69938,2024-10-10,"Slogans / Code words, Key Concepts / Definitions",Antisemitism,Indiana,2024,10,2024-10,4
68128,2024-10-06,Slogans / Code words,Antisemitism,Michigan,2024,10,2024-10,4
67952,2024-10-10,Numbers / Symbols,Antisemitism,New York,2024,10,2024-10,4
68142,2024-10-07,Numbers / Symbols,Antisemitism,California,2024,10,2024-10,4
69939,2024-10-07,Incidents / Events,Antisemitism,New York,2024,10,2024-10,4
69940,2024-10-09,Groups / Movements,Antisemitism,Rhode Island,2024,10,2024-10,4
67957,2024-10-11,Groups / Movements,Antisemitism,Maryland,2024,10,2024-10,4
69941,2024-10-12,Groups / Movements,Antisemitism,New Jersey,2024,10,2024-10,4
67956,2024-10-11,"Slogans / Code words, Key Concepts / Definitions",Antisemitism,California,2024,10,2024-10,4
67975,2024-10-13,Publications,Antisemitism,California,2024,10,2024-10,4
67966,2024-10-12,Slogans / Code words,Antisemitism,Louisiana,2024,10,2024-10,4
67965,2024-10-12,Incidents / Events,Antisemitism,Illinois,2024,10,2024-10,4
67874,2024-10-13,Platforms / Sites,Antisemitism,Florida,2024,10,2024-10,4
67981,2024-10-13,Slogans / Code words,Antisemitism,Washington,2024,10,2024-10,4
69942,2024-10-10,Slogans / Code words,Antisemitism,Texas,2024,10,2024-10,4
67980,2024-10-13,Publications,Antisemitism,Texas,2024,10,2024-10,4
67988,2024-10-14,Slogans / Code words,Antisemitism,Massachusetts,2024,10,2024-10,4
69943,2024-10-06,Groups / Movements,Antisemitism,New York,2024,10,2024-10,4
68064,2024-10-03,Key Concepts / Definitions,Antisemitism,Connecticut,2024,10,2024-10,4
67977,2024-10-13,Publications,Antisemitism,Massachusetts,2024,10,2024-10,4
69944,2024-10-05,People,Antisemitism,Nevada,2024,10,2024-10,4
67987,2024-10-14,Publications,Antisemitism,Massachusetts,2024,10,2024-10,4
67974,2024-10-13,"Slogans / Code words, Key Concepts / Definitions",Antisemitism,California,2024,10,2024-10,4
68139,2024-10-07,Groups / Movements,Antisemitism,California,2024,10,2024-10,4
69945,2024-10-12,Slogans / Code words,Antisemitism,Arizona,2024,10,2024-10,4
67691,2024-09-18,Publications,Antisemitism,California,2024,9,2024-09,3
69946,2024-10-07,Slogans / Code words,Antisemitism,Arizona,2024,10,2024-10,4
67979,2024-10-13,Slogans / Code words,Antisemitism,Oregon,2024,10,2024-10,4
67971,2024-10-12,Slogans / Code words,Antisemitism,Oregon,2024,10,2024-10,4
69947,2024-10-11,Slogans / Code words,Antisemitism,New York,2024,10,2024-10,4
69948,2024-10-11,Slogans / Code words,Antisemitism,Delaware,2024,10,2024-10,4
67954,2024-10-10,Numbers / Symbols,Antisemitism,Pennsylvania,2024,10,2024-10,4
67962,2024-10-11,Groups / Movements,Antisemitism,Pennsylvania,2024,10,2024-10,4
69949,2024-02-22,Groups / Movements,Antisemitism,Nevada,2024,2,2024-02,1
67976,2024-10-13,Numbers / Symbols,Antisemitism,Colorado,2024,10,2024-10,4
67961,2024-10-11,Key Concepts / Definitions,Antisemitism,New York,2024,10,2024-10,4
67973,2024-10-13,Slogans / Code words,Antisemitism,Arkansas,2024,10,2024-10,4
69950,2024-09-28,Slogans / Code words,Antisemitism,California,2024,9,2024-09,3
67989,2024-10-14,Slogans / Code words,Antisemitism,Massachusetts,2024,10,2024-10,4
67990,2024-10-14,Slogans / Code words,Antisemitism,Washington,2024,10,2024-10,4
69951,2024-10-15,Groups / Movements,Antisemitism,Colorado,2024,10,2024-10,4
67237,2024-07-21,Slogans / Code words,Antisemitism,Illinois,2024,7,2024-07,3
69952,2024-07-20,Groups / Movements,Antisemitism,Maryland,2024,7,2024-07,3
67160,2024-07-07,Slogans / Code words,Antisemitism,New York,2024,7,2024-07,3
69953,2024-07-08,"Slogans / Code words, Key Concepts / Definitions",Antisemitism,South Carolina,2024,7,2024-07,3
67161,2024-07-04,Incidents / Events,Antisemitism,Pennsylvania,2024,7,2024-07,3
67993,2024-10-15,Numbers / Symbols,Antisemitism,North Carolina,2024,10,2024-10,4
67230,2024-07-19,Slogans / Code words,Antisemitism,Florida,2024,7,2024-07,3
67231,2024-07-19,"Slogans / Code words, Key Concepts / Definitions",Antisemitism,Ohio,2024,7,2024-07,3
67279,2024-07-27,Groups / Movements,Antisemitism,Maryland,2024,7,2024-07,3
67982,2024-10-14,Key Concepts / Definitions,Antisemitism,Arizona,2024,10,2024-10,4
67141,2024-07-04,Key Concepts / Definitions,Antisemitism,Pennsylvania,2024,7,2024-07,3
67142,2024-07-04,People,Antisemitism,Pennsylvania,2024,7,2024-07,3
67143,2024-07-04,Incidents / Events,Antisemitism,Washington D.C.,2024,7,2024-07,3
67153,2024-07-07,Slogans / Code words,Antisemitism,Washington D.C.,2024,7,2024-07,3
67155,2024-07-07,Slogans / Code words,Antisemitism,Texas,2024,7,2024-07,3
67176,2024-07-10,Slogans / Code words,Antisemitism,Pennsylvania,2024,7,2024-07,3
67175,2024-07-10,Slogans / Code words,Antisemitism,Pennsylvania,2024,7,2024-07,3
67180,2024-07-10,"Slogans / Code words, Key Concepts / Definitions",Antisemitism,Kentucky,2024,7,2024-07,3
69954,2024-07-01,Key Concepts / Definitions,Antisemitism,Minnesota,2024,7,2024-07,3
67290,2024-07-27,People,Antisemitism,Pennsylvania,2024,7,2024-07,3
67294,2024-07-22,Groups / Movements,Antisemitism,Arizona,2024,7,2024-07,3
67295,2024-07-30,Key Concepts / Definitions,Antisemitism,Colorado,2024,7,2024-07,3
69955,2024-07-03,Tactics,Antisemitism,Indiana,2024,7,2024-07,3
67132,2024-07-03,Slogans / Code words,Antisemitism,Pennsylvania,2024,7,2024-07,3
69956,2024-06-27,Key Concepts / Definitions,Antisemitism,Georgia,2024,6,2024-06,2
67133,2024-07-03,Key Concepts / Definitions,Antisemitism,Pennsylvania,2024,7,2024-07,3
67140,2024-07-04,Key Concepts / Definitions,Antisemitism,Pennsylvania,2024,7,2024-07,3
67292,2024-07-29,Slogans / Code words,Antisemitism,Pennsylvania,2024,7,2024-07,3
67286,2024-07-29,Groups / Movements,Antisemitism,North Carolina,2024,7,2024-07,3
67285,2024-07-26,Incidents / Events,Antisemitism,North Carolina,2024,7,2024-07,3
67284,2024-07-29,Incidents / Events,Antisemitism,Maryland,2024,7,2024-07,3
67110,2024-07-01,Platforms / Sites,Antisemitism,Indiana,2024,7,2024-07,3
67229,2024-07-18,Slogans / Code words,Antisemitism,Pennsylvania,2024,7,2024-07,3
69957,2024-07-18,"Slogans / Code words, Conspiracy Theories",Antisemitism,California,2024,7,2024-07,3
67191,2024-07-09,Slogans / Code words,Antisemitism,Florida,2024,7,2024-07,3
69958,2024-07-25,Incidents / Events,Antisemitism,Louisiana,2024,7,2024-07,3
67272,2024-07-25,People,Antisemitism,Minnesota,2024,7,2024-07,3
67306,2024-07-31,Groups / Movements,Antisemitism,Oregon,2024,7,2024-07,3
67948,2024-10-10,Numbers / Symbols,Antisemitism,Colorado,2024,10,2024-10,4
67126,2024-06-27,Slogans / Code words,Antisemitism,New York,2024,6,2024-06,2
67205,2024-07-15,"Slogans / Code words, Key Concepts / Definitions",Antisemitism,Maryland,2024,7,2024-07,3
67258,2024-07-23,Slogans / Code words,Antisemitism,Pennsylvania,2024,7,2024-07,3
69960,2024-07-23,Key Concepts / Definitions,Antisemitism,Minnesota,2024,7,2024-07,3
67162,2024-07-08,Incidents / Events,Antisemitism,Pennsylvania,2024,7,2024-07,3
67167,2024-07-08,Groups / Movements,Antisemitism,Florida,2024,7,2024-07,3
69961,2024-07-09,Incidents / Events,Antisemitism,Tennessee,2024,7,2024-07,3
69962,2024-07-09,Incidents / Events,Antisemitism,Tennessee,2024,7,2024-07,3
69963,2024-07-24,Key Concepts / Definitions,Antisemitism,Minnesota,2024,7,2024-07,3
67264,2024-07-24,Slogans / Code words,Antisemitism,Pennsylvania,2024,7,2024-07,3
69964,2024-07-24,Slogans / Code words,Antisemitism,New York,2024,7,2024-07,3
67267,2024-07-25,"Slogans / Code words, Key Concepts / Definitions",Antisemitism,Nebraska,2024,7,2024-07,3
67220,2024-07-12,Incidents / Events,Antisemitism,New York,2024,7,2024-07,3
67216,2024-07-17,Numbers / Symbols,Antisemitism,California,2024,7,2024-07,3
67978,2024-10-13,Groups / Movements,Antisemitism,New York,2024,10,2024-10,4
67986,2024-10-14,Incidents / Events,Antisemitism,Maryland,2024,10,2024-10,4
67992,2024-10-15,Numbers / Symbols,Antisemitism,California,2024,10,2024-10,4
67995,2024-10-15,Numbers / Symbols,Antisemitism,Virginia,2024,10,2024-10,4
68175,2024-10-09,Slogans / Code words,Antisemitism,New York,2024,10,2024-10,4
67959,2024-10-11,People,Antisemitism,Minnesota,2024,10,2024-10,4
68016,2024-10-02,Numbers / Symbols,Antisemitism,Delaware,2024,10,2024-10,4
69965,2024-10-16,Numbers / Symbols,Antisemitism,Washington D.C.,2024,10,2024-10,4
67578,2024-09-04,Numbers / Symbols,Antisemitism,New York,2024,9,2024-09,3
67685,2024-09-17,Numbers / Symbols,Antisemitism,New York,2024,9,2024-09,3
67713,2024-09-19,Numbers / Symbols,Antisemitism,New York,2024,9,2024-09,3
68174,2024-10-09,Numbers / Symbols,Antisemitism,New York,2024,10,2024-10,4
68176,2024-10-09,Numbers / Symbols,Antisemitism,New York,2024,10,2024-10,4
67998,2024-10-16,Slogans / Code words,Antisemitism,Maryland,2024,10,2024-10,4
67970,2024-10-12,Incidents / Events,Antisemitism,New York,2024,10,2024-10,4
68018,2024-10-02,Groups / Movements,Antisemitism,New York,2024,10,2024-10,4
69966,2024-10-16,Numbers / Symbols,Antisemitism,Pennsylvania,2024,10,2024-10,4
67994,2024-10-15,Numbers / Symbols,Antisemitism,Texas,2024,10,2024-10,4
68150,2024-10-07,Numbers / Symbols,Antisemitism,Massachusetts,2024,10,2024-10,4
67862,2024-09-30,Incidents / Events,Antisemitism,Louisiana,2024,9,2024-09,3
67991,2024-10-14,People,Antisemitism,Washington,2024,10,2024-10,4
68084,2024-10-03,Slogans / Code words,Antisemitism,New York,2024,10,2024-10,4
68076,2024-10-03,Slogans / Code words,Antisemitism,New York,2024,10,2024-10,4
68086,2024-10-03,Slogans / Code words,Antisemitism,New York,2024,10,2024-10,4
68091,2024-10-03,Slogans / Code words,Antisemitism,New York,2024,10,2024-10,4
68093,2024-10-03,Slogans / Code words,Antisemitism,New York,2024,10,2024-10,4
68083,2024-10-03,Slogans / Code words,Antisemitism,New York,2024,10,2024-10,4
68074,2024-10-03,Slogans / Code words,Antisemitism,New York,2024,10,2024-10,4
68088,2024-10-03,Slogans / Code words,Antisemitism,New York,2024,10,2024-10,4
68085,2024-10-03,Slogans / Code words,Antisemitism,New York,2024,10,2024-10,4
69967,2024-10-10,Numbers / Symbols,Antisemitism,New York,2024,10,2024-10,4
68097,2024-10-03,Slogans / Code words,Antisemitism,New York,2024,10,2024-10,4
68075,2024-10-03,Slogans / Code words,Antisemitism,New York,2024,10,2024-10,4
68078,2024-10-03,Slogans / Code words,Antisemitism,New York,2024,10,2024-10,4
68090,2024-10-03,Slogans / Code words,Antisemitism,New York,2024,10,2024-10,4
68153,2024-10-07,Incidents / Events,Antisemitism,New York,2024,10,2024-10,4
68156,2024-10-07,Slogans / Code words,Antisemitism,New York,2024,10,2024-10,4
68154,2024-10-07,Incidents / Events,Antisemitism,New York,2024,10,2024-10,4
68094,2024-10-03,Slogans / Code words,Antisemitism,New York,2024,10,2024-10,4
68089,2024-10-03,Slogans / Code words,Antisemitism,New York,2024,10,2024-10,4
68072,2024-10-03,Slogans / Code words,Antisemitism,New York,2024,10,2024-10,4
68080,2024-10-03,Slogans / Code words,Antisemitism,New York,2024,10,2024-10,4
68081,2024-10-03,Slogans / Code words,Antisemitism,New York,2024,10,2024-10,4
68077,2024-10-03,Slogans / Code words,Antisemitism,New York,2024,10,2024-10,4
68082,2024-10-03,Slogans / Code words,Antisemitism,New York,2024,10,2024-10,4
68095,2024-10-03,Slogans / Code words,Antisemitism,New York,2024,10,2024-10,4
68096,2024-10-03,Slogans / Code words,Antisemitism,New York,2024,10,2024-10,4
68087,2024-10-03,Slogans / Code words,Antisemitism,New York,2024,10,2024-10,4
67996,2024-10-16,Slogans / Code words,Antisemitism,Arizona,2024,10,2024-10,4
69969,2024-10-16,Groups / Movements,Antisemitism,Pennsylvania,2024,10,2024-10,4
69970,2024-10-20,Slogans / Code words,Antisemitism,New Jersey,2024,10,2024-10,4
67983,2024-10-14,Slogans / Code words,Antisemitism,California,2024,10,2024-10,4
68003,2024-10-17,Numbers / Symbols,Antisemitism,New York,2024,10,2024-10,4
68001,2024-10-17,Numbers / Symbols,Antisemitism,Illinois,2024,10,2024-10,4
68005,2024-10-17,Incidents / Events,Antisemitism,Virginia,2024,10,2024-10,4
68004,2024-10-17,Slogans / Code words,Antisemitism,North Carolina,2024,10,2024-10,4
68011,2024-10-18,Numbers / Symbols,Antisemitism,New Hampshire,2024,10,2024-10,4
69971,2024-04-28,Numbers / Symbols,Antisemitism,Oregon,2024,4,2024-04,2
68008,2024-10-18,Incidents / Events,Antisemitism,Colorado,2024,10,2024-10,4
68025,2024-10-20,Groups / Movements,Antisemitism,Washington,2024,10,2024-10,4
68022,2024-10-20,Incidents / Events,Antisemitism,Louisiana,2024,10,2024-10,4
69972,2024-10-20,Numbers / Symbols,Antisemitism,Michigan,2024,10,2024-10,4
67875,2024-10-21,Numbers / Symbols,Antisemitism,Colorado,2024,10,2024-10,4
68024,2024-10-20,Numbers / Symbols,Antisemitism,Texas,2024,10,2024-10,4
69973,2024-10-14,Slogans / Code words,Antisemitism,Pennsylvania,2024,10,2024-10,4
68012,2024-10-18,Platforms / Sites,Antisemitism,Pennsylvania,2024,10,2024-10,4
67876,2024-10-19,People,Antisemitism,Pennsylvania,2024,10,2024-10,4
68029,2024-10-21,Numbers / Symbols,Antisemitism,Maryland,2024,10,2024-10,4
68010,2024-10-18,People,Antisemitism,Massachusetts,2024,10,2024-10,4
67882,2024-10-22,Numbers / Symbols,Antisemitism,New York,2024,10,2024-10,4
69974,2024-05-16,Slogans / Code words,Antisemitism,New York,2024,5,2024-05,2
68023,2024-10-20,People,Antisemitism,Maryland,2024,10,2024-10,4
69975,2024-10-22,Numbers / Symbols,Antisemitism,New York,2024,10,2024-10,4
69976,2024-10-18,People,Antisemitism,New York,2024,10,2024-10,4
68014,2024-10-19,Slogans / Code words,Antisemitism,Pennsylvania,2024,10,2024-10,4
67884,2024-10-22,Groups / Movements,Antisemitism,Texas,2024,10,2024-10,4
69977,2024-10-21,Slogans / Code words,Antisemitism,New York,2024,10,2024-10,4
69978,2024-10-18,Groups / Movements,Antisemitism,Virginia,2024,10,2024-10,4
67877,2024-10-22,"Slogans / Code words, Conspiracy Theories",Antisemitism,California,2024,10,2024-10,4
68172,2024-10-09,Numbers / Symbols,Antisemitism,California,2024,10,2024-10,4
68006,2024-10-17,Slogans / Code words,Antisemitism,Washington D.C.,2024,10,2024-10,4
69979,2024-10-22,"Slogans / Code words, Key Concepts / Definitions",Antisemitism,Pennsylvania,2024,10,2024-10,4
67881,2024-10-22,Incidents / Events,Antisemitism,New York,2024,10,2024-10,4
69980,2024-10-21,Numbers / Symbols,Antisemitism,California,2024,10,2024-10,4
67880,2024-10-22,Groups / Movements,Antisemitism,New Jersey,2024,10,2024-10,4
68002,2024-10-17,Slogans / Code words,Antisemitism,New York,2024,10,2024-10,4
67883,2024-10-22,Slogans / Code words,Antisemitism,New York,2024,10,2024-10,4
67878,2024-10-22,Numbers / Symbols,Antisemitism,Massachusetts,2024,10,2024-10,4
67964,2024-10-12,Incidents / Events,Antisemitism,California,2024,10,2024-10,4
68026,2024-10-20,Groups / Movements,Antisemitism,Washington D.C.,2024,10,2024-10,4
69981,2024-10-22,Groups / Movements,Antisemitism,New York,2024,10,2024-10,4
69982,2024-10-23,Slogans / Code words,Antisemitism,Pennsylvania,2024,10,2024-10,4
68032,2024-10-21,Numbers / Symbols,Antisemitism,Washington,2024,10,2024-10,4
67888,2024-10-24,Slogans / Code words,Antisemitism,Maryland,2024,10,2024-10,4
69983,2024-10-23,Slogans / Code words,Antisemitism,Louisiana,2024,10,2024-10,4
68111,2024-10-05,Numbers / Symbols,Antisemitism,California,2024,10,2024-10,4
69984,2024-10-07,Incidents / Events,Antisemitism,Connecticut,2024,10,2024-10,4
67890,2024-10-24,Key Concepts / Definitions,Antisemitism,Pennsylvania,2024,10,2024-10,4
69985,2024-10-11,Groups / Movements,Antisemitism,New York,2024,10,2024-10,4
67889,2024-10-24,People,Antisemitism,North Carolina,2024,10,2024-10,4
69986,2024-06-22,Slogans / Code words,Antisemitism,New York,2024,6,2024-06,2
68027,2024-10-21,Slogans / Code words,Antisemitism,California,2024,10,2024-10,4
67879,2024-10-22,Numbers / Symbols,Antisemitism,Missouri,2024,10,2024-10,4
68034,2024-10-23,Slogans / Code words,Antisemitism,Massachusetts,2024,10,2024-10,4
69987,2024-10-26,Slogans / Code words,Antisemitism,Oregon,2024,10,2024-10,4
67896,2024-10-26,Numbers / Symbols,Antisemitism,Massachusetts,2024,10,2024-10,4
69988,2024-07-27,Slogans / Code words,Antisemitism,New York,2024,7,2024-07,3
68054,2024-10-26,Tactics,Antisemitism,Wisconsin,2024,10,2024-10,4
68067,2024-10-03,Slogans / Code words,Antisemitism,Massachusetts,2024,10,2024-10,4
67901,2024-10-27,Slogans / Code words,Antisemitism,New York,2024,10,2024-10,4
67967,2024-10-12,Incidents / Events,Antisemitism,Massachusetts,2024,10,2024-10,4
69989,2024-10-27,"Slogans / Code words, Key Concepts / Definitions",Antisemitism,New York,2024,10,2024-10,4
67902,2024-10-27,Slogans / Code words,Antisemitism,Texas,2024,10,2024-10,4
67895,2024-10-26,Numbers / Symbols,Antisemitism,California,2024,10,2024-10,4
67897,2024-10-26,Numbers / Symbols,Antisemitism,Texas,2024,10,2024-10,4
67900,2024-10-27,Slogans / Code words,Antisemitism,New Mexico,2024,10,2024-10,4
67886,2024-10-23,Slogans / Code words,Antisemitism,California,2024,10,2024-10,4
67985,2024-10-14,Numbers / Symbols,Antisemitism,California,2024,10,2024-10,4
67898,2024-10-27,"Publications, Platforms / Sites",Antisemitism,Illinois,2024,10,2024-10,4
67905,2024-10-28,Incidents / Events,Antisemitism,Texas,2024,10,2024-10,4
67887,2024-10-23,Slogans / Code words,Antisemitism,New York,2024,10,2024-10,4
67999,2024-10-16,Key Concepts / Definitions,Antisemitism,New York,2024,10,2024-10,4
67609,2024-04-28,Groups / Movements,Antisemitism,Maryland,2024,4,2024-04,2
69991,2024-09-26,Publications,Antisemitism,Colorado,2024,9,2024-09,3
69993,2024-09-02,Incidents / Events,Antisemitism,Ohio,2024,9,2024-09,3
69994,2024-09-02,Incidents / Events,Antisemitism,Ohio,2024,9,2024-09,3
69995,2024-09-24,"Slogans / Code words, Key Concepts / Definitions",Antisemitism,Colorado,2024,9,2024-09,3
69996,2024-09-25,People,Antisemitism,Florida,2024,9,2024-09,3
69997,2024-09-24,People,Antisemitism,Alabama,2024,9,2024-09,3
67963,2024-10-11,Numbers / Symbols,Antisemitism,Vermont,2024,10,2024-10,4
67659,2024-09-13,Incidents / Events,Antisemitism,Illinois,2024,9,2024-09,3
67660,2024-09-14,Slogans / Code words,Antisemitism,Illinois,2024,9,2024-09,3
69998,2024-09-15,Slogans / Code words,Antisemitism,New York,2024,9,2024-09,3
69999,2024-09-14,Slogans / Code words,Antisemitism,Colorado,2024,9,2024-09,3
67655,2024-09-14,Slogans / Code words,Antisemitism,Oregon,2024,9,2024-09,3
70000,2024-08-30,Slogans / Code words,Antisemitism,New Jersey,2024,8,2024-08,3
67314,2024-08-02,Slogans / Code words,Antisemitism,Maryland,2024,8,2024-08,3
70001,2024-08-18,Incidents / Events,Antisemitism,Ohio,2024,8,2024-08,3
70002,2024-08-18,Incidents / Events,Antisemitism,Ohio,2024,8,2024-08,3
70003,2024-08-18,Incidents / Events,Antisemitism,Ohio,2024,8,2024-08,3
70004,2024-08-18,Incidents / Events,Antisemitism,Ohio,2024,8,2024-08,3
67446,2024-02-10,Key Concepts / Definitions,Antisemitism,Michigan,2024,2,2024-02,1
67958,2024-10-11,Groups / Movements,Antisemitism,Massachusetts,2024,10,2024-10,4
67822,2024-09-26,Slogans / Code words,Antisemitism,Pennsylvania,2024,9,2024-09,3
70005,2024-09-30,"Slogans / Code words, Conspiracy Theories",Antisemitism,Pennsylvania,2024,9,2024-09,3
70006,2024-08-12,People,Antisemitism,New York,2024,8,2024-08,3
70007,2024-08-18,Key Concepts / Definitions,Antisemitism,Ohio,2024,8,2024-08,3
67462,2024-08-21,Key Concepts / Definitions,Antisemitism,Michigan,2024,8,2024-08,3
67386,2024-08-15,Key Concepts / Definitions,Antisemitism,Illinois,2024,8,2024-08,3
70008,2024-08-20,Groups / Movements,Antisemitism,New Jersey,2024,8,2024-08,3
70009,2024-08-08,Numbers / Symbols,Antisemitism,New York,2024,8,2024-08,3
70010,2024-08-10,Incidents / Events,Antisemitism,New York,2024,8,2024-08,3
70011,2024-08-21,Key Concepts / Definitions,Antisemitism,New York,2024,8,2024-08,3
70012,2024-08-18,Key Concepts / Definitions,Antisemitism,Ohio,2024,8,2024-08,3
70013,2024-08-17,Key Concepts / Definitions,Antisemitism,California,2024,8,2024-08,3
67460,2024-08-21,Key Concepts / Definitions,Antisemitism,Kansas,2024,8,2024-08,3
67697,2024-09-17,Groups / Movements,Antisemitism,Maryland,2024,9,2024-09,3
67706,2024-09-09,Incidents / Events,Antisemitism,Texas,2024,9,2024-09,3
67666,2024-09-13,Slogans / Code words,Antisemitism,Delaware,2024,9,2024-09,3
70014,2024-09-14,Slogans / Code words,Antisemitism,Georgia,2024,9,2024-09,3
70015,2024-09-14,Slogans / Code words,Antisemitism,Kentucky,2024,9,2024-09,3
70016,2024-09-16,"Slogans / Code words, Key Concepts / Definitions",Antisemitism,New Jersey,2024,9,2024-09,3
67675,2024-09-10,Slogans / Code words,Antisemitism,Wisconsin,2024,9,2024-09,3
70017,2024-08-09,Key Concepts / Definitions,Antisemitism,Utah,2024,8,2024-08,3
70018,2024-08-29,Numbers / Symbols,Antisemitism,Kentucky,2024,8,2024-08,3
70019,2024-08-19,Groups / Movements,Antisemitism,Kentucky,2024,8,2024-08,3
67448,2024-05-28,Incidents / Events,Antisemitism,New Jersey,2024,5,2024-05,2
70020,2024-09-27,Slogans / Code words,Antisemitism,Pennsylvania,2024,9,2024-09,3
70021,2024-08-15,Key Concepts / Definitions,Antisemitism,Florida,2024,8,2024-08,3
67438,2024-08-17,Slogans / Code words,Antisemitism,Pennsylvania,2024,8,2024-08,3
70022,2024-08-01,Groups / Movements,Antisemitism,Pennsylvania,2024,8,2024-08,3
67508,2024-08-26,Numbers / Symbols,Antisemitism,Arizona,2024,8,2024-08,3
70023,2024-08-15,Groups / Movements,Antisemitism,Pennsylvania,2024,8,2024-08,3
67455,2024-08-20,Incidents / Events,Antisemitism,Oregon,2024,8,2024-08,3
70024,2024-09-10,Slogans / Code words,Antisemitism,South Carolina,2024,9,2024-09,3
70025,2024-08-21,Key Concepts / Definitions,Antisemitism,Utah,2024,8,2024-08,3
70026,2024-08-22,"Slogans / Code words, Key Concepts / Definitions",Antisemitism,Pennsylvania,2024,8,2024-08,3
70027,2024-08-01,Slogans / Code words,Antisemitism,New York,2024,8,2024-08,3
67387,2024-08-15,Key Concepts / Definitions,Antisemitism,Illinois,2024,8,2024-08,3
67388,2024-08-15,Key Concepts / Definitions,Antisemitism,Illinois,2024,8,2024-08,3
70028,2024-08-18,Key Concepts / Definitions,Antisemitism,Ohio,2024,8,2024-08,3
67366,2024-08-12,Incidents / Events,Antisemitism,Indiana,2024,8,2024-08,3
67367,2024-08-12,Incidents / Events,Antisemitism,Indiana,2024,8,2024-08,3
67368,2024-08-12,Incidents / Events,Antisemitism,Indiana,2024,8,2024-08,3
67369,2024-08-12,Incidents / Events,Antisemitism,Indiana,2024,8,2024-08,3
67860,2024-09-27,Key Concepts / Definitions,Antisemitism,Connecticut,2024,9,2024-09,3
67640,2024-09-10,Groups / Movements,Antisemitism,Arizona,2024,9,2024-09,3
70029,2024-09-11,Slogans / Code words,Antisemitism,Rhode Island,2024,9,2024-09,3
70030,2024-09-12,Numbers / Symbols,Antisemitism,Colorado,2024,9,2024-09,3
67463,2024-08-21,Key Concepts / Definitions,Antisemitism,New Jersey,2024,8,2024-08,3
67392,2024-08-15,Key Concepts / Definitions,Antisemitism,Indiana,2024,8,2024-08,3
67329,2024-08-07,Key Concepts / Definitions,Antisemitism,New Jersey,2024,8,2024-08,3
67395,2024-07-17,Incidents / Events,Antisemitism,Maryland,2024,7,2024-07,3
67383,2024-08-15,Key Concepts / Definitions,Antisemitism,Illinois,2024,8,2024-08,3
67458,2024-08-21,Key Concepts / Definitions,Antisemitism,Illinois,2024,8,2024-08,3
70032,2024-08-25,Slogans / Code words,Antisemitism,California,2024,8,2024-08,3
70033,2024-08-18,Key Concepts / Definitions,Antisemitism,Ohio,2024,8,2024-08,3
70034,2024-08-18,Incidents / Events,Antisemitism,Ohio,2024,8,2024-08,3
70035,2024-08-18,Incidents / Events,Antisemitism,Ohio,2024,8,2024-08,3
67712,2024-09-16,Slogans / Code words,Antisemitism,Nevada,2024,9,2024-09,3
70036,2024-09-16,Numbers / Symbols,Antisemitism,Connecticut,2024,9,2024-09,3
67732,2024-09-20,Groups / Movements,Antisemitism,South Carolina,2024,9,2024-09,3
70037,2024-07-29,Slogans / Code words,Antisemitism,Texas,2024,7,2024-07,3
67579,2024-09-04,Groups / Movements,Antisemitism,Texas,2024,9,2024-09,3
67586,2024-09-03,Key Concepts / Definitions,Antisemitism,Nevada,2024,9,2024-09,3
70038,2024-09-26,Groups / Movements,Antisemitism,Pennsylvania,2024,9,2024-09,3
70039,2024-09-27,People,Antisemitism,Pennsylvania,2024,9,2024-09,3
70040,2024-09-27,Slogans / Code words,Antisemitism,California,2024,9,2024-09,3
67781,2024-09-23,Key Concepts / Definitions,Antisemitism,Minnesota,2024,9,2024-09,3
70041,2024-09-30,Incidents / Events,Antisemitism,Florida,2024,9,2024-09,3
67865,2024-09-30,People,Antisemitism,South Carolina,2024,9,2024-09,3
67904,2024-10-28,Slogans / Code words,Antisemitism,Illinois,2024,10,2024-10,4
67608,2024-09-07,Publications,Antisemitism,Maryland,2024,9,2024-09,3
67567,2024-08-31,Slogans / Code words,Antisemitism,Texas,2024,8,2024-08,3
67795,2024-09-24,Publications,Antisemitism,Pennsylvania,2024,9,2024-09,3
70042,2024-08-24,Key Concepts / Definitions,Antisemitism,Florida,2024,8,2024-08,3
70043,2024-09-06,"Slogans / Code words, Key Concepts / Definitions",Antisemitism,Indiana,2024,9,2024-09,3
67593,2024-09-06,People,Antisemitism,Minnesota,2024,9,2024-09,3
70044,2024-09-07,Slogans / Code words,Antisemitism,Pennsylvania,2024,9,2024-09,3
70045,2024-09-19,Slogans / Code words,Antisemitism,Alabama,2024,9,2024-09,3
67688,2024-09-14,Slogans / Code words,Antisemitism,Pennsylvania,2024,9,2024-09,3
70046,2024-09-14,Slogans / Code words,Antisemitism,New York,2024,9,2024-09,3
67588,2024-09-04,Publications,Antisemitism,Texas,2024,9,2024-09,3
70047,2024-09-05,Numbers / Symbols,Antisemitism,Ohio,2024,9,2024-09,3
70048,2024-09-05,Publications,Antisemitism,Kentucky,2024,9,2024-09,3
70049,2024-09-16,Slogans / Code words,Antisemitism,New Jersey,2024,9,2024-09,3
67669,2024-09-10,Incidents / Events,Antisemitism,Indiana,2024,9,2024-09,3
70050,2024-09-16,Incidents / Events,Antisemitism,Florida,2024,9,2024-09,3
67603,2024-09-09,Publications,Antisemitism,California,2024,9,2024-09,3
67630,2024-09-07,Incidents / Events,Antisemitism,California,2024,9,2024-09,3
67763,2024-09-22,People,Antisemitism,California,2024,9,2024-09,3
70051,2024-09-10,Slogans / Code words,Antisemitism,New Jersey,2024,9,2024-09,3
70052,2024-09-10,Slogans / Code words,Antisemitism,Kentucky,2024,9,2024-09,3
67677,2024-09-16,People,Antisemitism,Illinois,2024,9,2024-09,3
67680,2024-09-17,Publications,Antisemitism,Michigan,2024,9,2024-09,3
67801,2024-09-25,Key Concepts / Definitions,Antisemitism,Pennsylvania,2024,9,2024-09,3
67700,2024-09-05,Key Concepts / Definitions,Antisemitism,Minnesota,2024,9,2024-09,3
67695,2024-09-17,Key Concepts / Definitions,Antisemitism,Maryland,2024,9,2024-09,3
67736,2024-09-20,Incidents / Events,Antisemitism,Maryland,2024,9,2024-09,3
70053,2024-08-17,Incidents / Events,Antisemitism,California,2024,8,2024-08,3
67393,2024-08-15,Key Concepts / Definitions,Antisemitism,Indiana,2024,8,2024-08,3
67389,2024-08-15,Key Concepts / Definitions,Antisemitism,Illinois,2024,8,2024-08,3
70054,2024-08-18,Key Concepts / Definitions,Antisemitism,Ohio,2024,8,2024-08,3
67525,2024-08-30,Slogans / Code words,Antisemitism,Michigan,2024,8,2024-08,3
67431,2024-08-16,Numbers / Symbols,Antisemitism,Texas,2024,8,2024-08,3
70055,2024-08-10,Groups / Movements,Antisemitism,Maryland,2024,8,2024-08,3
70056,2024-08-18,Incidents / Events,Antisemitism,Ohio,2024,8,2024-08,3
70057,2024-08-18,Incidents / Events,Antisemitism,Ohio,2024,8,2024-08,3
67454,2024-08-20,People,Antisemitism,New York,2024,8,2024-08,3
67326,2024-08-04,Slogans / Code words,Antisemitism,Missouri,2024,8,2024-08,3
70058,2024-08-18,Incidents / Events,Antisemitism,Ohio,2024,8,2024-08,3
70059,2024-08-18,Incidents / Events,Antisemitism,Ohio,2024,8,2024-08,3
67384,2024-08-15,Key Concepts / Definitions,Antisemitism,Illinois,2024,8,2024-08,3
67385,2024-08-15,Key Concepts / Definitions,Antisemitism,Illinois,2024,8,2024-08,3
67365,2024-08-12,Incidents / Events,Antisemitism,Iowa,2024,8,2024-08,3
70060,2024-08-21,Key Concepts / Definitions,Antisemitism,New York,2024,8,2024-08,3
67391,2024-08-15,Key Concepts / Definitions,Antisemitism,Indiana,2024,8,2024-08,3
70061,2024-08-11,Slogans / Code words,Antisemitism,Indiana,2024,8,2024-08,3
67372,2024-07-13,Incidents / Events,Antisemitism,New York,2024,7,2024-07,3
70062,2024-08-25,Publications,Antisemitism,New York,2024,8,2024-08,3
67343,2024-08-09,"Slogans / Code words, Conspiracy Theories",Antisemitism,Illinois,2024,8,2024-08,3
67459,2024-08-13,Slogans / Code words,Antisemitism,Kansas,2024,8,2024-08,3
70063,2024-08-21,Key Concepts / Definitions,Antisemitism,California,2024,8,2024-08,3
67394,2024-08-15,Key Concepts / Definitions,Antisemitism,Indiana,2024,8,2024-08,3
70064,2024-08-15,Key Concepts / Definitions,Antisemitism,Florida,2024,8,2024-08,3
70065,2024-08-15,Key Concepts / Definitions,Antisemitism,Florida,2024,8,2024-08,3
67488,2024-08-26,Key Concepts / Definitions,Antisemitism,Missouri,2024,8,2024-08,3
67489,2024-08-26,Key Concepts / Definitions,Antisemitism,Missouri,2024,8,2024-08,3
67490,2024-08-26,Key Concepts / Definitions,Antisemitism,Missouri,2024,8,2024-08,3
70066,2024-08-15,Key Concepts / Definitions,Antisemitism,Florida,2024,8,2024-08,3
67397,2024-08-15,Groups / Movements,Antisemitism,New York,2024,8,2024-08,3
67527,2024-08-30,Groups / Movements,Antisemitism,New York,2024,8,2024-08,3
67330,2024-08-02,Slogans / Code words,Antisemitism,New Jersey,2024,8,2024-08,3
67892,2024-10-25,Slogans / Code words,Antisemitism,Washington,2024,10,2024-10,4
68031,2024-10-21,Groups / Movements,Antisemitism,Texas,2024,10,2024-10,4
67893,2024-10-26,Slogans / Code words,Antisemitism,California,2024,10,2024-10,4
67885,2024-10-23,Incidents / Events,Antisemitism,California,2024,10,2024-10,4
67891,2024-10-25,Incidents / Events,Antisemitism,Washington D.C.,2024,10,2024-10,4
67899,2024-10-27,Incidents / Events,Antisemitism,New Jersey,2024,10,2024-10,4
68059,2024-10-28,Numbers / Symbols,Antisemitism,California,2024,10,2024-10,4
67906,2024-10-28,"Slogans / Code words, Key Concepts / Definitions",Antisemitism,Washington,2024,10,2024-10,4
68028,2024-10-21,Numbers / Symbols,Antisemitism,Iowa,2024,10,2024-10,4
67903,2024-10-28,Key Concepts / Definitions,Antisemitism,Florida,2024,10,2024-10,4
70067,2024-07-06,Key Concepts / Definitions,Antisemitism,New York,2024,7,2024-07,3
70068,2024-08-24,"Slogans / Code words, Key Concepts / Definitions",Antisemitism,New York,2024,8,2024-08,3
67894,2024-10-26,Key Concepts / Definitions,Antisemitism,California,2024,10,2024-10,4
67909,2024-10-29,Groups / Movements,Antisemitism,Texas,2024,10,2024-10,4
70069,2024-10-08,Numbers / Symbols,Antisemitism,Ohio,2024,10,2024-10,4
68061,2024-10-29,Numbers / Symbols,Antisemitism,Massachusetts,2024,10,2024-10,4
70070,2024-10-30,Key Concepts / Definitions,Antisemitism,New York,2024,10,2024-10,4
68141,2024-10-07,Key Concepts / Definitions,Antisemitism,California,2024,10,2024-10,4
70071,2024-10-30,People,Antisemitism,Massachusetts,2024,10,2024-10,4
70072,2024-03-27,Conspiracy Theories,Antisemitism,New York,2024,3,2024-03,1
70073,2024-04-03,People,Antisemitism,Connecticut,2024,4,2024-04,2
70074,2024-03-28,People,Antisemitism,Arizona,2024,3,2024-03,1
70075,2024-04-25,Groups / Movements,Antisemitism,Indiana,2024,4,2024-04,2
70076,2024-03-15,Key Concepts / Definitions,Antisemitism,Tennessee,2024,3,2024-03,1
70077,2024-01-15,Slogans / Code words,Antisemitism,Virginia,2024,1,2024-01,1
70078,2024-04-08,"Slogans / Code words, Conspiracy Theories",Antisemitism,Pennsylvania,2024,4,2024-04,2
70079,2024-02-28,Incidents / Events,Antisemitism,New York,2024,2,2024-02,1
70080,2024-04-02,Publications,Antisemitism,Georgia,2024,4,2024-04,2
70081,2024-03-07,Tactics,Antisemitism,Washington D.C.,2024,3,2024-03,1
70082,2024-04-26,Slogans / Code words,Antisemitism,Pennsylvania,2024,4,2024-04,2
70083,2024-02-02,Slogans / Code words,Antisemitism,California,2024,2,2024-02,1
70084,2024-04-24,Slogans / Code words,Antisemitism,California,2024,4,2024-04,2
70085,2024-05-12,Groups / Movements,Antisemitism,California,2024,5,2024-05,2
67916,2024-10-30,Numbers / Symbols,Antisemitism,Ohio,2024,10,2024-10,4
70086,2024-10-30,People,Antisemitism,New York,2024,10,2024-10,4
68000,2024-10-16,Numbers / Symbols,Antisemitism,New York,2024,10,2024-10,4
70087,2024-10-22,Numbers / Symbols,Antisemitism,Oregon,2024,10,2024-10,4
67922,2024-10-31,Incidents / Events,Antisemitism,New York,2024,10,2024-10,4
67908,2024-10-29,Slogans / Code words,Antisemitism,New York,2024,10,2024-10,4
67910,2024-10-30,Slogans / Code words,Antisemitism,California,2024,10,2024-10,4
67918,2024-10-30,Slogans / Code words,Antisemitism,Pennsylvania,2024,10,2024-10,4
67917,2024-10-30,Numbers / Symbols,Antisemitism,Oregon,2024,10,2024-10,4
67907,2024-10-29,Slogans / Code words,Antisemitism,Michigan,2024,10,2024-10,4
67912,2024-10-30,Numbers / Symbols,Antisemitism,Maryland,2024,10,2024-10,4
67921,2024-10-31,Numbers / Symbols,Antisemitism,Massachusetts,2024,10,2024-10,4
70088,2024-10-31,People,Antisemitism,California,2024,10,2024-10,4
67923,2024-10-31,Numbers / Symbols,Antisemitism,Pennsylvania,2024,10,2024-10,4
68030,2024-10-21,People,Antisemitism,New Jersey,2024,10,2024-10,4
68101,2024-10-31,Numbers / Symbols,Antisemitism,Colorado,2024,10,2024-10,4
67924,2024-10-31,Numbers / Symbols,Antisemitism,Washington,2024,10,2024-10,4
67925,2024-11-01,Numbers / Symbols,Antisemitism,Massachusetts,2024,11,2024-11,4
67972,2024-10-12,Numbers / Symbols,Antisemitism,Pennsylvania,2024,10,2024-10,4
70089,2024-11-01,Numbers / Symbols,Antisemitism,Pennsylvania,2024,11,2024-11,4
67928,2024-11-01,Slogans / Code words,Antisemitism,Virginia,2024,11,2024-11,4
67911,2024-10-30,Incidents / Events,Antisemitism,Massachusetts,2024,10,2024-10,4
70090,2024-11-01,Slogans / Code words,Antisemitism,New York,2024,11,2024-11,4
67926,2024-11-01,Slogans / Code words,Antisemitism,Ohio,2024,11,2024-11,4
70091,2024-11-01,Groups / Movements,Antisemitism,New York,2024,11,2024-11,4
70092,2024-11-02,Slogans / Code words,Antisemitism,Georgia,2024,11,2024-11,4
70093,2024-10-07,Numbers / Symbols,Antisemitism,Tennessee,2024,10,2024-10,4
67997,2024-10-16,Numbers / Symbols,Antisemitism,California,2024,10,2024-10,4
67930,2024-11-02,Slogans / Code words,Antisemitism,New Jersey,2024,11,2024-11,4
68185,2024-11-02,Groups / Movements,Antisemitism,California,2024,11,2024-11,4
70094,2024-11-02,Slogans / Code words,Antisemitism,California,2024,11,2024-11,4
70095,2024-05-30,Key Concepts / Definitions,Antisemitism,Washington D.C.,2024,5,2024-05,2
67933,2024-11-04,Slogans / Code words,Antisemitism,New York,2024,11,2024-11,4
70096,2024-10-16,People,Antisemitism,Florida,2024,10,2024-10,4
67919,2024-10-31,Numbers / Symbols,Antisemitism,California,2024,10,2024-10,4
68100,2024-10-30,Slogans / Code words,Antisemitism,California,2024,10,2024-10,4
67915,2024-10-30,Numbers / Symbols,Antisemitism,New York,2024,10,2024-10,4
68007,2024-10-18,Slogans / Code words,Antisemitism,California,2024,10,2024-10,4
68194,2024-11-02,Slogans / Code words,Antisemitism,New York,2024,11,2024-11,4
67984,2024-10-14,Conspiracy Theories,Antisemitism,California,2024,10,2024-10,4
67927,2024-11-01,Groups / Movements,Antisemitism,Pennsylvania,2024,11,2024-11,4
70097,2024-10-01,"Slogans / Code words, Conspiracy Theories",Antisemitism,Utah,2024,10,2024-10,4
70098,2024-11-04,Numbers / Symbols,Antisemitism,New York,2024,11,2024-11,4
68108,2024-10-04,Slogans / Code words,Antisemitism,Ohio,2024,10,2024-10,4
67914,2024-10-30,Slogans / Code words,Antisemitism,New York,2024,10,2024-10,4
70099,2024-10-24,Conspiracy Theories,Antisemitism,New Mexico,2024,10,2024-10,4
67929,2024-11-01,Numbers / Symbols,Antisemitism,Washington,2024,11,2024-11,4
67858,2024-09-29,People,Antisemitism,New Jersey,2024,9,2024-09,3
67934,2024-11-05,Numbers / Symbols,Antisemitism,California,2024,11,2024-11,4
67931,2024-11-04,Numbers / Symbols,Antisemitism,Colorado,2024,11,2024-11,4
70100,2024-11-06,Publications,Antisemitism,Illinois,2024,11,2024-11,4
67969,2024-10-12,People,Antisemitism,New Jersey,2024,10,2024-10,4
67932,2024-11-04,People,Antisemitism,New Jersey,2024,11,2024-11,4
70101,2024-11-05,Slogans / Code words,Antisemitism,Colorado,2024,11,2024-11,4
68216,2024-11-07,Numbers / Symbols,Antisemitism,California,2024,11,2024-11,4
68199,2024-11-02,Groups / Movements,Antisemitism,Washington D.C.,2024,11,2024-11,4
70102,2024-10-31,Incidents / Events,Antisemitism,Washington D.C.,2024,10,2024-10,4
68218,2024-11-07,Slogans / Code words,Antisemitism,Maryland,2024,11,2024-11,4
68203,2024-11-04,Numbers / Symbols,Antisemitism,California,2024,11,2024-11,4
68209,2024-11-05,Slogans / Code words,Antisemitism,Michigan,2024,11,2024-11,4
68212,2024-11-05,Slogans / Code words,Antisemitism,Texas,2024,11,2024-11,4
68214,2024-11-07,Groups / Movements,Antisemitism,Arizona,2024,11,2024-11,4
70103,2024-11-08,Slogans / Code words,Antisemitism,Maryland,2024,11,2024-11,4
70104,2024-11-03,Slogans / Code words,Antisemitism,New Jersey,2024,11,2024-11,4
68230,2024-11-08,Numbers / Symbols,Antisemitism,Virginia,2024,11,2024-11,4
70105,2024-11-08,Numbers / Symbols,Antisemitism,New York,2024,11,2024-11,4
68123,2024-10-05,Incidents / Events,Antisemitism,Pennsylvania,2024,10,2024-10,4
68219,2024-11-07,Numbers / Symbols,Antisemitism,Massachusetts,2024,11,2024-11,4
68225,2024-11-08,"Conspiracy Theories, Groups / Movements",Antisemitism,Maryland,2024,11,2024-11,4
67913,2024-10-30,Numbers / Symbols,Antisemitism,Montana,2024,10,2024-10,4
68035,2024-10-24,Slogans / Code words,Antisemitism,California,2024,10,2024-10,4
70106,2024-11-07,People,Antisemitism,New York,2024,11,2024-11,4
68231,2024-11-08,Slogans / Code words,Antisemitism,Washington,2024,11,2024-11,4
68243,2024-11-09,Incidents / Events,Antisemitism,Washington D.C.,2024,11,2024-11,4
68238,2024-11-09,Slogans / Code words,Antisemitism,New Jersey,2024,11,2024-11,4
70107,2024-11-09,Slogans / Code words,Antisemitism,Nevada,2024,11,2024-11,4
68234,2024-11-09,Slogans / Code words,Antisemitism,Georgia,2024,11,2024-11,4
68248,2024-11-10,Groups / Movements,Antisemitism,Oregon,2024,11,2024-11,4
70108,2024-11-10,Key Concepts / Definitions,Antisemitism,Florida,2024,11,2024-11,4
68237,2024-11-09,Numbers / Symbols,Antisemitism,Michigan,2024,11,2024-11,4
68244,2024-11-10,"Slogans / Code words, Key Concepts / Definitions",Antisemitism,Indiana,2024,11,2024-11,4
68223,2024-11-08,Slogans / Code words,Antisemitism,California,2024,11,2024-11,4
68213,2024-11-06,Incidents / Events,Antisemitism,California,2024,11,2024-11,4
70109,2024-11-11,Slogans / Code words,Antisemitism,New York,2024,11,2024-11,4
68182,2024-11-01,Numbers / Symbols,Antisemitism,Massachusetts,2024,11,2024-11,4
68255,2024-11-11,Slogans / Code words,Antisemitism,Oregon,2024,11,2024-11,4
68256,2024-11-11,People,Antisemitism,Pennsylvania,2024,11,2024-11,4
68254,2024-11-11,Slogans / Code words,Antisemitism,New York,2024,11,2024-11,4
70110,2024-11-10,Incidents / Events,Antisemitism,New York,2024,11,2024-11,4
68251,2024-11-11,Incidents / Events,Antisemitism,California,2024,11,2024-11,4
70111,2024-11-11,Groups / Movements,Antisemitism,New York,2024,11,2024-11,4
68242,2024-11-09,Numbers / Symbols,Antisemitism,Texas,2024,11,2024-11,4
68245,2024-11-10,Slogans / Code words,Antisemitism,Maryland,2024,11,2024-11,4
70112,2024-11-06,Numbers / Symbols,Antisemitism,New York,2024,11,2024-11,4
68060,2024-10-29,Slogans / Code words,Antisemitism,California,2024,10,2024-10,4
68259,2024-11-12,Groups / Movements,Antisemitism,California,2024,11,2024-11,4
68260,2024-11-12,"Slogans / Code words, Key Concepts / Definitions",Antisemitism,Colorado,2024,11,2024-11,4
68261,2024-11-12,Slogans / Code words,Antisemitism,Massachusetts,2024,11,2024-11,4
70113,2024-05-28,Numbers / Symbols,Antisemitism,New York,2024,5,2024-05,2
70114,2024-06-02,Slogans / Code words,Antisemitism,New York,2024,6,2024-06,2
70115,2024-06-02,Numbers / Symbols,Antisemitism,New York,2024,6,2024-06,2
70116,2024-06-04,Key Concepts / Definitions,Antisemitism,New York,2024,6,2024-06,2
70117,2024-06-04,Slogans / Code words,Antisemitism,New York,2024,6,2024-06,2
70118,2024-03-09,Groups / Movements,Antisemitism,Arkansas,2024,3,2024-03,1
70119,2024-03-02,Numbers / Symbols,Antisemitism,Missouri,2024,3,2024-03,1
70120,2024-02-19,Slogans / Code words,Antisemitism,Minnesota,2024,2,2024-02,1
70121,2024-01-20,Slogans / Code words,Antisemitism,Missouri,2024,1,2024-01,1
70122,2024-05-07,Slogans / Code words,Antisemitism,New York,2024,5,2024-05,2
70123,2024-05-08,Slogans / Code words,Antisemitism,New York,2024,5,2024-05,2
70124,2024-05-09,Numbers / Symbols,Antisemitism,New York,2024,5,2024-05,2
70125,2024-05-14,Slogans / Code words,Antisemitism,New York,2024,5,2024-05,2
70126,2024-05-21,Conspiracy Theories,Antisemitism,New York,2024,5,2024-05,2
68202,2024-11-04,Key Concepts / Definitions,Antisemitism,California,2024,11,2024-11,4
70127,2024-04-29,Slogans / Code words,Antisemitism,Florida,2024,4,2024-04,2
70128,2024-04-25,Slogans / Code words,Antisemitism,New York,2024,4,2024-04,2
70129,2024-04-19,Slogans / Code words,Antisemitism,Ohio,2024,4,2024-04,2
70130,2024-05-02,Tactics,Antisemitism,New York,2024,5,2024-05,2
70131,2024-05-03,Key Concepts / Definitions,Antisemitism,New York,2024,5,2024-05,2
70132,2024-05-04,"Slogans / Code words, Conspiracy Theories",Antisemitism,New York,2024,5,2024-05,2
70133,2024-05-05,Incidents / Events,Antisemitism,New York,2024,5,2024-05,2
70134,2024-05-05,Groups / Movements,Antisemitism,New York,2024,5,2024-05,2
70135,2024-05-05,Groups / Movements,Antisemitism,New York,2024,5,2024-05,2
70136,2024-05-06,Numbers / Symbols,Antisemitism,New York,2024,5,2024-05,2
70137,2024-05-06,Incidents / Events,Antisemitism,New York,2024,5,2024-05,2
70138,2024-03-27,Groups / Movements,Antisemitism,Pennsylvania,2024,3,2024-03,1
70139,2024-03-21,Slogans / Code words,Antisemitism,Virginia,2024,3,2024-03,1
70140,2024-03-13,Slogans / Code words,Antisemitism,Oregon,2024,3,2024-03,1
70141,2024-03-05,Groups / Movements,Antisemitism,Minnesota,2024,3,2024-03,1
70142,2024-04-24,Slogans / Code words,Antisemitism,Michigan,2024,4,2024-04,2
70143,2024-04-24,People,Antisemitism,Maryland,2024,4,2024-04,2
70144,2024-04-22,Slogans / Code words,Antisemitism,Michigan,2024,4,2024-04,2
70145,2024-04-19,Slogans / Code words,Antisemitism,Massachusetts,2024,4,2024-04,2
70146,2024-01-25,Slogans / Code words,Antisemitism,Washington,2024,1,2024-01,1
70147,2024-01-25,Slogans / Code words,Antisemitism,Florida,2024,1,2024-01,1
70148,2024-06-14,Slogans / Code words,Antisemitism,New York,2024,6,2024-06,2
70149,2024-06-14,Numbers / Symbols,Antisemitism,New York,2024,6,2024-06,2
70150,2024-06-18,Incidents / Events,Antisemitism,New York,2024,6,2024-06,2
70151,2024-05-04,People,Antisemitism,Pennsylvania,2024,5,2024-05,2
70152,2024-05-17,Numbers / Symbols,Antisemitism,Pennsylvania,2024,5,2024-05,2
70153,2024-05-03,People,Antisemitism,Massachusetts,2024,5,2024-05,2
70154,2024-05-02,Groups / Movements,Antisemitism,Washington,2024,5,2024-05,2
70155,2024-05-01,Groups / Movements,Antisemitism,Washington,2024,5,2024-05,2
70156,2024-04-25,Slogans / Code words,Antisemitism,Georgia,2024,4,2024-04,2
70157,2024-04-25,Slogans / Code words,Antisemitism,Pennsylvania,2024,4,2024-04,2
70158,2024-04-20,Numbers / Symbols,Antisemitism,Missouri,2024,4,2024-04,2
70159,2024-06-18,Incidents / Events,Antisemitism,New York,2024,6,2024-06,2
70160,2024-06-19,Slogans / Code words,Antisemitism,New York,2024,6,2024-06,2
70161,2024-05-11,Slogans / Code words,Antisemitism,West Virginia,2024,5,2024-05,2
70162,2024-05-08,Slogans / Code words,Antisemitism,New York,2024,5,2024-05,2
70163,2024-05-03,Groups / Movements,Antisemitism,Minnesota,2024,5,2024-05,2
70164,2024-05-02,Slogans / Code words,Antisemitism,New York,2024,5,2024-05,2
70165,2024-05-02,Slogans / Code words,Antisemitism,Ohio,2024,5,2024-05,2
70166,2024-05-01,Slogans / Code words,Antisemitism,Massachusetts,2024,5,2024-05,2
70167,2024-05-01,Slogans / Code words,Antisemitism,Wisconsin,2024,5,2024-05,2
70168,2024-04-30,Slogans / Code words,Antisemitism,Virginia,2024,4,2024-04,2
70169,2024-04-12,People,Antisemitism,Florida,2024,4,2024-04,2
70170,2024-05-17,Groups / Movements,Antisemitism,New York,2024,5,2024-05,2
70171,2024-05-08,Slogans / Code words,Antisemitism,Washington,2024,5,2024-05,2
70172,2024-05-03,Groups / Movements,Antisemitism,Wisconsin,2024,5,2024-05,2
70173,2024-04-30,Slogans / Code words,Antisemitism,Virginia,2024,4,2024-04,2
70174,2024-04-28,Slogans / Code words,Antisemitism,Massachusetts,2024,4,2024-04,2
68247,2024-11-10,Incidents / Events,Antisemitism,New York,2024,11,2024-11,4
70175,2024-07-24,Key Concepts / Definitions,Antisemitism,Washington D.C.,2024,7,2024-07,3
68262,2024-11-12,Slogans / Code words,Antisemitism,New Jersey,2024,11,2024-11,4
68249,2024-11-10,Numbers / Symbols,Antisemitism,Pennsylvania,2024,11,2024-11,4
70176,2024-11-11,Key Concepts / Definitions,Antisemitism,Washington,2024,11,2024-11,4
68226,2024-11-08,Numbers / Symbols,Antisemitism,New Jersey,2024,11,2024-11,4
68266,2024-11-13,Slogans / Code words,Antisemitism,California,2024,11,2024-11,4
68240,2024-11-09,Slogans / Code words,Antisemitism,Ohio,2024,11,2024-11,4
70177,2024-11-13,Slogans / Code words,Antisemitism,New York,2024,11,2024-11,4
68009,2024-10-18,Numbers / Symbols,Antisemitism,Massachusetts,2024,10,2024-10,4
68269,2024-11-13,Platforms / Sites,Antisemitism,Georgia,2024,11,2024-11,4
70178,2024-11-13,Slogans / Code words,Antisemitism,Connecticut,2024,11,2024-11,4
68278,2024-11-14,Numbers / Symbols,Antisemitism,New Jersey,2024,11,2024-11,4
70179,2024-10-30,Key Concepts / Definitions,Antisemitism,New Jersey,2024,10,2024-10,4
68274,2024-11-14,People,Antisemitism,California,2024,11,2024-11,4
70180,2024-11-13,Numbers / Symbols,Antisemitism,Washington,2024,11,2024-11,4
68276,2024-11-14,Slogans / Code words,Antisemitism,Massachusetts,2024,11,2024-11,4
70181,2024-11-14,Groups / Movements,Antisemitism,California,2024,11,2024-11,4
68264,2024-11-12,Groups / Movements,Antisemitism,Ohio,2024,11,2024-11,4
68296,2024-11-16,Groups / Movements,Antisemitism,Ohio,2024,11,2024-11,4
68289,2024-11-15,Slogans / Code words,Antisemitism,Pennsylvania,2024,11,2024-11,4
68299,2024-11-16,Numbers / Symbols,Antisemitism,Washington D.C.,2024,11,2024-11,4
68295,2024-11-16,Slogans / Code words,Antisemitism,New York,2024,11,2024-11,4
68285,2024-11-15,Slogans / Code words,Antisemitism,New Jersey,2024,11,2024-11,4
68250,2024-11-11,Numbers / Symbols,Antisemitism,Arkansas,2024,11,2024-11,4
68281,2024-11-15,Numbers / Symbols,Antisemitism,Colorado,2024,11,2024-11,4
68268,2024-11-13,Slogans / Code words,Antisemitism,Florida,2024,11,2024-11,4
70182,2024-11-10,People,Antisemitism,Washington D.C.,2024,11,2024-11,4
68301,2024-11-17,"Slogans / Code words, Conspiracy Theories",Antisemitism,Massachusetts,2024,11,2024-11,4
68308,2024-11-18,Slogans / Code words,Antisemitism,Maryland,2024,11,2024-11,4
68291,2024-11-16,Publications,Antisemitism,Connecticut,2024,11,2024-11,4
68313,2024-11-18,Incidents / Events,Antisemitism,Nevada,2024,11,2024-11,4
68229,2024-11-08,Slogans / Code words,Antisemitism,Texas,2024,11,2024-11,4
70183,2024-11-19,Slogans / Code words,Antisemitism,Florida,2024,11,2024-11,4
68307,2024-11-18,Numbers / Symbols,Antisemitism,Maine,2024,11,2024-11,4
68187,2024-11-02,Numbers / Symbols,Antisemitism,Massachusetts,2024,11,2024-11,4
70184,2024-11-16,Incidents / Events,Antisemitism,New Jersey,2024,11,2024-11,4
68273,2024-11-14,Conspiracy Theories,Antisemitism,California,2024,11,2024-11,4
68325,2024-11-19,Numbers / Symbols,Antisemitism,New York,2024,11,2024-11,4
68037,2024-10-25,Numbers / Symbols,Antisemitism,New York,2024,10,2024-10,4
68263,2024-11-12,Numbers / Symbols,Antisemitism,New York,2024,11,2024-11,4
70185,2024-10-01,Numbers / Symbols,Antisemitism,New York,2024,10,2024-10,4
70186,2024-11-18,Slogans / Code words,Antisemitism,Massachusetts,2024,11,2024-11,4
68328,2024-11-20,Groups / Movements,Antisemitism,North Carolina,2024,11,2024-11,4
70187,2024-11-16,Incidents / Events,Antisemitism,California,2024,11,2024-11,4
70188,2024-11-14,Publications,Antisemitism,Pennsylvania,2024,11,2024-11,4
70189,2024-11-21,Numbers / Symbols,Antisemitism,New York,2024,11,2024-11,4
68290,2024-11-15,Numbers / Symbols,Antisemitism,Virginia,2024,11,2024-11,4
68332,2024-11-21,Groups / Movements,Antisemitism,California,2024,11,2024-11,4
68277,2024-11-14,Slogans / Code words,Antisemitism,Massachusetts,2024,11,2024-11,4
68252,2024-11-11,Numbers / Symbols,Antisemitism,California,2024,11,2024-11,4
68275,2024-11-14,Key Concepts / Definitions,Antisemitism,Florida,2024,11,2024-11,4
68335,2024-11-21,Slogans / Code words,Antisemitism,Washington D.C.,2024,11,2024-11,4
68333,2024-11-21,People,Antisemitism,Ohio,2024,11,2024-11,4
70190,2024-11-21,Numbers / Symbols,Antisemitism,New Jersey,2024,11,2024-11,4
68215,2024-11-07,Incidents / Events,Antisemitism,California,2024,11,2024-11,4
68339,2024-11-23,Slogans / Code words,Antisemitism,California,2024,11,2024-11,4
70191,2024-11-22,Key Concepts / Definitions,Antisemitism,New York,2024,11,2024-11,4
70192,2024-11-13,Key Concepts / Definitions,Antisemitism,Maine,2024,11,2024-11,4
68314,2024-11-18,Numbers / Symbols,Antisemitism,New Hampshire,2024,11,2024-11,4
68329,2024-11-21,Incidents / Events,Antisemitism,Arizona,2024,11,2024-11,4
70193,2024-11-21,Publications,Antisemitism,Virginia,2024,11,2024-11,4
68337,2024-11-22,Groups / Movements,Antisemitism,Washington D.C.,2024,11,2024-11,4
68179,2024-04-01,Slogans / Code words,Antisemitism,Pennsylvania,2024,4,2024-04,2
68327,2024-11-20,Slogans / Code words,Antisemitism,California,2024,11,2024-11,4
68321,2024-11-19,Platforms / Sites,Antisemitism,California,2024,11,2024-11,4
68315,2024-11-18,Numbers / Symbols,Antisemitism,New York,2024,11,2024-11,4
68352,2024-11-26,Numbers / Symbols,Antisemitism,California,2024,11,2024-11,4
67942,2024-10-01,Publications,Antisemitism,New York,2024,10,2024-10,4
68355,2024-11-26,People,Antisemitism,Pennsylvania,2024,11,2024-11,4
68349,2024-11-25,Slogans / Code words,Antisemitism,Nevada,2024,11,2024-11,4
70194,2024-11-23,Slogans / Code words,Antisemitism,Texas,2024,11,2024-11,4
68340,2024-11-23,Numbers / Symbols,Antisemitism,Connecticut,2024,11,2024-11,4
68163,2024-10-08,Slogans / Code words,Antisemitism,Florida,2024,10,2024-10,4
68353,2024-11-26,Numbers / Symbols,Antisemitism,Indiana,2024,11,2024-11,4
68267,2024-11-13,"Slogans / Code words, Key Concepts / Definitions",Antisemitism,Colorado,2024,11,2024-11,4
70195,2024-11-22,Slogans / Code words,Antisemitism,Tennessee,2024,11,2024-11,4
68367,2024-11-30,Incidents / Events,Antisemitism,New York,2024,11,2024-11,4
68366,2024-11-30,"Slogans / Code words, Key Concepts / Definitions",Antisemitism,Missouri,2024,11,2024-11,4
68362,2024-11-28,Slogans / Code words,Antisemitism,Washington D.C.,2024,11,2024-11,4
68420,2024-12-01,Incidents / Events,Antisemitism,North Carolina,2024,12,2024-12,4
68365,2024-11-30,"Slogans / Code words, Key Concepts / Definitions",Antisemitism,Indiana,2024,11,2024-11,4
68416,2024-12-01,Numbers / Symbols,Antisemitism,California,2024,12,2024-12,4
68421,2024-12-01,Slogans / Code words,Antisemitism,Texas,2024,12,2024-12,4
70196,2024-11-30,Slogans / Code words,Antisemitism,Colorado,2024,11,2024-11,4
70197,2024-11-26,Slogans / Code words,Antisemitism,Oregon,2024,11,2024-11,4
68433,2024-12-02,Slogans / Code words,Antisemitism,Pennsylvania,2024,12,2024-12,4
68429,2024-12-02,People,Antisemitism,New Jersey,2024,12,2024-12,4
68435,2024-12-03,Slogans / Code words,Antisemitism,California,2024,12,2024-12,4
68265,2024-11-13,People,Antisemitism,California,2024,11,2024-11,4
70198,2024-11-29,Slogans / Code words,Antisemitism,Colorado,2024,11,2024-11,4
68331,2024-11-21,Numbers / Symbols,Antisemitism,California,2024,11,2024-11,4
68227,2024-11-08,Numbers / Symbols,Antisemitism,New York,2024,11,2024-11,4
68440,2024-12-03,Publications,Antisemitism,Massachusetts,2024,12,2024-12,4
67785,2024-09-24,Groups / Movements,Antisemitism,Tennessee,2024,9,2024-09,3
67786,2024-09-24,Groups / Movements,Antisemitism,Tennessee,2024,9,2024-09,3
67787,2024-09-24,Groups / Movements,Antisemitism,Tennessee,2024,9,2024-09,3
67825,2024-09-27,Groups / Movements,Antisemitism,Tennessee,2024,9,2024-09,3
67260,2024-07-23,Slogans / Code words,Antisemitism,Texas,2024,7,2024-07,3
67322,2024-08-04,Groups / Movements,Antisemitism,Texas,2024,8,2024-08,3
67466,2024-08-21,Groups / Movements,Antisemitism,Virginia,2024,8,2024-08,3
67550,2024-09-01,Groups / Movements,Antisemitism,Virginia,2024,9,2024-09,3
67559,2024-09-02,Groups / Movements,Antisemitism,Virginia,2024,9,2024-09,3
67789,2024-09-24,Groups / Movements,Antisemitism,Virginia,2024,9,2024-09,3
67790,2024-09-24,Groups / Movements,Antisemitism,Virginia,2024,9,2024-09,3
67827,2024-09-27,Groups / Movements,Antisemitism,Virginia,2024,9,2024-09,3
67855,2024-09-28,Groups / Movements,Antisemitism,Virginia,2024,9,2024-09,3
67856,2024-09-28,Groups / Movements,Antisemitism,Virginia,2024,9,2024-09,3
67121,2024-07-01,Groups / Movements,Antisemitism,Washington,2024,7,2024-07,3
67793,2024-09-25,Groups / Movements,Antisemitism,New Hampshire,2024,9,2024-09,3
67437,2024-08-18,Groups / Movements,Antisemitism,New York,2024,8,2024-08,3
67526,2024-08-30,Groups / Movements,Antisemitism,New York,2024,8,2024-08,3
67597,2024-09-07,Slogans / Code words,Antisemitism,New York,2024,9,2024-09,3
67821,2024-09-27,Groups / Movements,Antisemitism,New York,2024,9,2024-09,3
67112,2024-07-01,Groups / Movements,Antisemitism,North Carolina,2024,7,2024-07,3
67360,2024-08-11,Groups / Movements,Antisemitism,North Carolina,2024,8,2024-08,3
67378,2024-08-13,Groups / Movements,Antisemitism,North Carolina,2024,8,2024-08,3
67400,2024-08-16,Groups / Movements,Antisemitism,North Carolina,2024,8,2024-08,3
67826,2024-09-27,Groups / Movements,Antisemitism,Utah,2024,9,2024-09,3
67119,2024-07-01,Groups / Movements,Antisemitism,Virginia,2024,7,2024-07,3
67120,2024-07-01,Slogans / Code words,Antisemitism,Virginia,2024,7,2024-07,3
67293,2024-07-29,Groups / Movements,Antisemitism,Virginia,2024,7,2024-07,3
67351,2024-08-09,Groups / Movements,Antisemitism,Virginia,2024,8,2024-08,3
67857,2024-09-28,Groups / Movements,Antisemitism,Wyoming,2024,9,2024-09,3
67541,2024-09-01,Groups / Movements,Antisemitism,Massachusetts,2024,9,2024-09,3
67694,2024-09-18,Groups / Movements,Antisemitism,Massachusetts,2024,9,2024-09,3
67723,2024-09-20,Groups / Movements,Antisemitism,Massachusetts,2024,9,2024-09,3
67779,2024-09-24,Slogans / Code words,Antisemitism,Massachusetts,2024,9,2024-09,3
67812,2024-09-27,Slogans / Code words,Antisemitism,Massachusetts,2024,9,2024-09,3
67111,2024-07-01,Groups / Movements,Antisemitism,Michigan,2024,7,2024-07,3
67513,2024-08-29,Groups / Movements,Antisemitism,Michigan,2024,8,2024-08,3
67542,2024-09-01,Slogans / Code words,Antisemitism,Michigan,2024,9,2024-09,3
67622,2024-09-10,Groups / Movements,Antisemitism,Michigan,2024,9,2024-09,3
67835,2024-09-28,Groups / Movements,Antisemitism,California,2024,9,2024-09,3
67107,2024-07-01,Groups / Movements,Antisemitism,Colorado,2024,7,2024-07,3
67108,2024-07-01,Groups / Movements,Antisemitism,Colorado,2024,7,2024-07,3
67241,2024-07-22,Groups / Movements,Antisemitism,Colorado,2024,7,2024-07,3
67251,2024-07-23,Groups / Movements,Antisemitism,Colorado,2024,7,2024-07,3
67355,2024-08-11,Groups / Movements,Antisemitism,Colorado,2024,8,2024-08,3
67433,2024-08-18,Groups / Movements,Antisemitism,Colorado,2024,8,2024-08,3
67494,2024-08-27,Groups / Movements,Antisemitism,Colorado,2024,8,2024-08,3
67510,2024-08-29,Groups / Movements,Antisemitism,Colorado,2024,8,2024-08,3
67511,2024-08-29,Groups / Movements,Antisemitism,Colorado,2024,8,2024-08,3
67682,2024-09-17,Groups / Movements,Antisemitism,Montana,2024,9,2024-09,3
67701,2024-09-18,Groups / Movements,Antisemitism,Montana,2024,9,2024-09,3
67353,2024-08-10,Groups / Movements,Antisemitism,Nebraska,2024,8,2024-08,3
67556,2024-09-02,Groups / Movements,Antisemitism,Nebraska,2024,9,2024-09,3
67515,2024-08-29,Groups / Movements,Antisemitism,Nevada,2024,8,2024-08,3
67845,2024-09-28,Groups / Movements,Antisemitism,Nevada,2024,9,2024-09,3
67113,2024-07-01,Groups / Movements,Antisemitism,New Hampshire,2024,7,2024-07,3
67114,2024-07-01,Groups / Movements,Antisemitism,New Hampshire,2024,7,2024-07,3
67755,2024-09-22,Groups / Movements,Antisemitism,New Hampshire,2024,9,2024-09,3
67352,2024-08-09,Groups / Movements,Antisemitism,Wisconsin,2024,8,2024-08,3
67380,2024-08-13,Groups / Movements,Antisemitism,Wisconsin,2024,8,2024-08,3
67518,2024-08-29,Groups / Movements,Antisemitism,Wisconsin,2024,8,2024-08,3
67551,2024-09-01,Groups / Movements,Antisemitism,Wisconsin,2024,9,2024-09,3
67582,2024-09-04,Groups / Movements,Antisemitism,Wisconsin,2024,9,2024-09,3
67589,2024-09-05,Groups / Movements,Antisemitism,Wisconsin,2024,9,2024-09,3
67590,2024-09-05,Slogans / Code words,Antisemitism,Wisconsin,2024,9,2024-09,3
67615,2024-09-09,Groups / Movements,Antisemitism,Wisconsin,2024,9,2024-09,3
67627,2024-09-10,Groups / Movements,Antisemitism,Wisconsin,2024,9,2024-09,3
67337,2024-08-08,Groups / Movements,Antisemitism,Washington,2024,8,2024-08,3
67473,2024-08-22,Groups / Movements,Antisemitism,Washington,2024,8,2024-08,3
67517,2024-08-29,Groups / Movements,Antisemitism,Washington,2024,8,2024-08,3
67626,2024-09-10,Groups / Movements,Antisemitism,Washington,2024,9,2024-09,3
67796,2024-09-25,Groups / Movements,Antisemitism,Washington,2024,9,2024-09,3
67775,2024-09-24,Groups / Movements,Antisemitism,Washington D.C.,2024,9,2024-09,3
67247,2024-07-22,Groups / Movements,Antisemitism,Wisconsin,2024,7,2024-07,3
67338,2024-08-08,Groups / Movements,Antisemitism,Wisconsin,2024,8,2024-08,3
67636,2024-09-11,Groups / Movements,Antisemitism,North Carolina,2024,9,2024-09,3
67783,2024-09-24,Groups / Movements,Antisemitism,North Carolina,2024,9,2024-09,3
67818,2024-09-27,Groups / Movements,Antisemitism,North Carolina,2024,9,2024-09,3
67687,2024-09-17,Groups / Movements,Antisemitism,Ohio,2024,9,2024-09,3
67730,2024-09-20,"Slogans / Code words, Conspiracy Theories",Antisemitism,Ohio,2024,9,2024-09,3
67731,2024-09-20,Platforms / Sites,Antisemitism,Ohio,2024,9,2024-09,3
67543,2024-09-01,Groups / Movements,Antisemitism,Minnesota,2024,9,2024-09,3
67816,2024-09-27,Groups / Movements,Antisemitism,Minnesota,2024,9,2024-09,3
67817,2024-09-27,Groups / Movements,Antisemitism,Minnesota,2024,9,2024-09,3
67843,2024-09-28,Groups / Movements,Antisemitism,Minnesota,2024,9,2024-09,3
67536,2024-08-31,Groups / Movements,Antisemitism,Mississippi,2024,8,2024-08,3
67545,2024-09-01,Groups / Movements,Antisemitism,Mississippi,2024,9,2024-09,3
67727,2024-09-20,Groups / Movements,Antisemitism,Mississippi,2024,9,2024-09,3
67752,2024-09-22,Groups / Movements,Antisemitism,Mississippi,2024,9,2024-09,3
67753,2024-09-22,Groups / Movements,Antisemitism,Mississippi,2024,9,2024-09,3
67370,2024-08-12,Groups / Movements,Antisemitism,Missouri,2024,8,2024-08,3
67852,2024-09-28,Tactics,Antisemitism,Pennsylvania,2024,9,2024-09,3
67621,2024-09-10,Groups / Movements,Antisemitism,Maryland,2024,9,2024-09,3
67696,2024-09-18,Groups / Movements,Antisemitism,Maryland,2024,9,2024-09,3
67751,2024-09-22,Groups / Movements,Antisemitism,Maryland,2024,9,2024-09,3
67813,2024-09-27,Groups / Movements,Antisemitism,Maryland,2024,9,2024-09,3
67814,2024-09-27,Groups / Movements,Antisemitism,Maryland,2024,9,2024-09,3
67839,2024-09-28,Groups / Movements,Antisemitism,Maryland,2024,9,2024-09,3
67840,2024-09-28,Groups / Movements,Antisemitism,Maryland,2024,9,2024-09,3
67841,2024-09-28,Groups / Movements,Antisemitism,Maryland,2024,9,2024-09,3
67252,2024-07-23,Groups / Movements,Antisemitism,Massachusetts,2024,7,2024-07,3
67348,2024-08-09,Groups / Movements,Antisemitism,Massachusetts,2024,8,2024-08,3
67430,2024-08-17,Groups / Movements,Antisemitism,Idaho,2024,8,2024-08,3
67500,2024-08-28,Groups / Movements,Antisemitism,Illinois,2024,8,2024-08,3
67607,2024-09-09,Groups / Movements,Antisemitism,Illinois,2024,9,2024-09,3
67667,2024-09-16,Groups / Movements,Antisemitism,Illinois,2024,9,2024-09,3
67722,2024-09-20,Groups / Movements,Antisemitism,Illinois,2024,9,2024-09,3
67778,2024-09-24,Groups / Movements,Antisemitism,Illinois,2024,9,2024-09,3
67810,2024-09-27,Slogans / Code words,Antisemitism,Illinois,2024,9,2024-09,3
67344,2024-08-09,Groups / Movements,Antisemitism,Indiana,2024,8,2024-08,3
67837,2024-09-28,Groups / Movements,Antisemitism,Indiana,2024,9,2024-09,3
67838,2024-09-28,Groups / Movements,Antisemitism,Indiana,2024,9,2024-09,3
67520,2024-08-30,Groups / Movements,Antisemitism,Colorado,2024,8,2024-08,3
67718,2024-09-20,Groups / Movements,Antisemitism,Colorado,2024,9,2024-09,3
67719,2024-09-20,Groups / Movements,Antisemitism,Colorado,2024,9,2024-09,3
67805,2024-09-27,Groups / Movements,Antisemitism,Colorado,2024,9,2024-09,3
67806,2024-09-27,Groups / Movements,Antisemitism,Colorado,2024,9,2024-09,3
67807,2024-09-27,Groups / Movements,Antisemitism,Colorado,2024,9,2024-09,3
67836,2024-09-28,Groups / Movements,Antisemitism,Colorado,2024,9,2024-09,3
67774,2024-09-24,Groups / Movements,Antisemitism,Connecticut,2024,9,2024-09,3
67721,2024-09-20,Groups / Movements,Antisemitism,Delaware,2024,9,2024-09,3
67770,2024-09-24,Groups / Movements,Antisemitism,Alabama,2024,9,2024-09,3
67771,2024-09-24,Groups / Movements,Antisemitism,Alabama,2024,9,2024-09,3
67832,2024-09-28,Groups / Movements,Antisemitism,Alabama,2024,9,2024-09,3
67552,2024-09-02,Groups / Movements,Antisemitism,Arizona,2024,9,2024-09,3
67374,2024-08-13,Groups / Movements,Antisemitism,Arkansas,2024,8,2024-08,3
67432,2024-08-18,Groups / Movements,Antisemitism,Arkansas,2024,8,2024-08,3
67249,2024-07-23,Groups / Movements,Antisemitism,California,2024,7,2024-07,3
67441,2024-08-19,Groups / Movements,Antisemitism,California,2024,8,2024-08,3
67303,2024-07-31,Groups / Movements,Antisemitism,Alabama,2024,7,2024-07,3
67484,2024-08-25,Groups / Movements,Antisemitism,Alabama,2024,8,2024-08,3
67539,2024-09-01,Groups / Movements,Antisemitism,Alabama,2024,9,2024-09,3
67715,2024-09-20,Groups / Movements,Antisemitism,Alabama,2024,9,2024-09,3
67716,2024-09-20,Groups / Movements,Antisemitism,Alabama,2024,9,2024-09,3
67742,2024-09-22,Groups / Movements,Antisemitism,Alabama,2024,9,2024-09,3
67759,2024-09-23,Groups / Movements,Antisemitism,Alabama,2024,9,2024-09,3
67371,2024-08-12,Groups / Movements,Antisemitism,Missouri,2024,8,2024-08,3
67503,2024-08-28,Groups / Movements,Antisemitism,Missouri,2024,8,2024-08,3
67544,2024-09-01,Groups / Movements,Antisemitism,Missouri,2024,9,2024-09,3
67555,2024-09-02,Groups / Movements,Antisemitism,Missouri,2024,9,2024-09,3
67577,2024-09-04,Groups / Movements,Antisemitism,Missouri,2024,9,2024-09,3
67584,2024-09-05,Groups / Movements,Antisemitism,Missouri,2024,9,2024-09,3
67623,2024-09-10,Groups / Movements,Antisemitism,Missouri,2024,9,2024-09,3
67671,2024-09-16,Groups / Movements,Antisemitism,Missouri,2024,9,2024-09,3
67782,2024-09-24,Tactics,Antisemitism,Missouri,2024,9,2024-09,3
67571,2024-09-04,Slogans / Code words,Antisemitism,California,2024,9,2024-09,3
67572,2024-09-04,Groups / Movements,Antisemitism,California,2024,9,2024-09,3
67743,2024-09-22,Groups / Movements,Antisemitism,California,2024,9,2024-09,3
67744,2024-09-22,Groups / Movements,Antisemitism,California,2024,9,2024-09,3
67745,2024-09-22,Groups / Movements,Antisemitism,California,2024,9,2024-09,3
67803,2024-09-27,Groups / Movements,Antisemitism,California,2024,9,2024-09,3
67804,2024-09-27,Groups / Movements,Antisemitism,California,2024,9,2024-09,3
67833,2024-09-28,Groups / Movements,Antisemitism,California,2024,9,2024-09,3
67628,2024-09-10,Groups / Movements,Antisemitism,Wisconsin,2024,9,2024-09,3
67674,2024-09-16,Groups / Movements,Antisemitism,Wisconsin,2024,9,2024-09,3
67758,2024-09-22,Groups / Movements,Antisemitism,Wisconsin,2024,9,2024-09,3
67769,2024-09-23,Groups / Movements,Antisemitism,Wisconsin,2024,9,2024-09,3
67828,2024-09-27,Groups / Movements,Antisemitism,Wisconsin,2024,9,2024-09,3
67829,2024-09-27,Groups / Movements,Antisemitism,Wisconsin,2024,9,2024-09,3
67830,2024-09-27,Groups / Movements,Antisemitism,Wisconsin,2024,9,2024-09,3
67248,2024-07-22,Groups / Movements,Antisemitism,Wyoming,2024,7,2024-07,3
67616,2024-09-09,Slogans / Code words,Antisemitism,Wyoming,2024,9,2024-09,3
67831,2024-09-27,Groups / Movements,Antisemitism,Wyoming,2024,9,2024-09,3
67602,2024-09-09,Slogans / Code words,Antisemitism,Alabama,2024,9,2024-09,3
67848,2024-09-28,Groups / Movements,Antisemitism,Ohio,2024,9,2024-09,3
67644,2024-09-12,People,Antisemitism,Tennessee,2024,9,2024-09,3
67849,2024-09-28,Groups / Movements,Antisemitism,Oklahoma,2024,9,2024-09,3
67566,2024-09-03,Slogans / Code words,Antisemitism,Oregon,2024,9,2024-09,3
67373,2024-08-12,Groups / Movements,Antisemitism,Pennsylvania,2024,8,2024-08,3
67528,2024-08-30,Groups / Movements,Antisemitism,Pennsylvania,2024,8,2024-08,3
67756,2024-09-22,Groups / Movements,Antisemitism,Pennsylvania,2024,9,2024-09,3
67823,2024-09-27,Groups / Movements,Antisemitism,Pennsylvania,2024,9,2024-09,3
67808,2024-09-27,Groups / Movements,Antisemitism,Delaware,2024,9,2024-09,3
67243,2024-07-22,Groups / Movements,Antisemitism,Florida,2024,7,2024-07,3
67535,2024-08-31,Groups / Movements,Antisemitism,Florida,2024,8,2024-08,3
67776,2024-09-24,Groups / Movements,Antisemitism,Florida,2024,9,2024-09,3
67809,2024-09-27,Groups / Movements,Antisemitism,Florida,2024,9,2024-09,3
67324,2024-08-05,Groups / Movements,Antisemitism,Georgia,2024,8,2024-08,3
67363,2024-08-12,Groups / Movements,Antisemitism,Georgia,2024,8,2024-08,3
67747,2024-09-22,Groups / Movements,Antisemitism,Georgia,2024,9,2024-09,3
67748,2024-09-22,Groups / Movements,Antisemitism,Georgia,2024,9,2024-09,3
67811,2024-09-27,Groups / Movements,Antisemitism,Louisiana,2024,9,2024-09,3
67357,2024-08-11,Groups / Movements,Antisemitism,Maryland,2024,8,2024-08,3
67359,2024-08-11,Groups / Movements,Antisemitism,Maryland,2024,8,2024-08,3
67434,2024-08-18,Groups / Movements,Antisemitism,Maryland,2024,8,2024-08,3
67469,2024-08-22,Groups / Movements,Antisemitism,Maryland,2024,8,2024-08,3
67501,2024-08-28,Groups / Movements,Antisemitism,Maryland,2024,8,2024-08,3
67502,2024-08-28,Groups / Movements,Antisemitism,Maryland,2024,8,2024-08,3
67524,2024-08-30,Groups / Movements,Antisemitism,Maryland,2024,8,2024-08,3
67595,2024-09-07,Groups / Movements,Antisemitism,Maryland,2024,9,2024-09,3
67610,2024-09-09,Groups / Movements,Antisemitism,Maryland,2024,9,2024-09,3
67681,2024-09-17,Groups / Movements,Antisemitism,Michigan,2024,9,2024-09,3
67699,2024-09-18,Groups / Movements,Antisemitism,Michigan,2024,9,2024-09,3
67724,2024-09-20,Groups / Movements,Antisemitism,Michigan,2024,9,2024-09,3
67725,2024-09-20,Groups / Movements,Antisemitism,Michigan,2024,9,2024-09,3
67726,2024-09-20,Groups / Movements,Antisemitism,Michigan,2024,9,2024-09,3
67815,2024-09-27,Groups / Movements,Antisemitism,Michigan,2024,9,2024-09,3
67335,2024-08-08,Groups / Movements,Antisemitism,Minnesota,2024,8,2024-08,3
67377,2024-08-13,Groups / Movements,Antisemitism,Minnesota,2024,8,2024-08,3
67116,2024-07-01,Groups / Movements,Antisemitism,South Dakota,2024,7,2024-07,3
67245,2024-07-22,Groups / Movements,Antisemitism,South Dakota,2024,7,2024-07,3
67259,2024-07-23,Groups / Movements,Antisemitism,South Dakota,2024,7,2024-07,3
67690,2024-09-17,Groups / Movements,Antisemitism,South Dakota,2024,9,2024-09,3
67705,2024-09-18,Groups / Movements,Antisemitism,South Dakota,2024,9,2024-09,3
67853,2024-09-28,Groups / Movements,Antisemitism,South Dakota,2024,9,2024-09,3
67117,2024-07-01,Groups / Movements,Antisemitism,Tennessee,2024,7,2024-07,3
67118,2024-07-01,Groups / Movements,Antisemitism,Tennessee,2024,7,2024-07,3
67612,2024-09-09,Groups / Movements,Antisemitism,Tennessee,2024,9,2024-09,3
67613,2024-09-09,Groups / Movements,Antisemitism,Tennessee,2024,9,2024-09,3
68447,2024-12-04,Numbers / Symbols,Antisemitism,New York,2024,12,2024-12,4
68423,2024-12-02,Incidents / Events,Antisemitism,California,2024,12,2024-12,4
68444,2024-12-04,Numbers / Symbols,Antisemitism,Maryland,2024,12,2024-12,4
68475,2024-12-05,Incidents / Events,Antisemitism,New York,2024,12,2024-12,4
70199,2024-11-29,People,Antisemitism,California,2024,11,2024-11,4
68334,2024-11-21,Slogans / Code words,Antisemitism,Washington,2024,11,2024-11,4
70200,2024-08-03,People,Antisemitism,Michigan,2024,8,2024-08,3
70201,2024-08-10,People,Antisemitism,Michigan,2024,8,2024-08,3
70202,2024-08-17,People,Antisemitism,Michigan,2024,8,2024-08,3
70203,2024-08-24,People,Antisemitism,Michigan,2024,8,2024-08,3
70204,2024-08-31,People,Antisemitism,Michigan,2024,8,2024-08,3
70205,2024-09-07,People,Antisemitism,Michigan,2024,9,2024-09,3
70206,2024-09-14,People,Antisemitism,Michigan,2024,9,2024-09,3
70207,2024-09-21,People,Antisemitism,Michigan,2024,9,2024-09,3
70208,2024-09-28,People,Antisemitism,Michigan,2024,9,2024-09,3
68113,2024-10-05,People,Antisemitism,Michigan,2024,10,2024-10,4
67968,2024-10-12,People,Antisemitism,Michigan,2024,10,2024-10,4
68013,2024-10-19,People,Antisemitism,Michigan,2024,10,2024-10,4
68041,2024-10-26,People,Antisemitism,Michigan,2024,10,2024-10,4
68189,2024-11-02,People,Antisemitism,Michigan,2024,11,2024-11,4
68236,2024-11-09,People,Antisemitism,Michigan,2024,11,2024-11,4
68293,2024-11-16,People,Antisemitism,Michigan,2024,11,2024-11,4
70209,2024-11-23,People,Antisemitism,Michigan,2024,11,2024-11,4
70210,2024-11-30,People,Antisemitism,Michigan,2024,11,2024-11,4
68439,2024-12-03,Numbers / Symbols,Antisemitism,Massachusetts,2024,12,2024-12,4
70211,2024-11-27,Key Concepts / Definitions,Antisemitism,New York,2024,11,2024-11,4
68442,2024-12-04,Numbers / Symbols,Antisemitism,California,2024,12,2024-12,4
68356,2024-11-27,People,Antisemitism,California,2024,11,2024-11,4
68478,2024-12-05,Numbers / Symbols,Antisemitism,Washington,2024,12,2024-12,4
68357,2024-11-27,Slogans / Code words,Antisemitism,Maryland,2024,11,2024-11,4
68436,2024-12-03,Slogans / Code words,Antisemitism,Florida,2024,12,2024-12,4
70212,2024-12-06,Numbers / Symbols,Antisemitism,Connecticut,2024,12,2024-12,4
70213,2024-12-06,People,Antisemitism,California,2024,12,2024-12,4
68491,2024-12-06,Slogans / Code words,Antisemitism,Michigan,2024,12,2024-12,4
70214,2024-08-04,Incidents / Events,Antisemitism,Virginia,2024,8,2024-08,3
70215,2024-11-13,People,Antisemitism,New York,2024,11,2024-11,4
68526,2024-12-09,Numbers / Symbols,Antisemitism,Massachusetts,2024,12,2024-12,4
68527,2024-12-09,Numbers / Symbols,Antisemitism,Michigan,2024,12,2024-12,4
68534,2024-12-09,Incidents / Events,Antisemitism,Pennsylvania,2024,12,2024-12,4
68414,2024-12-01,Groups / Movements,Antisemitism,Arizona,2024,12,2024-12,4
68536,2024-12-10,"Slogans / Code words, Conspiracy Theories",Antisemitism,California,2024,12,2024-12,4
68438,2024-12-03,Numbers / Symbols,Antisemitism,Maryland,2024,12,2024-12,4
70216,2024-11-30,Groups / Movements,Antisemitism,New York,2024,11,2024-11,4
68531,2024-12-09,Incidents / Events,Antisemitism,New York,2024,12,2024-12,4
68503,2024-12-08,Groups / Movements,Antisemitism,New York,2024,12,2024-12,4
70217,2024-11-21,Numbers / Symbols,Antisemitism,New York,2024,11,2024-11,4
70218,2024-04-26,Slogans / Code words,Antisemitism,Illinois,2024,4,2024-04,2
70219,2024-04-30,Slogans / Code words,Antisemitism,New Mexico,2024,4,2024-04,2
70220,2024-04-24,Groups / Movements,Antisemitism,New Mexico,2024,4,2024-04,2
68499,2024-12-08,Incidents / Events,Antisemitism,California,2024,12,2024-12,4
68542,2024-12-10,Numbers / Symbols,Antisemitism,New York,2024,12,2024-12,4
68446,2024-12-04,Slogans / Code words,Antisemitism,New Jersey,2024,12,2024-12,4
68540,2024-12-10,Numbers / Symbols,Antisemitism,Maryland,2024,12,2024-12,4
68336,2024-11-22,Numbers / Symbols,Antisemitism,Georgia,2024,11,2024-11,4
68539,2024-12-10,Numbers / Symbols,Antisemitism,Illinois,2024,12,2024-12,4
68474,2024-12-05,Numbers / Symbols,Antisemitism,Massachusetts,2024,12,2024-12,4
68524,2024-12-09,People,Antisemitism,Maryland,2024,12,2024-12,4
68473,2024-12-05,Key Concepts / Definitions,Antisemitism,Louisiana,2024,12,2024-12,4
68546,2024-12-11,Numbers / Symbols,Antisemitism,Maine,2024,12,2024-12,4
70222,2024-12-12,"Slogans / Code words, Conspiracy Theories",Antisemitism,New York,2024,12,2024-12,4
68490,2024-12-06,Slogans / Code words,Antisemitism,Massachusetts,2024,12,2024-12,4
68547,2024-12-11,Key Concepts / Definitions,Antisemitism,Maryland,2024,12,2024-12,4
70223,2024-12-08,"Slogans / Code words, Key Concepts / Definitions",Antisemitism,New Jersey,2024,12,2024-12,4
68441,2024-12-04,Slogans / Code words,Antisemitism,California,2024,12,2024-12,4
68525,2024-12-09,Slogans / Code words,Antisemitism,Maryland,2024,12,2024-12,4
68544,2024-12-11,Slogans / Code words,Antisemitism,California,2024,12,2024-12,4
68565,2024-12-13,People,Antisemitism,Pennsylvania,2024,12,2024-12,4
68560,2024-12-13,Slogans / Code words,Antisemitism,Maryland,2024,12,2024-12,4
70224,2024-12-09,Numbers / Symbols,Antisemitism,Connecticut,2024,12,2024-12,4
68559,2024-12-13,Numbers / Symbols,Antisemitism,Georgia,2024,12,2024-12,4
68476,2024-12-05,Numbers / Symbols,Antisemitism,Pennsylvania,2024,12,2024-12,4
68493,2024-12-06,Numbers / Symbols,Antisemitism,Washington,2024,12,2024-12,4
70226,2024-11-13,Numbers / Symbols,Antisemitism,Massachusetts,2024,11,2024-11,4
68588,2024-12-14,Slogans / Code words,Antisemitism,Maryland,2024,12,2024-12,4
68593,2024-12-15,Slogans / Code words,Antisemitism,Illinois,2024,12,2024-12,4
70227,2024-12-06,Publications,Antisemitism,New York,2024,12,2024-12,4
70228,2024-12-10,Groups / Movements,Antisemitism,Oregon,2024,12,2024-12,4
68605,2024-12-16,Numbers / Symbols,Antisemitism,New York,2024,12,2024-12,4
68550,2024-12-11,Numbers / Symbols,Antisemitism,Virginia,2024,12,2024-12,4
68541,2024-12-10,Numbers / Symbols,Antisemitism,Maryland,2024,12,2024-12,4
70229,2024-09-30,Slogans / Code words,Antisemitism,New York,2024,9,2024-09,3
70230,2024-10-03,"Slogans / Code words, Key Concepts / Definitions",Antisemitism,New York,2024,10,2024-10,4
70231,2024-10-04,Slogans / Code words,Antisemitism,New Jersey,2024,10,2024-10,4
70232,2024-10-06,"Slogans / Code words, Key Concepts / Definitions",Antisemitism,Washington D.C.,2024,10,2024-10,4
70233,2024-10-10,"Key Concepts / Definitions, Tactics",Antisemitism,New York,2024,10,2024-10,4
70234,2024-10-12,Slogans / Code words,Antisemitism,Illinois,2024,10,2024-10,4
70235,2024-09-16,Slogans / Code words,Antisemitism,New Jersey,2024,9,2024-09,3
70236,2024-10-15,Slogans / Code words,Antisemitism,New Jersey,2024,10,2024-10,4
70237,2024-10-24,Slogans / Code words,Antisemitism,New Jersey,2024,10,2024-10,4
70238,2024-10-25,Key Concepts / Definitions,Antisemitism,Georgia,2024,10,2024-10,4
70239,2024-09-03,Groups / Movements,Antisemitism,New York,2024,9,2024-09,3
68551,2024-12-12,Incidents / Events,Antisemitism,California,2024,12,2024-12,4
68604,2024-12-16,Numbers / Symbols,Antisemitism,New Jersey,2024,12,2024-12,4
68568,2024-12-14,Key Concepts / Definitions,Antisemitism,California,2024,12,2024-12,4
68589,2024-12-14,Numbers / Symbols,Antisemitism,New Jersey,2024,12,2024-12,4
70240,2024-12-15,Numbers / Symbols,Antisemitism,New York,2024,12,2024-12,4
68607,2024-12-16,Incidents / Events,Antisemitism,New York,2024,12,2024-12,4
68602,2024-12-16,People,Antisemitism,Missouri,2024,12,2024-12,4
68610,2024-12-17,Groups / Movements,Antisemitism,New York,2024,12,2024-12,4
68598,2024-12-16,Slogans / Code words,Antisemitism,Georgia,2024,12,2024-12,4
70241,2024-12-17,Groups / Movements,Antisemitism,Massachusetts,2024,12,2024-12,4
68617,2024-12-17,Numbers / Symbols,Antisemitism,Washington,2024,12,2024-12,4
67935,2024-10-01,Groups / Movements,Antisemitism,Colorado,2024,10,2024-10,4
67936,2024-10-01,Groups / Movements,Antisemitism,Colorado,2024,10,2024-10,4
67937,2024-10-01,Groups / Movements,Antisemitism,Michigan,2024,10,2024-10,4
67941,2024-10-01,Groups / Movements,Antisemitism,New York,2024,10,2024-10,4
67943,2024-10-01,Groups / Movements,Antisemitism,North Carolina,2024,10,2024-10,4
67944,2024-10-01,Groups / Movements,Antisemitism,Pennsylvania,2024,10,2024-10,4
67945,2024-10-01,Groups / Movements,Antisemitism,Tennessee,2024,10,2024-10,4
67946,2024-10-01,Groups / Movements,Antisemitism,Virginia,2024,10,2024-10,4
67947,2024-10-01,Groups / Movements,Antisemitism,Wisconsin,2024,10,2024-10,4
67953,2024-10-10,Groups / Movements,Antisemitism,North Carolina,2024,10,2024-10,4
68033,2024-10-22,"Slogans / Code words, Conspiracy Theories",Antisemitism,Virginia,2024,10,2024-10,4
68038,2024-10-26,Groups / Movements,Antisemitism,Alabama,2024,10,2024-10,4
68039,2024-10-26,Groups / Movements,Antisemitism,Alabama,2024,10,2024-10,4
68040,2024-10-26,Groups / Movements,Antisemitism,Maryland,2024,10,2024-10,4
68042,2024-10-26,Groups / Movements,Antisemitism,Missouri,2024,10,2024-10,4
68043,2024-10-26,Groups / Movements,Antisemitism,Missouri,2024,10,2024-10,4
68044,2024-10-26,Groups / Movements,Antisemitism,Nevada,2024,10,2024-10,4
68045,2024-10-26,Groups / Movements,Antisemitism,New Hampshire,2024,10,2024-10,4
68046,2024-10-26,Groups / Movements,Antisemitism,New York,2024,10,2024-10,4
68047,2024-10-26,Groups / Movements,Antisemitism,North Carolina,2024,10,2024-10,4
68065,2024-10-03,Groups / Movements,Antisemitism,Florida,2024,10,2024-10,4
68068,2024-10-03,Groups / Movements,Antisemitism,Mississippi,2024,10,2024-10,4
68070,2024-10-03,Groups / Movements,Antisemitism,New Hampshire,2024,10,2024-10,4
68098,2024-10-03,Groups / Movements,Antisemitism,Virginia,2024,10,2024-10,4
68099,2024-10-03,Groups / Movements,Antisemitism,Wisconsin,2024,10,2024-10,4
68049,2024-10-26,Groups / Movements,Antisemitism,South Dakota,2024,10,2024-10,4
68050,2024-10-26,Groups / Movements,Antisemitism,South Dakota,2024,10,2024-10,4
68051,2024-10-26,Groups / Movements,Antisemitism,Utah,2024,10,2024-10,4
68052,2024-10-26,Groups / Movements,Antisemitism,Virginia,2024,10,2024-10,4
68053,2024-10-26,Groups / Movements,Antisemitism,Virginia,2024,10,2024-10,4
68055,2024-10-27,Groups / Movements,Antisemitism,Illinois,2024,10,2024-10,4
68056,2024-10-27,Groups / Movements,Antisemitism,Massachusetts,2024,10,2024-10,4
68057,2024-10-27,Groups / Movements,Antisemitism,Missouri,2024,10,2024-10,4
68058,2024-10-27,Groups / Movements,Antisemitism,New York,2024,10,2024-10,4
68062,2024-10-29,Groups / Movements,Antisemitism,Michigan,2024,10,2024-10,4
68615,2024-12-17,Numbers / Symbols,Antisemitism,Texas,2024,12,2024-12,4
68552,2024-12-12,Numbers / Symbols,Antisemitism,Massachusetts,2024,12,2024-12,4
68626,2024-12-18,People,Antisemitism,Florida,2024,12,2024-12,4
68632,2024-12-18,Key Concepts / Definitions,Antisemitism,Washington D.C.,2024,12,2024-12,4
68279,2024-11-14,Slogans / Code words,Antisemitism,Pennsylvania,2024,11,2024-11,4
68611,2024-12-17,Numbers / Symbols,Antisemitism,New York,2024,12,2024-12,4
68287,2024-11-15,"Slogans / Code words, Key Concepts / Definitions",Antisemitism,New York,2024,11,2024-11,4
68606,2024-12-16,Numbers / Symbols,Antisemitism,New York,2024,12,2024-12,4
68608,2024-12-16,People,Antisemitism,Texas,2024,12,2024-12,4
68625,2024-12-18,Tactics,Antisemitism,Connecticut,2024,12,2024-12,4
68645,2024-12-19,Slogans / Code words,Antisemitism,Virginia,2024,12,2024-12,4
70242,2024-12-19,Key Concepts / Definitions,Antisemitism,New York,2024,12,2024-12,4
68613,2024-12-17,Slogans / Code words,Antisemitism,Pennsylvania,2024,12,2024-12,4
68647,2024-12-19,Slogans / Code words,Antisemitism,Wyoming,2024,12,2024-12,4
68662,2024-12-20,Slogans / Code words,Antisemitism,Vermont,2024,12,2024-12,4
68665,2024-12-21,Slogans / Code words,Antisemitism,Michigan,2024,12,2024-12,4
68648,2024-12-20,Slogans / Code words,Antisemitism,California,2024,12,2024-12,4
68207,2024-11-05,Key Concepts / Definitions,Antisemitism,California,2024,11,2024-11,4
68668,2024-12-22,Groups / Movements,Antisemitism,Colorado,2024,12,2024-12,4
70244,2024-12-20,Groups / Movements,Antisemitism,California,2024,12,2024-12,4
70245,2024-12-06,Slogans / Code words,Antisemitism,Hawaii,2024,12,2024-12,4
68667,2024-12-22,Groups / Movements,Antisemitism,California,2024,12,2024-12,4
70246,2024-10-18,People,Antisemitism,Hawaii,2024,10,2024-10,4
68675,2024-12-23,Numbers / Symbols,Antisemitism,Louisiana,2024,12,2024-12,4
68639,2024-12-19,Numbers / Symbols,Antisemitism,Massachusetts,2024,12,2024-12,4
68654,2024-12-20,"Publications, Platforms / Sites",Antisemitism,Illinois,2024,12,2024-12,4
68637,2024-12-19,Incidents / Events,Antisemitism,Maryland,2024,12,2024-12,4
68638,2024-12-19,Numbers / Symbols,Antisemitism,Massachusetts,2024,12,2024-12,4
68679,2024-12-23,People,Antisemitism,Michigan,2024,12,2024-12,4
68636,2024-12-19,Groups / Movements,Antisemitism,California,2024,12,2024-12,4
68620,2024-12-18,Groups / Movements,Antisemitism,California,2024,12,2024-12,4
68622,2024-12-18,Groups / Movements,Antisemitism,California,2024,12,2024-12,4
68624,2024-12-18,Key Concepts / Definitions,Antisemitism,California,2024,12,2024-12,4
68621,2024-12-18,Groups / Movements,Antisemitism,California,2024,12,2024-12,4
68687,2024-12-23,Numbers / Symbols,Antisemitism,Oregon,2024,12,2024-12,4
70247,2024-12-23,Slogans / Code words,Antisemitism,New York,2024,12,2024-12,4
68701,2024-12-24,Slogans / Code words,Antisemitism,New York,2024,12,2024-12,4
68704,2024-12-25,Groups / Movements,Antisemitism,California,2024,12,2024-12,4
70248,2024-09-10,Publications,Antisemitism,New Jersey,2024,9,2024-09,3
68528,2024-12-09,Groups / Movements,Antisemitism,New Jersey,2024,12,2024-12,4
68726,2024-12-26,"Slogans / Code words, Key Concepts / Definitions",Antisemitism,Colorado,2024,12,2024-12,4
68723,2024-12-26,"Slogans / Code words, Conspiracy Theories",Antisemitism,Arizona,2024,12,2024-12,4
68627,2024-12-18,Key Concepts / Definitions,Antisemitism,Minnesota,2024,12,2024-12,4
70249,2024-12-24,"Slogans / Code words, Key Concepts / Definitions",Antisemitism,Texas,2024,12,2024-12,4
70250,2024-10-16,Key Concepts / Definitions,Antisemitism,New Jersey,2024,10,2024-10,4
70251,2024-10-17,Tactics,Antisemitism,New Jersey,2024,10,2024-10,4
70252,2024-10-07,Key Concepts / Definitions,Antisemitism,New Jersey,2024,10,2024-10,4
70253,2024-09-24,People,Antisemitism,New Jersey,2024,9,2024-09,3
68183,2024-11-01,Numbers / Symbols,Antisemitism,New Jersey,2024,11,2024-11,4
68184,2024-11-01,Key Concepts / Definitions,Antisemitism,New Jersey,2024,11,2024-11,4
68286,2024-11-15,People,Antisemitism,New Jersey,2024,11,2024-11,4
70256,2024-12-12,Groups / Movements,Antisemitism,New Jersey,2024,12,2024-12,4
70257,2024-10-28,Key Concepts / Definitions,Antisemitism,Minnesota,2024,10,2024-10,4
70258,2024-10-15,Slogans / Code words,Antisemitism,Massachusetts,2024,10,2024-10,4
70259,2024-10-28,Numbers / Symbols,Antisemitism,Tennessee,2024,10,2024-10,4
70260,2024-10-28,Slogans / Code words,Antisemitism,Kentucky,2024,10,2024-10,4
70261,2024-10-27,"Slogans / Code words, Key Concepts / Definitions",Antisemitism,Kentucky,2024,10,2024-10,4
70262,2024-10-06,Slogans / Code words,Antisemitism,Virginia,2024,10,2024-10,4
70263,2024-10-07,Slogans / Code words,Antisemitism,Texas,2024,10,2024-10,4
70264,2024-10-08,Slogans / Code words,Antisemitism,Pennsylvania,2024,10,2024-10,4
70265,2024-10-08,People,Antisemitism,New York,2024,10,2024-10,4
70266,2024-10-03,Key Concepts / Definitions,Antisemitism,Nevada,2024,10,2024-10,4
70267,2024-10-07,Slogans / Code words,Antisemitism,Florida,2024,10,2024-10,4
70268,2024-10-07,Numbers / Symbols,Antisemitism,New York,2024,10,2024-10,4
70269,2024-10-07,People,Antisemitism,Maryland,2024,10,2024-10,4
70270,2024-10-06,Slogans / Code words,Antisemitism,Florida,2024,10,2024-10,4
70271,2024-10-07,Key Concepts / Definitions,Antisemitism,California,2024,10,2024-10,4
70272,2024-10-03,Groups / Movements,Antisemitism,Indiana,2024,10,2024-10,4
70273,2024-10-10,Slogans / Code words,Antisemitism,Arkansas,2024,10,2024-10,4
70274,2024-10-11,Key Concepts / Definitions,Antisemitism,Illinois,2024,10,2024-10,4
70275,2024-10-11,Slogans / Code words,Antisemitism,Ohio,2024,10,2024-10,4
70276,2024-10-11,Key Concepts / Definitions,Antisemitism,Kentucky,2024,10,2024-10,4
70277,2024-09-20,Incidents / Events,Antisemitism,New York,2024,9,2024-09,3
70278,2024-10-14,Numbers / Symbols,Antisemitism,Nevada,2024,10,2024-10,4
70279,2024-10-14,Publications,Antisemitism,Indiana,2024,10,2024-10,4
70280,2024-10-13,Numbers / Symbols,Antisemitism,California,2024,10,2024-10,4
70281,2024-10-07,Slogans / Code words,Antisemitism,Pennsylvania,2024,10,2024-10,4
70282,2024-10-08,Slogans / Code words,Antisemitism,New York,2024,10,2024-10,4
70283,2024-10-15,Groups / Movements,Antisemitism,Indiana,2024,10,2024-10,4
70284,2024-10-22,Incidents / Events,Antisemitism,Ohio,2024,10,2024-10,4
70285,2024-10-22,Key Concepts / Definitions,Antisemitism,Florida,2024,10,2024-10,4
70286,2024-10-23,Slogans / Code words,Antisemitism,New York,2024,10,2024-10,4
70287,2024-10-24,Publications,Antisemitism,Ohio,2024,10,2024-10,4
70288,2024-10-20,"Slogans / Code words, Key Concepts / Definitions",Antisemitism,Oregon,2024,10,2024-10,4
70289,2024-10-22,Incidents / Events,Antisemitism,Ohio,2024,10,2024-10,4
70290,2024-10-20,Key Concepts / Definitions,Antisemitism,Tennessee,2024,10,2024-10,4
70291,2024-10-31,Groups / Movements,Antisemitism,Wisconsin,2024,10,2024-10,4
70292,2024-10-16,Slogans / Code words,Antisemitism,New Jersey,2024,10,2024-10,4
70293,2024-10-07,Slogans / Code words,Antisemitism,California,2024,10,2024-10,4
70294,2024-10-07,Slogans / Code words,Antisemitism,California,2024,10,2024-10,4
70295,2024-10-21,Numbers / Symbols,Antisemitism,Ohio,2024,10,2024-10,4
70296,2024-10-23,Numbers / Symbols,Antisemitism,Oregon,2024,10,2024-10,4
70297,2024-10-23,Groups / Movements,Antisemitism,New Jersey,2024,10,2024-10,4
70298,2024-10-22,Groups / Movements,Antisemitism,Illinois,2024,10,2024-10,4
70299,2024-10-23,Groups / Movements,Antisemitism,Ohio,2024,10,2024-10,4
70300,2024-10-23,Numbers / Symbols,Antisemitism,Minnesota,2024,10,2024-10,4
68737,2024-12-27,Groups / Movements,Antisemitism,California,2024,12,2024-12,4
70301,2024-10-27,Slogans / Code words,Antisemitism,New Jersey,2024,10,2024-10,4
70303,2024-10-24,Slogans / Code words,Antisemitism,New York,2024,10,2024-10,4
70304,2024-09-21,Incidents / Events,Antisemitism,Tennessee,2024,9,2024-09,3
70305,2024-10-05,People,Antisemitism,Connecticut,2024,10,2024-10,4
70306,2024-10-05,Key Concepts / Definitions,Antisemitism,Virginia,2024,10,2024-10,4
70307,2024-10-07,Slogans / Code words,Antisemitism,New Jersey,2024,10,2024-10,4
70308,2024-10-20,"Slogans / Code words, Key Concepts / Definitions",Antisemitism,New Jersey,2024,10,2024-10,4
70309,2024-10-18,Groups / Movements,Antisemitism,Pennsylvania,2024,10,2024-10,4
70310,2024-10-20,"Slogans / Code words, Conspiracy Theories",Antisemitism,Rhode Island,2024,10,2024-10,4
70311,2024-10-25,Slogans / Code words,Antisemitism,Washington D.C.,2024,10,2024-10,4
70312,2024-10-25,Numbers / Symbols,Antisemitism,California,2024,10,2024-10,4
70313,2024-10-26,Key Concepts / Definitions,Antisemitism,Michigan,2024,10,2024-10,4
70314,2024-10-01,Slogans / Code words,Antisemitism,Minnesota,2024,10,2024-10,4
70316,2024-10-17,"Slogans / Code words, Conspiracy Theories",Antisemitism,Washington,2024,10,2024-10,4
70317,2024-10-21,Slogans / Code words,Antisemitism,California,2024,10,2024-10,4
70318,2024-10-20,Numbers / Symbols,Antisemitism,Maryland,2024,10,2024-10,4
70319,2024-10-20,Key Concepts / Definitions,Antisemitism,California,2024,10,2024-10,4
70320,2024-10-22,Slogans / Code words,Antisemitism,New York,2024,10,2024-10,4
70321,2024-10-01,Slogans / Code words,Antisemitism,Virginia,2024,10,2024-10,4
70322,2024-10-02,Publications,Antisemitism,Maryland,2024,10,2024-10,4
70323,2024-10-02,Numbers / Symbols,Antisemitism,California,2024,10,2024-10,4
70324,2024-10-29,People,Antisemitism,Tennessee,2024,10,2024-10,4
70325,2024-10-25,Slogans / Code words,Antisemitism,Florida,2024,10,2024-10,4
70326,2024-10-30,Numbers / Symbols,Antisemitism,Illinois,2024,10,2024-10,4
70327,2024-10-20,Groups / Movements,Antisemitism,Tennessee,2024,10,2024-10,4
70328,2024-10-27,"Slogans / Code words, Key Concepts / Definitions",Antisemitism,Indiana,2024,10,2024-10,4
70329,2024-10-31,People,Antisemitism,Florida,2024,10,2024-10,4
70330,2024-10-13,Groups / Movements,Antisemitism,Massachusetts,2024,10,2024-10,4
70331,2024-10-06,Slogans / Code words,Antisemitism,New York,2024,10,2024-10,4
70332,2024-10-12,Key Concepts / Definitions,Antisemitism,New York,2024,10,2024-10,4
70333,2024-10-12,Key Concepts / Definitions,Antisemitism,New York,2024,10,2024-10,4
70334,2024-08-29,Publications,Antisemitism,California,2024,8,2024-08,3
70335,2024-10-22,Slogans / Code words,Antisemitism,South Carolina,2024,10,2024-10,4
70336,2024-10-23,"Slogans / Code words, Conspiracy Theories",Antisemitism,Colorado,2024,10,2024-10,4
70337,2024-10-08,Slogans / Code words,Antisemitism,Pennsylvania,2024,10,2024-10,4
70338,2024-10-09,Groups / Movements,Antisemitism,Indiana,2024,10,2024-10,4
70339,2024-10-16,"Slogans / Code words, Conspiracy Theories",Antisemitism,Illinois,2024,10,2024-10,4
70340,2024-10-16,Slogans / Code words,Antisemitism,New York,2024,10,2024-10,4
70341,2024-10-16,Incidents / Events,Antisemitism,Pennsylvania,2024,10,2024-10,4
70342,2024-10-18,Slogans / Code words,Antisemitism,New York,2024,10,2024-10,4
70343,2024-10-29,Slogans / Code words,Antisemitism,Connecticut,2024,10,2024-10,4
70344,2024-10-29,"Slogans / Code words, Key Concepts / Definitions",Antisemitism,New Jersey,2024,10,2024-10,4
70345,2024-10-29,Groups / Movements,Antisemitism,Wisconsin,2024,10,2024-10,4
70346,2024-10-30,Slogans / Code words,Antisemitism,Michigan,2024,10,2024-10,4
70347,2024-10-01,Groups / Movements,Antisemitism,Maryland,2024,10,2024-10,4
70348,2024-12-28,Slogans / Code words,Antisemitism,California,2024,12,2024-12,4
68761,2024-12-28,Incidents / Events,Antisemitism,Colorado,2024,12,2024-12,4
68322,2024-11-19,Slogans / Code words,Antisemitism,Florida,2024,11,2024-11,4
68706,2024-12-25,Key Concepts / Definitions,Antisemitism,Connecticut,2024,12,2024-12,4
68489,2024-12-06,Slogans / Code words,Antisemitism,Florida,2024,12,2024-12,4
70349,2024-05-24,People,Antisemitism,New Jersey,2024,5,2024-05,2
70350,2024-01-24,Numbers / Symbols,Antisemitism,New Jersey,2024,1,2024-01,1
70351,2024-03-13,Slogans / Code words,Antisemitism,New Jersey,2024,3,2024-03,1
70352,2024-01-17,Numbers / Symbols,Antisemitism,New Jersey,2024,1,2024-01,1
70353,2024-06-17,Key Concepts / Definitions,Antisemitism,New Jersey,2024,6,2024-06,2
70354,2024-01-23,Numbers / Symbols,Antisemitism,New Jersey,2024,1,2024-01,1
70355,2024-06-29,"Slogans / Code words, Key Concepts / Definitions",Antisemitism,New Jersey,2024,6,2024-06,2
70356,2024-02-05,Numbers / Symbols,Antisemitism,New Jersey,2024,2,2024-02,1
68760,2024-12-28,Numbers / Symbols,Antisemitism,California,2024,12,2024-12,4
70357,2024-12-28,People,Antisemitism,Colorado,2024,12,2024-12,4
70358,2024-10-10,Numbers / Symbols,Antisemitism,Florida,2024,10,2024-10,4
68730,2024-12-26,Slogans / Code words,Antisemitism,Minnesota,2024,12,2024-12,4
68431,2024-12-02,Numbers / Symbols,Antisemitism,Oregon,2024,12,2024-12,4
68221,2024-11-07,Groups / Movements,Antisemitism,Oregon,2024,11,2024-11,4
68364,2024-11-29,Groups / Movements,Antisemitism,Oregon,2024,11,2024-11,4
70359,2024-12-04,Numbers / Symbols,Antisemitism,Oregon,2024,12,2024-12,4
70360,2024-12-30,Slogans / Code words,Antisemitism,California,2024,12,2024-12,4
68714,2024-12-25,Numbers / Symbols,Antisemitism,New Mexico,2024,12,2024-12,4
68790,2024-12-30,Slogans / Code words,Antisemitism,Massachusetts,2024,12,2024-12,4
68751,2024-12-27,Platforms / Sites,Antisemitism,Ohio,2024,12,2024-12,4
68725,2024-12-26,Groups / Movements,Antisemitism,California,2024,12,2024-12,4
68743,2024-12-19,Numbers / Symbols,Antisemitism,New York,2024,12,2024-12,4
70361,2024-12-19,Numbers / Symbols,Antisemitism,Arizona,2024,12,2024-12,4
68722,2024-12-25,Incidents / Events,Antisemitism,Washington,2024,12,2024-12,4
70362,2024-12-31,Slogans / Code words,Antisemitism,New York,2024,12,2024-12,4
68211,2024-11-05,Key Concepts / Definitions,Antisemitism,New York,2024,11,2024-11,4
68545,2024-12-11,Slogans / Code words,Antisemitism,Louisiana,2024,12,2024-12,4
68300,2024-11-17,Groups / Movements,Antisemitism,Arizona,2024,11,2024-11,4
70363,2024-02-27,Numbers / Symbols,Antisemitism,California,2024,2,2024-02,1
70364,2024-10-22,Publications,Antisemitism,California,2024,10,2024-10,4
70365,2024-02-14,Numbers / Symbols,Antisemitism,California,2024,2,2024-02,1
70366,2024-01-24,Groups / Movements,Antisemitism,California,2024,1,2024-01,1
70367,2024-05-03,Numbers / Symbols,Antisemitism,California,2024,5,2024-05,2
70368,2024-04-30,Numbers / Symbols,Antisemitism,California,2024,4,2024-04,2
70369,2024-05-09,Publications,Antisemitism,California,2024,5,2024-05,2
70370,2024-08-21,Numbers / Symbols,Antisemitism,California,2024,8,2024-08,3
68258,2024-11-12,Slogans / Code words,Antisemitism,California,2024,11,2024-11,4
68788,2024-12-30,Slogans / Code words,Antisemitism,Florida,2024,12,2024-12,4
70371,2024-06-27,Groups / Movements,Antisemitism,Florida,2024,6,2024-06,2
70372,2024-07-10,Incidents / Events,Antisemitism,Florida,2024,7,2024-07,3
68780,2024-12-30,Incidents / Events,Antisemitism,California,2024,12,2024-12,4
68806,2024-12-31,Key Concepts / Definitions,Antisemitism,Massachusetts,2024,12,2024-12,4
70373,2024-08-06,Key Concepts / Definitions,Antisemitism,Pennsylvania,2024,8,2024-08,3
70374,2024-07-11,Numbers / Symbols,Antisemitism,New York,2024,7,2024-07,3
70375,2024-09-27,Numbers / Symbols,Antisemitism,Massachusetts,2024,9,2024-09,3
70376,2024-08-28,Numbers / Symbols,Antisemitism,New York,2024,8,2024-08,3
70377,2024-09-22,Slogans / Code words,Antisemitism,Minnesota,2024,9,2024-09,3
70378,2024-12-31,Groups / Movements,Antisemitism,Colorado,2024,12,2024-12,4
68735,2024-12-26,People,Antisemitism,Washington D.C.,2024,12,2024-12,4
68810,2024-12-31,Numbers / Symbols,Antisemitism,Washington,2024,12,2024-12,4
68354,2024-11-26,Slogans / Code words,Antisemitism,Ohio,2024,11,2024-11,4
70379,2024-10-08,"Slogans / Code words, Conspiracy Theories",Antisemitism,Ohio,2024,10,2024-10,4
68228,2024-11-08,People,Antisemitism,Oklahoma,2024,11,2024-11,4
70380,2024-10-07,Conspiracy Theories,Antisemitism,Oregon,2024,10,2024-10,4
70381,2024-10-28,Slogans / Code words,Antisemitism,Pennsylvania,2024,10,2024-10,4
70382,2024-10-15,Groups / Movements,Antisemitism,Washington,2024,10,2024-10,4
68326,2024-11-19,Conspiracy Theories,Antisemitism,Washington D.C.,2024,11,2024-11,4
68479,2024-12-05,Slogans / Code words,Antisemitism,Washington D.C.,2024,12,2024-12,4
70383,2024-09-09,Slogans / Code words,Antisemitism,Washington D.C.,2024,9,2024-09,3
70384,2024-10-15,Slogans / Code words,Antisemitism,California,2024,10,2024-10,4
70385,2024-11-12,Slogans / Code words,Antisemitism,California,2024,11,2024-11,4
70386,2024-08-18,Slogans / Code words,Antisemitism,California,2024,8,2024-08,3
70387,2024-11-19,Slogans / Code words,Antisemitism,California,2024,11,2024-11,4
68458,2024-12-05,Numbers / Symbols,Antisemitism,California,2024,12,2024-12,4
70388,2024-09-19,Slogans / Code words,Antisemitism,California,2024,9,2024-09,3
70389,2024-09-24,People,Antisemitism,Virginia,2024,9,2024-09,3
70390,2024-10-16,Numbers / Symbols,Antisemitism,Virginia,2024,10,2024-10,4
70391,2024-10-04,Numbers / Symbols,Antisemitism,New Jersey,2024,10,2024-10,4
70392,2024-10-07,People,Antisemitism,New Jersey,2024,10,2024-10,4
70393,2024-11-06,Key Concepts / Definitions,Antisemitism,New Jersey,2024,11,2024-11,4
70394,2024-08-23,Slogans / Code words,Antisemitism,New York,2024,8,2024-08,3
70395,2024-11-21,People,Antisemitism,New York,2024,11,2024-11,4
70396,2024-11-11,Slogans / Code words,Antisemitism,New York,2024,11,2024-11,4
68204,2024-11-04,Slogans / Code words,Antisemitism,Massachusetts,2024,11,2024-11,4
70397,2024-10-07,Incidents / Events,Antisemitism,Massachusetts,2024,10,2024-10,4
68324,2024-11-19,Slogans / Code words,Antisemitism,Michigan,2024,11,2024-11,4
70398,2024-09-16,Numbers / Symbols,Antisemitism,New York,2024,9,2024-09,3
70399,2024-09-27,Slogans / Code words,Antisemitism,New York,2024,9,2024-09,3
70400,2024-10-16,Slogans / Code words,Antisemitism,New York,2024,10,2024-10,4
70401,2024-11-11,People,Antisemitism,New York,2024,11,2024-11,4
70402,2024-08-24,Numbers / Symbols,Antisemitism,New York,2024,8,2024-08,3
70403,2024-09-10,Groups / Movements,Antisemitism,New York,2024,9,2024-09,3
68208,2024-11-05,Slogans / Code words,Antisemitism,California,2024,11,2024-11,4
70404,2024-09-22,Slogans / Code words,Antisemitism,California,2024,9,2024-09,3
70405,2024-09-24,Numbers / Symbols,Antisemitism,Colorado,2024,9,2024-09,3
70406,2024-09-27,Slogans / Code words,Antisemitism,Connecticut,2024,9,2024-09,3
70407,2024-10-06,Numbers / Symbols,Antisemitism,Connecticut,2024,10,2024-10,4
68217,2024-11-07,Key Concepts / Definitions,Antisemitism,Indiana,2024,11,2024-11,4
70408,2024-08-06,"Slogans / Code words, Key Concepts / Definitions",Antisemitism,Indiana,2024,8,2024-08,3
70409,2024-08-15,People,Antisemitism,Indiana,2024,8,2024-08,3
70410,2024-10-16,People,Antisemitism,Indiana,2024,10,2024-10,4
70411,2024-10-08,Groups / Movements,Antisemitism,Kansas,2024,10,2024-10,4
70412,2024-10-31,Numbers / Symbols,Antisemitism,Washington D.C.,2024,10,2024-10,4
68220,2024-11-07,Slogans / Code words,Antisemitism,Massachusetts,2024,11,2024-11,4
68271,2024-11-13,"Conspiracy Theories, Publications",Antisemitism,Massachusetts,2024,11,2024-11,4
70413,2024-10-02,Numbers / Symbols,Antisemitism,Massachusetts,2024,10,2024-10,4
70414,2024-10-21,Numbers / Symbols,Antisemitism,Pennsylvania,2024,10,2024-10,4
70415,2024-10-31,People,Antisemitism,Pennsylvania,2024,10,2024-10,4
68206,2024-11-04,Slogans / Code words,Antisemitism,Pennsylvania,2024,11,2024-11,4
70416,2024-10-15,Slogans / Code words,Antisemitism,Texas,2024,10,2024-10,4
70418,2024-08-26,Slogans / Code words,Antisemitism,New York,2024,8,2024-08,3
70419,2024-11-18,People,Antisemitism,New York,2024,11,2024-11,4
70420,2024-11-24,People,Antisemitism,New York,2024,11,2024-11,4
70421,2024-08-07,Groups / Movements,Antisemitism,New York,2024,8,2024-08,3
70422,2024-08-25,Numbers / Symbols,Antisemitism,New York,2024,8,2024-08,3
70423,2024-09-10,People,Antisemitism,New York,2024,9,2024-09,3
70424,2024-10-01,Slogans / Code words,Antisemitism,Maryland,2024,10,2024-10,4
70425,2024-10-07,Slogans / Code words,Antisemitism,Maryland,2024,10,2024-10,4
70426,2024-10-07,Slogans / Code words,Antisemitism,Maryland,2024,10,2024-10,4
70427,2024-08-06,People,Antisemitism,Massachusetts,2024,8,2024-08,3
70428,2024-10-18,Slogans / Code words,Antisemitism,Maryland,2024,10,2024-10,4
70429,2024-11-01,Groups / Movements,Antisemitism,Maryland,2024,11,2024-11,4
70430,2024-09-08,Groups / Movements,Antisemitism,Maryland,2024,9,2024-09,3
70431,2024-09-18,Publications,Antisemitism,Maryland,2024,9,2024-09,3
70432,2024-09-19,Numbers / Symbols,Antisemitism,Maryland,2024,9,2024-09,3
70433,2024-10-23,Numbers / Symbols,Antisemitism,California,2024,10,2024-10,4
68330,2024-11-21,Slogans / Code words,Antisemitism,California,2024,11,2024-11,4
70434,2024-09-21,People,Antisemitism,California,2024,9,2024-09,3
70435,2024-09-18,Publications,Antisemitism,California,2024,9,2024-09,3
70436,2024-09-22,Groups / Movements,Antisemitism,California,2024,9,2024-09,3
70437,2024-11-02,Groups / Movements,Antisemitism,California,2024,11,2024-11,4
70438,2024-09-23,Groups / Movements,Antisemitism,California,2024,9,2024-09,3
70439,2024-07-25,Key Concepts / Definitions,Antisemitism,New York,2024,7,2024-07,3
70440,2024-07-31,Groups / Movements,Antisemitism,New York,2024,7,2024-07,3
70441,2024-09-05,Groups / Movements,Antisemitism,New York,2024,9,2024-09,3
70442,2024-11-14,Groups / Movements,Antisemitism,New York,2024,11,2024-11,4
70443,2024-11-30,Conspiracy Theories,Antisemitism,New York,2024,11,2024-11,4
70444,2024-09-13,Key Concepts / Definitions,Antisemitism,New York,2024,9,2024-09,3
70445,2024-09-23,Numbers / Symbols,Antisemitism,New York,2024,9,2024-09,3
70446,2024-09-19,Numbers / Symbols,Antisemitism,North Carolina,2024,9,2024-09,3
70447,2024-07-15,Conspiracy Theories,Antisemitism,California,2024,7,2024-07,3
70448,2024-10-01,Slogans / Code words,Antisemitism,California,2024,10,2024-10,4
70449,2024-10-07,People,Antisemitism,California,2024,10,2024-10,4
70450,2024-10-09,Groups / Movements,Antisemitism,California,2024,10,2024-10,4
70451,2024-08-28,Slogans / Code words,Antisemitism,California,2024,8,2024-08,3
70452,2024-09-16,Slogans / Code words,Antisemitism,California,2024,9,2024-09,3
70453,2024-09-23,Publications,Antisemitism,Florida,2024,9,2024-09,3
68253,2024-11-11,Groups / Movements,Antisemitism,Illinois,2024,11,2024-11,4
68270,2024-11-13,People,Antisemitism,Michigan,2024,11,2024-11,4
70456,2024-09-05,Groups / Movements,Antisemitism,Illinois,2024,9,2024-09,3
70457,2024-09-18,Slogans / Code words,Antisemitism,Minnesota,2024,9,2024-09,3
68246,2024-11-10,Groups / Movements,Antisemitism,Minnesota,2024,11,2024-11,4
70458,2024-09-30,Slogans / Code words,Antisemitism,New Jersey,2024,9,2024-09,3
70459,2024-10-08,Slogans / Code words,Antisemitism,North Carolina,2024,10,2024-10,4
70460,2024-10-07,Numbers / Symbols,Antisemitism,North Carolina,2024,10,2024-10,4
70461,2024-10-06,Slogans / Code words,Antisemitism,North Carolina,2024,10,2024-10,4
70462,2024-08-26,Slogans / Code words,Antisemitism,Ohio,2024,8,2024-08,3
68288,2024-11-15,Groups / Movements,Antisemitism,Ohio,2024,11,2024-11,4
70463,2024-10-30,Numbers / Symbols,Antisemitism,Ohio,2024,10,2024-10,4
70464,2024-08-26,People,Antisemitism,Ohio,2024,8,2024-08,3
70465,2024-09-05,Numbers / Symbols,Antisemitism,Ohio,2024,9,2024-09,3
68448,2024-12-04,Slogans / Code words,Antisemitism,Pennsylvania,2024,12,2024-12,4
70466,2024-09-01,Slogans / Code words,Antisemitism,Pennsylvania,2024,9,2024-09,3
70467,2024-09-22,Platforms / Sites,Antisemitism,Pennsylvania,2024,9,2024-09,3
70468,2024-10-10,Slogans / Code words,Antisemitism,Pennsylvania,2024,10,2024-10,4
70469,2024-07-19,Groups / Movements,Antisemitism,Pennsylvania,2024,7,2024-07,3
70470,2024-10-31,Groups / Movements,Antisemitism,Connecticut,2024,10,2024-10,4
70471,2024-11-05,People,Antisemitism,Connecticut,2024,11,2024-11,4
70472,2024-10-31,Numbers / Symbols,Antisemitism,Delaware,2024,10,2024-10,4
70473,2024-11-02,"Slogans / Code words, Key Concepts / Definitions",Antisemitism,Florida,2024,11,2024-11,4
70474,2024-08-29,Slogans / Code words,Antisemitism,Virginia,2024,8,2024-08,3
70475,2024-11-08,People,Antisemitism,Virginia,2024,11,2024-11,4
68257,2024-11-11,People,Antisemitism,Virginia,2024,11,2024-11,4
70476,2024-11-12,Slogans / Code words,Antisemitism,Virginia,2024,11,2024-11,4
70477,2024-11-19,Platforms / Sites,Antisemitism,Virginia,2024,11,2024-11,4
70478,2024-11-06,Slogans / Code words,Antisemitism,Washington D.C.,2024,11,2024-11,4
70479,2024-11-08,Platforms / Sites,Antisemitism,Pennsylvania,2024,11,2024-11,4
70480,2024-11-09,Groups / Movements,Antisemitism,Pennsylvania,2024,11,2024-11,4
70481,2024-11-11,Publications,Antisemitism,Pennsylvania,2024,11,2024-11,4
70482,2024-11-18,Platforms / Sites,Antisemitism,Pennsylvania,2024,11,2024-11,4
70483,2024-11-25,Slogans / Code words,Antisemitism,Pennsylvania,2024,11,2024-11,4
70484,2024-11-04,Slogans / Code words,Antisemitism,Texas,2024,11,2024-11,4
70485,2024-11-15,Incidents / Events,Antisemitism,Texas,2024,11,2024-11,4
70486,2024-11-21,Key Concepts / Definitions,Antisemitism,Utah,2024,11,2024-11,4
70487,2024-11-24,Numbers / Symbols,Antisemitism,Oregon,2024,11,2024-11,4
70488,2024-06-24,Publications,Antisemitism,Pennsylvania,2024,6,2024-06,2
70489,2024-10-28,"Slogans / Code words, Key Concepts / Definitions",Antisemitism,Pennsylvania,2024,10,2024-10,4
70490,2024-11-01,Incidents / Events,Antisemitism,Pennsylvania,2024,11,2024-11,4
70491,2024-11-04,People,Antisemitism,Pennsylvania,2024,11,2024-11,4
70492,2024-11-07,People,Antisemitism,Pennsylvania,2024,11,2024-11,4
70493,2024-11-20,People,Antisemitism,Arizona,2024,11,2024-11,4
70494,2024-11-12,Publications,Antisemitism,California,2024,11,2024-11,4
70495,2024-11-20,"Slogans / Code words, Key Concepts / Definitions",Antisemitism,California,2024,11,2024-11,4
70496,2024-10-16,Key Concepts / Definitions,Antisemitism,Colorado,2024,10,2024-10,4
70498,2024-11-14,People,Antisemitism,Colorado,2024,11,2024-11,4
70499,2024-11-14,"Slogans / Code words, Conspiracy Theories",Antisemitism,Minnesota,2024,11,2024-11,4
70500,2024-10-05,Tactics,Antisemitism,Montana,2024,10,2024-10,4
70501,2024-10-20,"Slogans / Code words, Key Concepts / Definitions",Antisemitism,New Jersey,2024,10,2024-10,4
70502,2024-10-24,Slogans / Code words,Antisemitism,New Jersey,2024,10,2024-10,4
70503,2024-11-21,Conspiracy Theories,Antisemitism,New York,2024,11,2024-11,4
70504,2024-11-20,People,Antisemitism,North Carolina,2024,11,2024-11,4
70505,2024-11-09,Platforms / Sites,Antisemitism,Ohio,2024,11,2024-11,4
70506,2024-11-11,People,Antisemitism,Ohio,2024,11,2024-11,4
70507,2024-11-07,People,Antisemitism,Florida,2024,11,2024-11,4
70508,2024-11-09,Key Concepts / Definitions,Antisemitism,Florida,2024,11,2024-11,4
70509,2024-11-10,Numbers / Symbols,Antisemitism,Florida,2024,11,2024-11,4
70510,2024-11-13,People,Antisemitism,Georgia,2024,11,2024-11,4
70511,2024-11-26,Incidents / Events,Antisemitism,Georgia,2024,11,2024-11,4
70512,2024-11-04,Publications,Antisemitism,Illinois,2024,11,2024-11,4
70513,2024-11-09,Publications,Antisemitism,Kentucky,2024,11,2024-11,4
70514,2024-11-22,Numbers / Symbols,Antisemitism,Kentucky,2024,11,2024-11,4
70515,2024-11-22,Slogans / Code words,Antisemitism,Louisiana,2024,11,2024-11,4
70516,2024-11-12,Numbers / Symbols,Antisemitism,Maryland,2024,11,2024-11,4
70517,2024-11-06,Incidents / Events,Antisemitism,Massachusetts,2024,11,2024-11,4
70518,2024-11-01,Numbers / Symbols,Antisemitism,Minnesota,2024,11,2024-11,4
70519,2024-10-06,People,Antisemitism,New York,2024,10,2024-10,4
70520,2024-11-05,Slogans / Code words,Antisemitism,New York,2024,11,2024-11,4
70521,2024-11-19,Slogans / Code words,Antisemitism,New York,2024,11,2024-11,4
70522,2024-11-20,Incidents / Events,Antisemitism,New York,2024,11,2024-11,4
70523,2024-11-25,"Slogans / Code words, Key Concepts / Definitions",Antisemitism,Illinois,2024,11,2024-11,4
70524,2024-11-10,Numbers / Symbols,Antisemitism,Indiana,2024,11,2024-11,4
70525,2024-11-12,"Slogans / Code words, Key Concepts / Definitions",Antisemitism,Indiana,2024,11,2024-11,4
70526,2024-11-06,Groups / Movements,Antisemitism,Illinois,2024,11,2024-11,4
70527,2024-11-07,Incidents / Events,Antisemitism,Illinois,2024,11,2024-11,4
70528,2024-11-11,Slogans / Code words,Antisemitism,Illinois,2024,11,2024-11,4
70529,2024-11-12,Slogans / Code words,Antisemitism,Illinois,2024,11,2024-11,4
70530,2024-11-13,Groups / Movements,Antisemitism,Illinois,2024,11,2024-11,4
70531,2024-11-18,Slogans / Code words,Antisemitism,Illinois,2024,11,2024-11,4
70532,2024-11-18,Numbers / Symbols,Antisemitism,Illinois,2024,11,2024-11,4
70533,2024-11-25,"Slogans / Code words, Key Concepts / Definitions",Antisemitism,Illinois,2024,11,2024-11,4
70534,2024-11-21,Incidents / Events,Antisemitism,Washington D.C.,2024,11,2024-11,4
70535,2024-06-28,Key Concepts / Definitions,Antisemitism,California,2024,6,2024-06,2
70536,2024-02-24,Key Concepts / Definitions,Antisemitism,California,2024,2,2024-02,1
70537,2024-11-14,Numbers / Symbols,Antisemitism,California,2024,11,2024-11,4
70538,2024-06-02,Slogans / Code words,Antisemitism,Pennsylvania,2024,6,2024-06,2
70539,2024-11-24,Incidents / Events,Antisemitism,Pennsylvania,2024,11,2024-11,4
70540,2024-08-12,Key Concepts / Definitions,Antisemitism,Pennsylvania,2024,8,2024-08,3
68543,2024-12-10,Slogans / Code words,Antisemitism,Pennsylvania,2024,12,2024-12,4
70541,2024-10-16,Numbers / Symbols,Antisemitism,Pennsylvania,2024,10,2024-10,4
70542,2024-10-10,Incidents / Events,Antisemitism,Pennsylvania,2024,10,2024-10,4
70543,2024-10-09,People,Antisemitism,Pennsylvania,2024,10,2024-10,4
70544,2024-11-16,Groups / Movements,Antisemitism,Oregon,2024,11,2024-11,4
70545,2024-11-21,Numbers / Symbols,Antisemitism,Connecticut,2024,11,2024-11,4
70546,2024-09-17,Numbers / Symbols,Antisemitism,Oregon,2024,9,2024-09,3
70547,2024-11-04,Numbers / Symbols,Antisemitism,Oregon,2024,11,2024-11,4
70548,2024-08-19,Numbers / Symbols,Antisemitism,Oregon,2024,8,2024-08,3
70549,2024-08-28,Numbers / Symbols,Antisemitism,Oregon,2024,8,2024-08,3
70550,2024-09-30,Numbers / Symbols,Antisemitism,Oregon,2024,9,2024-09,3
70551,2024-09-01,Key Concepts / Definitions,Antisemitism,Oregon,2024,9,2024-09,3
70552,2024-07-18,Slogans / Code words,Antisemitism,Oregon,2024,7,2024-07,3
70553,2024-08-21,Numbers / Symbols,Antisemitism,Oregon,2024,8,2024-08,3
70554,2024-10-19,Numbers / Symbols,Antisemitism,Pennsylvania,2024,10,2024-10,4
70555,2024-09-08,Groups / Movements,Antisemitism,Pennsylvania,2024,9,2024-09,3
70556,2024-11-22,Incidents / Events,Antisemitism,Pennsylvania,2024,11,2024-11,4
68715,2024-12-25,Incidents / Events,Antisemitism,New York,2024,12,2024-12,4
70557,2024-07-25,People,Antisemitism,Minnesota,2024,7,2024-07,3
68785,2024-12-30,Numbers / Symbols,Antisemitism,Colorado,2024,12,2024-12,4
70558,2024-11-01,Key Concepts / Definitions,Antisemitism,New York,2024,11,2024-11,4
70559,2024-08-04,"Slogans / Code words, Key Concepts / Definitions",Antisemitism,Minnesota,2024,8,2024-08,3
70560,2024-02-02,Slogans / Code words,Antisemitism,Oregon,2024,2,2024-02,1
70561,2024-12-19,Numbers / Symbols,Antisemitism,Massachusetts,2024,12,2024-12,4
70562,2024-10-09,Slogans / Code words,Antisemitism,Michigan,2024,10,2024-10,4
68669,2024-12-22,"Slogans / Code words, Key Concepts / Definitions",Antisemitism,Minnesota,2024,12,2024-12,4
70563,2024-07-24,Key Concepts / Definitions,Antisemitism,Minnesota,2024,7,2024-07,3
70564,2024-04-01,Slogans / Code words,Antisemitism,Minnesota,2024,4,2024-04,2
68601,2024-12-16,Incidents / Events,Antisemitism,Minnesota,2024,12,2024-12,4
70565,2024-04-23,Numbers / Symbols,Antisemitism,Minnesota,2024,4,2024-04,2
68600,2024-12-16,People,Antisemitism,Minnesota,2024,12,2024-12,4
70566,2024-02-13,Numbers / Symbols,Antisemitism,Arizona,2024,2,2024-02,1
70567,2024-10-29,Incidents / Events,Antisemitism,Idaho,2024,10,2024-10,4
70570,2024-02-07,Publications,Antisemitism,Massachusetts,2024,2,2024-02,1
70571,2024-06-02,Numbers / Symbols,Antisemitism,Maine,2024,6,2024-06,2
70572,2024-08-13,Groups / Movements,Antisemitism,Maine,2024,8,2024-08,3
70573,2024-05-18,Slogans / Code words,Antisemitism,Maine,2024,5,2024-05,2
70574,2024-05-16,Slogans / Code words,Antisemitism,Massachusetts,2024,5,2024-05,2
70575,2024-03-07,People,Antisemitism,Maine,2024,3,2024-03,1
70576,2024-09-12,Numbers / Symbols,Antisemitism,Massachusetts,2024,9,2024-09,3
70577,2024-06-21,Numbers / Symbols,Antisemitism,Massachusetts,2024,6,2024-06,2
70578,2024-09-16,Numbers / Symbols,Antisemitism,New Hampshire,2024,9,2024-09,3
70579,2024-11-21,Groups / Movements,Antisemitism,New York,2024,11,2024-11,4
70580,2024-10-07,Slogans / Code words,Antisemitism,California,2024,10,2024-10,4
70581,2024-10-14,Slogans / Code words,Antisemitism,North Carolina,2024,10,2024-10,4
68564,2024-12-13,Numbers / Symbols,Antisemitism,New York,2024,12,2024-12,4
68415,2024-12-01,Numbers / Symbols,Antisemitism,California,2024,12,2024-12,4
70582,2024-07-20,Publications,Antisemitism,New Jersey,2024,7,2024-07,3
68805,2024-12-31,Slogans / Code words,Antisemitism,Massachusetts,2024,12,2024-12,4
70583,2024-02-20,"Key Concepts / Definitions, Tactics",Antisemitism,New Hampshire,2024,2,2024-02,1
68502,2024-12-08,Numbers / Symbols,Antisemitism,Massachusetts,2024,12,2024-12,4
70584,2024-11-18,Slogans / Code words,Antisemitism,Massachusetts,2024,11,2024-11,4
70585,2024-10-26,Numbers / Symbols,Antisemitism,Massachusetts,2024,10,2024-10,4
70586,2024-07-05,People,Antisemitism,Massachusetts,2024,7,2024-07,3
70587,2024-08-11,Slogans / Code words,Antisemitism,Massachusetts,2024,8,2024-08,3
70588,2024-03-21,"Slogans / Code words, Conspiracy Theories",Antisemitism,California,2024,3,2024-03,1
70589,2024-03-23,Slogans / Code words,Antisemitism,California,2024,3,2024-03,1
70590,2024-03-24,Numbers / Symbols,Antisemitism,California,2024,3,2024-03,1
70591,2024-03-28,Incidents / Events,Antisemitism,California,2024,3,2024-03,1
70592,2024-04-04,"Slogans / Code words, Key Concepts / Definitions",Antisemitism,California,2024,4,2024-04,2
70593,2024-04-06,Incidents / Events,Antisemitism,California,2024,4,2024-04,2
70594,2024-09-30,Slogans / Code words,Antisemitism,California,2024,9,2024-09,3
70595,2024-08-17,Numbers / Symbols,Antisemitism,California,2024,8,2024-08,3
70596,2024-10-07,Numbers / Symbols,Antisemitism,Texas,2024,10,2024-10,4
70597,2024-06-20,Numbers / Symbols,Antisemitism,California,2024,6,2024-06,2
70598,2024-06-22,Incidents / Events,Antisemitism,California,2024,6,2024-06,2
70599,2024-06-23,Slogans / Code words,Antisemitism,California,2024,6,2024-06,2
70600,2024-06-29,Numbers / Symbols,Antisemitism,California,2024,6,2024-06,2
70601,2024-07-25,Slogans / Code words,Antisemitism,California,2024,7,2024-07,3
70602,2024-08-14,Slogans / Code words,Antisemitism,California,2024,8,2024-08,3
68477,2024-12-05,Numbers / Symbols,Antisemitism,Texas,2024,12,2024-12,4
68523,2024-12-09,Groups / Movements,Antisemitism,Indiana,2024,12,2024-12,4
68529,2024-12-09,Key Concepts / Definitions,Antisemitism,New York,2024,12,2024-12,4
68532,2024-12-09,Slogans / Code words,Antisemitism,New York,2024,12,2024-12,4
68530,2024-12-09,Groups / Movements,Antisemitism,New York,2024,12,2024-12,4
68533,2024-12-09,Slogans / Code words,Antisemitism,New York,2024,12,2024-12,4
68548,2024-12-11,People,Antisemitism,New York,2024,12,2024-12,4
68556,2024-12-12,Slogans / Code words,Antisemitism,New York,2024,12,2024-12,4
68594,2024-12-15,Key Concepts / Definitions,Antisemitism,Kansas,2024,12,2024-12,4
68595,2024-12-15,Numbers / Symbols,Antisemitism,New York,2024,12,2024-12,4
68612,2024-12-17,Groups / Movements,Antisemitism,New York,2024,12,2024-12,4
68644,2024-12-17,Slogans / Code words,Antisemitism,Ohio,2024,12,2024-12,4
70603,2024-09-30,Numbers / Symbols,Antisemitism,California,2024,9,2024-09,3
70604,2024-10-09,Numbers / Symbols,Antisemitism,California,2024,10,2024-10,4
70605,2024-11-02,Numbers / Symbols,Antisemitism,California,2024,11,2024-11,4
70606,2024-05-26,Slogans / Code words,Antisemitism,California,2024,5,2024-05,2
70607,2024-05-26,People,Antisemitism,California,2024,5,2024-05,2
70608,2024-05-30,Slogans / Code words,Antisemitism,California,2024,5,2024-05,2
70609,2024-05-31,Slogans / Code words,Antisemitism,California,2024,5,2024-05,2
70610,2024-06-01,Numbers / Symbols,Antisemitism,California,2024,6,2024-06,2
70611,2024-06-03,Groups / Movements,Antisemitism,California,2024,6,2024-06,2
70612,2024-06-08,Numbers / Symbols,Antisemitism,California,2024,6,2024-06,2
70613,2024-06-15,People,Antisemitism,California,2024,6,2024-06,2
70614,2024-04-16,Slogans / Code words,Antisemitism,California,2024,4,2024-04,2
70615,2024-04-27,Slogans / Code words,Antisemitism,California,2024,4,2024-04,2
70616,2024-04-29,"Slogans / Code words, Key Concepts / Definitions",Antisemitism,California,2024,4,2024-04,2
70617,2024-05-10,People,Antisemitism,California,2024,5,2024-05,2
70618,2024-05-11,Numbers / Symbols,Antisemitism,California,2024,5,2024-05,2
70619,2024-05-14,Incidents / Events,Antisemitism,California,2024,5,2024-05,2
70620,2024-05-16,Numbers / Symbols,Antisemitism,California,2024,5,2024-05,2
70621,2024-05-18,Publications,Antisemitism,California,2024,5,2024-05,2
68657,2024-12-20,Groups / Movements,Antisemitism,Kansas,2024,12,2024-12,4
68658,2024-12-20,Numbers / Symbols,Antisemitism,Maine,2024,12,2024-12,4
70622,2024-02-18,Numbers / Symbols,Antisemitism,California,2024,2,2024-02,1
70623,2024-04-30,Numbers / Symbols,Antisemitism,California,2024,4,2024-04,2
70624,2024-05-18,Numbers / Symbols,Antisemitism,California,2024,5,2024-05,2
70625,2024-01-02,Incidents / Events,Antisemitism,California,2024,1,2024-01,1
70626,2024-01-08,Incidents / Events,Antisemitism,California,2024,1,2024-01,1
70627,2024-01-13,Numbers / Symbols,Antisemitism,California,2024,1,2024-01,1
70628,2024-01-20,Groups / Movements,Antisemitism,California,2024,1,2024-01,1
70629,2024-01-24,Slogans / Code words,Antisemitism,California,2024,1,2024-01,1
70630,2024-01-26,People,Antisemitism,California,2024,1,2024-01,1
70631,2024-01-29,Numbers / Symbols,Antisemitism,California,2024,1,2024-01,1
70632,2024-02-03,"Slogans / Code words, Numbers / Symbols",Antisemitism,California,2024,2,2024-02,1
70633,2024-02-08,Slogans / Code words,Antisemitism,California,2024,2,2024-02,1
70634,2024-02-12,Slogans / Code words,Antisemitism,California,2024,2,2024-02,1
70635,2024-02-13,Slogans / Code words,Antisemitism,California,2024,2,2024-02,1
70636,2024-02-20,Incidents / Events,Antisemitism,California,2024,2,2024-02,1
70637,2024-02-28,Incidents / Events,Antisemitism,California,2024,2,2024-02,1
70638,2024-03-08,Incidents / Events,Antisemitism,California,2024,3,2024-03,1
70639,2024-08-22,Incidents / Events,Antisemitism,California,2024,8,2024-08,3
70640,2024-09-09,Numbers / Symbols,Antisemitism,California,2024,9,2024-09,3
70641,2024-09-30,Numbers / Symbols,Antisemitism,California,2024,9,2024-09,3
70642,2024-10-03,Slogans / Code words,Antisemitism,California,2024,10,2024-10,4
70643,2024-10-07,Slogans / Code words,Antisemitism,California,2024,10,2024-10,4
70644,2024-10-12,Groups / Movements,Antisemitism,California,2024,10,2024-10,4
70645,2024-10-13,Incidents / Events,Antisemitism,California,2024,10,2024-10,4
70646,2024-10-14,Incidents / Events,Antisemitism,California,2024,10,2024-10,4
70647,2024-10-21,Numbers / Symbols,Antisemitism,California,2024,10,2024-10,4
70648,2024-10-31,Slogans / Code words,Antisemitism,California,2024,10,2024-10,4
70649,2024-11-02,Numbers / Symbols,Antisemitism,California,2024,11,2024-11,4
70650,2024-11-05,Incidents / Events,Antisemitism,California,2024,11,2024-11,4
70651,2024-11-23,Numbers / Symbols,Antisemitism,California,2024,11,2024-11,4
70652,2024-03-20,Key Concepts / Definitions,Antisemitism,California,2024,3,2024-03,1
70653,2024-06-13,People,Antisemitism,Florida,2024,6,2024-06,2
70654,2024-11-27,Numbers / Symbols,Antisemitism,Massachusetts,2024,11,2024-11,4
70655,2024-09-25,Slogans / Code words,Antisemitism,Massachusetts,2024,9,2024-09,3
70656,2024-11-20,Slogans / Code words,Antisemitism,New York,2024,11,2024-11,4
70657,2024-10-25,Numbers / Symbols,Antisemitism,New Mexico,2024,10,2024-10,4
70658,2024-10-08,Numbers / Symbols,Antisemitism,Georgia,2024,10,2024-10,4
70659,2024-09-16,Numbers / Symbols,Antisemitism,Illinois,2024,9,2024-09,3
70660,2024-09-10,Numbers / Symbols,Antisemitism,New York,2024,9,2024-09,3
70661,2024-09-02,People,Antisemitism,Indiana,2024,9,2024-09,3
70662,2024-08-27,Groups / Movements,Antisemitism,Louisiana,2024,8,2024-08,3
70663,2024-08-26,Groups / Movements,Antisemitism,Florida,2024,8,2024-08,3
70664,2024-09-27,Key Concepts / Definitions,Antisemitism,Massachusetts,2024,9,2024-09,3
70665,2024-01-27,Incidents / Events,Antisemitism,Arizona,2024,1,2024-01,1
70666,2024-02-12,Incidents / Events,Antisemitism,Arizona,2024,2,2024-02,1
70667,2024-04-26,Numbers / Symbols,Antisemitism,Massachusetts,2024,4,2024-04,2
70668,2024-07-22,Numbers / Symbols,Antisemitism,Vermont,2024,7,2024-07,3
68472,2024-12-05,Key Concepts / Definitions,Antisemitism,Florida,2024,12,2024-12,4
68631,2024-12-18,Key Concepts / Definitions,Antisemitism,Washington D.C.,2024,12,2024-12,4
68695,2024-12-23,People,Antisemitism,Washington,2024,12,2024-12,4
70669,2024-12-26,"Slogans / Code words, Key Concepts / Definitions",Antisemitism,New York,2024,12,2024-12,4
70670,2024-12-26,"Slogans / Code words, Key Concepts / Definitions",Antisemitism,New York,2024,12,2024-12,4
70671,2024-05-01,Incidents / Events,Antisemitism,Massachusetts,2024,5,2024-05,2
70672,2024-02-20,Key Concepts / Definitions,Antisemitism,Arizona,2024,2,2024-02,1
70673,2024-03-13,Publications,Antisemitism,Arizona,2024,3,2024-03,1
68696,2024-12-23,"Slogans / Code words, Conspiracy Theories",Antisemitism,Washington,2024,12,2024-12,4
70675,2024-11-14,Platforms / Sites,Antisemitism,New York,2024,11,2024-11,4
70676,2024-02-13,Incidents / Events,Antisemitism,Arizona,2024,2,2024-02,1
70677,2024-05-02,Groups / Movements,Antisemitism,Arizona,2024,5,2024-05,2
70678,2024-11-01,Numbers / Symbols,Antisemitism,California,2024,11,2024-11,4
70679,2024-09-02,Groups / Movements,Antisemitism,New York,2024,9,2024-09,3
70680,2024-06-17,Groups / Movements,Antisemitism,Arizona,2024,6,2024-06,2
70681,2024-06-09,Numbers / Symbols,Antisemitism,Arizona,2024,6,2024-06,2
70682,2024-08-16,Numbers / Symbols,Antisemitism,Arizona,2024,8,2024-08,3
70683,2024-03-11,Numbers / Symbols,Antisemitism,Massachusetts,2024,3,2024-03,1
70684,2024-01-26,Key Concepts / Definitions,Antisemitism,Massachusetts,2024,1,2024-01,1
70685,2024-08-08,Groups / Movements,Antisemitism,Massachusetts,2024,8,2024-08,3
70686,2024-05-23,Groups / Movements,Antisemitism,Massachusetts,2024,5,2024-05,2
70687,2024-03-06,People,Antisemitism,Pennsylvania,2024,3,2024-03,1
70688,2024-06-04,Slogans / Code words,Antisemitism,Pennsylvania,2024,6,2024-06,2
70689,2024-01-11,Key Concepts / Definitions,Antisemitism,Pennsylvania,2024,1,2024-01,1
70690,2024-10-03,Numbers / Symbols,Antisemitism,Pennsylvania,2024,10,2024-10,4
70691,2024-01-02,Numbers / Symbols,Antisemitism,Pennsylvania,2024,1,2024-01,1
70692,2024-05-31,Numbers / Symbols,Antisemitism,Pennsylvania,2024,5,2024-05,2
70693,2024-04-23,Key Concepts / Definitions,Antisemitism,Pennsylvania,2024,4,2024-04,2
70694,2024-11-16,Slogans / Code words,Antisemitism,California,2024,11,2024-11,4
70695,2024-09-20,Numbers / Symbols,Antisemitism,Pennsylvania,2024,9,2024-09,3
70696,2024-07-27,Numbers / Symbols,Antisemitism,Pennsylvania,2024,7,2024-07,3
70697,2024-07-29,Numbers / Symbols,Antisemitism,Pennsylvania,2024,7,2024-07,3
70698,2024-11-09,Numbers / Symbols,Antisemitism,Pennsylvania,2024,11,2024-11,4
70699,2024-11-25,Numbers / Symbols,Antisemitism,Pennsylvania,2024,11,2024-11,4
70700,2024-01-29,Numbers / Symbols,Antisemitism,Montana,2024,1,2024-01,1
70701,2024-09-09,Numbers / Symbols,Antisemitism,Montana,2024,9,2024-09,3
70702,2024-03-11,Numbers / Symbols,Antisemitism,Arizona,2024,3,2024-03,1
70703,2024-06-20,Numbers / Symbols,Antisemitism,California,2024,6,2024-06,2
70704,2024-05-14,Slogans / Code words,Antisemitism,California,2024,5,2024-05,2
70705,2024-05-27,Numbers / Symbols,Antisemitism,California,2024,5,2024-05,2
70706,2024-09-18,Groups / Movements,Antisemitism,California,2024,9,2024-09,3
70707,2024-03-27,People,Antisemitism,California,2024,3,2024-03,1
70708,2024-07-24,Numbers / Symbols,Antisemitism,California,2024,7,2024-07,3
70709,2024-03-15,Numbers / Symbols,Antisemitism,Connecticut,2024,3,2024-03,1
70710,2024-02-21,Numbers / Symbols,Antisemitism,Connecticut,2024,2,2024-02,1
70711,2024-07-05,Numbers / Symbols,Antisemitism,California,2024,7,2024-07,3
70712,2024-01-31,Incidents / Events,Antisemitism,California,2024,1,2024-01,1
70713,2024-10-12,Numbers / Symbols,Antisemitism,California,2024,10,2024-10,4
70714,2024-11-02,Numbers / Symbols,Antisemitism,California,2024,11,2024-11,4
70715,2024-03-01,Numbers / Symbols,Antisemitism,California,2024,3,2024-03,1
70716,2024-03-03,Tactics,Antisemitism,California,2024,3,2024-03,1
70717,2024-11-14,Numbers / Symbols,Antisemitism,Massachusetts,2024,11,2024-11,4
70719,2024-10-08,Incidents / Events,Antisemitism,California,2024,10,2024-10,4
70720,2024-07-22,Publications,Antisemitism,Massachusetts,2024,7,2024-07,3
70721,2024-07-19,Incidents / Events,Antisemitism,Massachusetts,2024,7,2024-07,3
68599,2024-12-16,Publications,Antisemitism,Massachusetts,2024,12,2024-12,4
70722,2024-03-12,Incidents / Events,Antisemitism,Nevada,2024,3,2024-03,1
70723,2024-01-29,People,Antisemitism,California,2024,1,2024-01,1
70725,2024-04-02,Key Concepts / Definitions,Antisemitism,Nevada,2024,4,2024-04,2
70726,2024-09-13,Numbers / Symbols,Antisemitism,Nevada,2024,9,2024-09,3
70727,2024-06-24,Numbers / Symbols,Antisemitism,Massachusetts,2024,6,2024-06,2
70728,2024-06-01,Slogans / Code words,Antisemitism,Nevada,2024,6,2024-06,2
70729,2024-05-23,Slogans / Code words,Antisemitism,Nevada,2024,5,2024-05,2
70730,2024-04-22,Slogans / Code words,Antisemitism,Nevada,2024,4,2024-04,2
70731,2024-01-19,Slogans / Code words,Antisemitism,California,2024,1,2024-01,1
70732,2024-03-01,Slogans / Code words,Antisemitism,New Jersey,2024,3,2024-03,1
70733,2024-04-23,Numbers / Symbols,Antisemitism,Nevada,2024,4,2024-04,2
70734,2024-04-01,Key Concepts / Definitions,Antisemitism,Florida,2024,4,2024-04,2
70735,2024-02-09,Numbers / Symbols,Antisemitism,Nevada,2024,2,2024-02,1
70736,2024-03-12,Slogans / Code words,Antisemitism,California,2024,3,2024-03,1
70737,2024-03-08,Numbers / Symbols,Antisemitism,New Jersey,2024,3,2024-03,1
70738,2024-02-22,Numbers / Symbols,Antisemitism,Nevada,2024,2,2024-02,1
70739,2024-03-20,Numbers / Symbols,Antisemitism,Massachusetts,2024,3,2024-03,1
70740,2024-10-10,Numbers / Symbols,Antisemitism,New Jersey,2024,10,2024-10,4
70742,2024-07-17,Numbers / Symbols,Antisemitism,California,2024,7,2024-07,3
70743,2024-10-28,Numbers / Symbols,Antisemitism,Nevada,2024,10,2024-10,4
70744,2024-11-05,People,Antisemitism,Nevada,2024,11,2024-11,4
70745,2024-10-03,Numbers / Symbols,Antisemitism,Nevada,2024,10,2024-10,4
68428,2024-12-02,Numbers / Symbols,Antisemitism,Nevada,2024,12,2024-12,4
70746,2024-09-11,Numbers / Symbols,Antisemitism,Nevada,2024,9,2024-09,3
68650,2024-12-20,Numbers / Symbols,Antisemitism,California,2024,12,2024-12,4
70747,2024-10-15,Numbers / Symbols,Antisemitism,Massachusetts,2024,10,2024-10,4
70748,2024-11-10,Slogans / Code words,Antisemitism,Massachusetts,2024,11,2024-11,4
70749,2024-11-13,Slogans / Code words,Antisemitism,Massachusetts,2024,11,2024-11,4
70750,2024-07-28,Key Concepts / Definitions,Antisemitism,Massachusetts,2024,7,2024-07,3
70751,2024-01-27,Numbers / Symbols,Antisemitism,Massachusetts,2024,1,2024-01,1
70752,2024-09-10,Numbers / Symbols,Antisemitism,Connecticut,2024,9,2024-09,3
70753,2024-02-12,Numbers / Symbols,Antisemitism,Massachusetts,2024,2,2024-02,1
70754,2024-09-13,Numbers / Symbols,Antisemitism,Connecticut,2024,9,2024-09,3
70756,2024-10-03,Slogans / Code words,Antisemitism,Massachusetts,2024,10,2024-10,4
70757,2024-02-11,Groups / Movements,Antisemitism,Massachusetts,2024,2,2024-02,1
70758,2024-10-11,Incidents / Events,Antisemitism,Massachusetts,2024,10,2024-10,4
70759,2024-04-23,Incidents / Events,Antisemitism,Massachusetts,2024,4,2024-04,2
70760,2024-01-04,Key Concepts / Definitions,Antisemitism,Massachusetts,2024,1,2024-01,1
70761,2024-09-30,Slogans / Code words,Antisemitism,Massachusetts,2024,9,2024-09,3
70762,2024-11-20,Numbers / Symbols,Antisemitism,Connecticut,2024,11,2024-11,4
70763,2024-08-03,Incidents / Events,Antisemitism,Massachusetts,2024,8,2024-08,3
70764,2024-05-22,Incidents / Events,Antisemitism,Rhode Island,2024,5,2024-05,2
70765,2024-05-23,"Slogans / Code words, Key Concepts / Definitions",Antisemitism,Massachusetts,2024,5,2024-05,2
70766,2024-09-13,Numbers / Symbols,Antisemitism,New York,2024,9,2024-09,3
70767,2024-09-04,Groups / Movements,Antisemitism,Massachusetts,2024,9,2024-09,3
68504,2024-12-08,Slogans / Code words,Antisemitism,New York,2024,12,2024-12,4
70768,2024-10-21,Slogans / Code words,Antisemitism,Pennsylvania,2024,10,2024-10,4
70769,2024-09-04,Slogans / Code words,Antisemitism,Colorado,2024,9,2024-09,3
70770,2024-09-25,Numbers / Symbols,Antisemitism,Florida,2024,9,2024-09,3
70771,2024-09-06,Groups / Movements,Antisemitism,North Carolina,2024,9,2024-09,3
70772,2024-08-14,Key Concepts / Definitions,Antisemitism,California,2024,8,2024-08,3
70773,2024-10-03,Slogans / Code words,Antisemitism,Maine,2024,10,2024-10,4
70774,2024-06-21,People,Antisemitism,Oregon,2024,6,2024-06,2
70775,2024-08-31,Publications,Antisemitism,Pennsylvania,2024,8,2024-08,3
70777,2024-09-12,Numbers / Symbols,Antisemitism,Florida,2024,9,2024-09,3
70778,2024-07-26,Numbers / Symbols,Antisemitism,Pennsylvania,2024,7,2024-07,3
68652,2024-12-20,Numbers / Symbols,Antisemitism,Connecticut,2024,12,2024-12,4
70779,2024-09-13,Slogans / Code words,Antisemitism,Pennsylvania,2024,9,2024-09,3
68753,2024-12-27,Slogans / Code words,Antisemitism,Washington D.C.,2024,12,2024-12,4
70780,2024-01-31,Groups / Movements,Antisemitism,Washington,2024,1,2024-01,1
70781,2024-01-01,Key Concepts / Definitions,Antisemitism,Washington,2024,1,2024-01,1
70782,2024-02-01,Slogans / Code words,Antisemitism,Washington,2024,2,2024-02,1
70783,2024-02-05,Numbers / Symbols,Antisemitism,Washington,2024,2,2024-02,1
70784,2024-02-01,Groups / Movements,Antisemitism,Washington,2024,2,2024-02,1
70785,2024-04-01,Numbers / Symbols,Antisemitism,Washington,2024,4,2024-04,2
70786,2024-04-25,Incidents / Events,Antisemitism,Washington,2024,4,2024-04,2
70787,2024-04-18,Slogans / Code words,Antisemitism,Washington,2024,4,2024-04,2
70788,2024-05-01,Slogans / Code words,Antisemitism,Washington,2024,5,2024-05,2
70789,2024-04-12,Key Concepts / Definitions,Antisemitism,New Jersey,2024,4,2024-04,2
70790,2024-03-06,Numbers / Symbols,Antisemitism,New Jersey,2024,3,2024-03,1
70791,2024-03-21,People,Antisemitism,New Jersey,2024,3,2024-03,1
70792,2024-04-01,Slogans / Code words,Antisemitism,New Jersey,2024,4,2024-04,2
70793,2024-04-04,Slogans / Code words,Antisemitism,New Jersey,2024,4,2024-04,2
70794,2024-04-05,Slogans / Code words,Antisemitism,New Jersey,2024,4,2024-04,2
70795,2024-04-08,Groups / Movements,Antisemitism,New Jersey,2024,4,2024-04,2
70796,2024-02-23,Numbers / Symbols,Antisemitism,New Jersey,2024,2,2024-02,1
70797,2024-04-17,Numbers / Symbols,Antisemitism,New Jersey,2024,4,2024-04,2
70798,2024-05-05,Groups / Movements,Antisemitism,New Jersey,2024,5,2024-05,2
70799,2024-01-22,Numbers / Symbols,Antisemitism,New Jersey,2024,1,2024-01,1
70800,2024-04-01,Groups / Movements,Antisemitism,New Jersey,2024,4,2024-04,2
70801,2024-01-12,Slogans / Code words,Antisemitism,New Jersey,2024,1,2024-01,1
70802,2024-06-14,Publications,Antisemitism,New Jersey,2024,6,2024-06,2
70803,2024-06-03,Slogans / Code words,Antisemitism,Washington,2024,6,2024-06,2
70804,2024-06-20,Key Concepts / Definitions,Antisemitism,Washington,2024,6,2024-06,2
70805,2024-07-29,Groups / Movements,Antisemitism,Washington,2024,7,2024-07,3
70806,2024-09-01,People,Antisemitism,Washington,2024,9,2024-09,3
70807,2024-10-13,Incidents / Events,Antisemitism,Washington,2024,10,2024-10,4
70808,2024-10-21,Numbers / Symbols,Antisemitism,Washington,2024,10,2024-10,4
70809,2024-10-22,Numbers / Symbols,Antisemitism,Washington,2024,10,2024-10,4
70810,2024-01-21,Slogans / Code words,Antisemitism,New Jersey,2024,1,2024-01,1
70811,2024-02-02,Slogans / Code words,Antisemitism,New Jersey,2024,2,2024-02,1
70812,2024-02-28,Incidents / Events,Antisemitism,New Jersey,2024,2,2024-02,1
70813,2024-03-08,Slogans / Code words,Antisemitism,New Jersey,2024,3,2024-03,1
70814,2024-05-04,Slogans / Code words,Antisemitism,New Jersey,2024,5,2024-05,2
70815,2024-06-19,Slogans / Code words,Antisemitism,New Jersey,2024,6,2024-06,2
70816,2024-06-05,Slogans / Code words,Antisemitism,New Jersey,2024,6,2024-06,2
70817,2024-06-29,Numbers / Symbols,Antisemitism,New Jersey,2024,6,2024-06,2
70818,2024-03-29,Slogans / Code words,Antisemitism,New Jersey,2024,3,2024-03,1
70819,2024-04-04,Numbers / Symbols,Antisemitism,New Jersey,2024,4,2024-04,2
70820,2024-01-31,Numbers / Symbols,Antisemitism,New Jersey,2024,1,2024-01,1
70821,2024-10-01,Key Concepts / Definitions,Antisemitism,Washington,2024,10,2024-10,4
70822,2024-11-18,Incidents / Events,Antisemitism,Washington,2024,11,2024-11,4
70823,2024-01-17,Key Concepts / Definitions,Antisemitism,Michigan,2024,1,2024-01,1
70824,2024-01-26,Key Concepts / Definitions,Antisemitism,Michigan,2024,1,2024-01,1
70826,2024-04-08,Conspiracy Theories,Antisemitism,Michigan,2024,4,2024-04,2
70827,2024-03-14,Numbers / Symbols,Antisemitism,California,2024,3,2024-03,1
70828,2024-03-19,Groups / Movements,Antisemitism,New Jersey,2024,3,2024-03,1
70829,2024-05-20,Numbers / Symbols,Antisemitism,New Jersey,2024,5,2024-05,2
70830,2024-02-28,Numbers / Symbols,Antisemitism,New Jersey,2024,2,2024-02,1
70831,2024-05-22,Numbers / Symbols,Antisemitism,New Jersey,2024,5,2024-05,2
70832,2024-02-02,Groups / Movements,Antisemitism,New Jersey,2024,2,2024-02,1
70833,2024-01-01,Slogans / Code words,Antisemitism,New Jersey,2024,1,2024-01,1
70834,2024-06-17,Slogans / Code words,Antisemitism,New Jersey,2024,6,2024-06,2
70835,2024-03-20,Numbers / Symbols,Antisemitism,New Jersey,2024,3,2024-03,1
70836,2024-05-31,Slogans / Code words,Antisemitism,New Jersey,2024,5,2024-05,2
70837,2024-02-29,Numbers / Symbols,Antisemitism,New Jersey,2024,2,2024-02,1
70838,2024-04-08,Slogans / Code words,Antisemitism,New Jersey,2024,4,2024-04,2
70839,2024-05-10,Numbers / Symbols,Antisemitism,New Jersey,2024,5,2024-05,2
70840,2024-02-18,Slogans / Code words,Antisemitism,New Jersey,2024,2,2024-02,1
70841,2024-04-30,People,Antisemitism,New Jersey,2024,4,2024-04,2
70842,2024-03-21,Slogans / Code words,Antisemitism,New Jersey,2024,3,2024-03,1
70843,2024-03-15,"Key Concepts / Definitions, Tactics",Antisemitism,New Jersey,2024,3,2024-03,1
70844,2024-04-05,Incidents / Events,Antisemitism,New Jersey,2024,4,2024-04,2
70845,2024-04-19,Numbers / Symbols,Antisemitism,New Jersey,2024,4,2024-04,2
70846,2024-05-29,People,Antisemitism,New Jersey,2024,5,2024-05,2
70847,2024-06-06,Slogans / Code words,Antisemitism,New Jersey,2024,6,2024-06,2
70848,2024-05-02,People,Antisemitism,New Jersey,2024,5,2024-05,2
70849,2024-03-20,Slogans / Code words,Antisemitism,New Jersey,2024,3,2024-03,1
70850,2024-01-11,People,Antisemitism,New Jersey,2024,1,2024-01,1
70851,2024-06-18,Slogans / Code words,Antisemitism,New Jersey,2024,6,2024-06,2
70852,2024-02-08,Numbers / Symbols,Antisemitism,New Jersey,2024,2,2024-02,1
70853,2024-04-30,Numbers / Symbols,Antisemitism,New Jersey,2024,4,2024-04,2
70854,2024-05-01,Slogans / Code words,Antisemitism,New Jersey,2024,5,2024-05,2
70855,2024-01-04,Numbers / Symbols,Antisemitism,New Jersey,2024,1,2024-01,1
70856,2024-04-18,Numbers / Symbols,Antisemitism,New Jersey,2024,4,2024-04,2
70857,2024-04-28,Incidents / Events,Antisemitism,New Jersey,2024,4,2024-04,2
70858,2024-06-10,Groups / Movements,Antisemitism,New Jersey,2024,6,2024-06,2
70859,2024-06-12,Key Concepts / Definitions,Antisemitism,New Jersey,2024,6,2024-06,2
70860,2024-05-31,Numbers / Symbols,Antisemitism,New Jersey,2024,5,2024-05,2
70861,2024-04-21,Numbers / Symbols,Antisemitism,New Jersey,2024,4,2024-04,2
70862,2024-05-06,Groups / Movements,Antisemitism,New Jersey,2024,5,2024-05,2
70863,2024-01-05,Incidents / Events,Antisemitism,New Jersey,2024,1,2024-01,1
70864,2024-01-11,Numbers / Symbols,Antisemitism,New Jersey,2024,1,2024-01,1
70865,2024-05-18,Numbers / Symbols,Antisemitism,New Jersey,2024,5,2024-05,2
70866,2024-01-12,Slogans / Code words,Antisemitism,New Jersey,2024,1,2024-01,1
70867,2024-02-05,Incidents / Events,Antisemitism,New Jersey,2024,2,2024-02,1
70869,2024-04-19,Incidents / Events,Antisemitism,New Jersey,2024,4,2024-04,2
70870,2024-05-06,Publications,Antisemitism,New Jersey,2024,5,2024-05,2
70871,2024-04-06,Groups / Movements,Antisemitism,New Jersey,2024,4,2024-04,2
70872,2024-04-10,Incidents / Events,Antisemitism,New Jersey,2024,4,2024-04,2
70873,2024-05-29,Groups / Movements,Antisemitism,New Jersey,2024,5,2024-05,2
70874,2024-03-15,Incidents / Events,Antisemitism,California,2024,3,2024-03,1
70875,2024-03-19,Numbers / Symbols,Antisemitism,California,2024,3,2024-03,1
70876,2024-01-09,Numbers / Symbols,Antisemitism,Virginia,2024,1,2024-01,1
70877,2024-03-18,Groups / Movements,Antisemitism,Virginia,2024,3,2024-03,1
70878,2024-05-01,Slogans / Code words,Antisemitism,Virginia,2024,5,2024-05,2
70879,2024-05-06,Numbers / Symbols,Antisemitism,Florida,2024,5,2024-05,2
70880,2024-05-16,Numbers / Symbols,Antisemitism,New York,2024,5,2024-05,2
70881,2024-06-22,Key Concepts / Definitions,Antisemitism,New York,2024,6,2024-06,2
70882,2024-05-22,Slogans / Code words,Antisemitism,Illinois,2024,5,2024-05,2
70883,2024-11-01,Numbers / Symbols,Antisemitism,Illinois,2024,11,2024-11,4
70884,2024-02-01,Numbers / Symbols,Antisemitism,New Jersey,2024,2,2024-02,1
70885,2024-05-18,Slogans / Code words,Antisemitism,New Jersey,2024,5,2024-05,2
70886,2024-02-23,Numbers / Symbols,Antisemitism,New Jersey,2024,2,2024-02,1
70887,2024-06-06,Numbers / Symbols,Antisemitism,New Jersey,2024,6,2024-06,2
70888,2024-06-06,People,Antisemitism,New Jersey,2024,6,2024-06,2
70889,2024-01-04,Numbers / Symbols,Antisemitism,New Jersey,2024,1,2024-01,1
70890,2024-02-23,Key Concepts / Definitions,Antisemitism,New Jersey,2024,2,2024-02,1
70891,2024-04-21,Numbers / Symbols,Antisemitism,New Jersey,2024,4,2024-04,2
70892,2024-03-28,Groups / Movements,Antisemitism,New Jersey,2024,3,2024-03,1
70893,2024-06-18,Incidents / Events,Antisemitism,New Jersey,2024,6,2024-06,2
70894,2024-04-28,Slogans / Code words,Antisemitism,New Jersey,2024,4,2024-04,2
70895,2024-01-24,Slogans / Code words,Antisemitism,New Jersey,2024,1,2024-01,1
70896,2024-04-29,Numbers / Symbols,Antisemitism,New Jersey,2024,4,2024-04,2
70897,2024-06-14,Numbers / Symbols,Antisemitism,New Jersey,2024,6,2024-06,2
70898,2024-06-29,Numbers / Symbols,Antisemitism,New Jersey,2024,6,2024-06,2
70899,2024-01-01,Key Concepts / Definitions,Antisemitism,New Jersey,2024,1,2024-01,1
70900,2024-01-03,Numbers / Symbols,Antisemitism,New Jersey,2024,1,2024-01,1
70901,2024-04-13,Slogans / Code words,Antisemitism,New Jersey,2024,4,2024-04,2
70902,2024-01-12,"Key Concepts / Definitions, Tactics",Antisemitism,New Jersey,2024,1,2024-01,1
70903,2024-02-29,Key Concepts / Definitions,Antisemitism,New Jersey,2024,2,2024-02,1
70904,2024-05-21,Incidents / Events,Antisemitism,New Jersey,2024,5,2024-05,2
70905,2024-06-03,Numbers / Symbols,Antisemitism,New Jersey,2024,6,2024-06,2
70906,2024-06-13,Numbers / Symbols,Antisemitism,New Jersey,2024,6,2024-06,2
70907,2024-01-12,Numbers / Symbols,Antisemitism,New Jersey,2024,1,2024-01,1
70908,2024-02-29,Slogans / Code words,Antisemitism,New Jersey,2024,2,2024-02,1
70909,2024-06-13,Incidents / Events,Antisemitism,New Jersey,2024,6,2024-06,2
70910,2024-05-14,Numbers / Symbols,Antisemitism,New Jersey,2024,5,2024-05,2
70911,2024-03-04,Numbers / Symbols,Antisemitism,New Jersey,2024,3,2024-03,1
70912,2024-04-28,Numbers / Symbols,Antisemitism,New Jersey,2024,4,2024-04,2
70913,2024-04-29,Incidents / Events,Antisemitism,New Jersey,2024,4,2024-04,2
70914,2024-05-17,Numbers / Symbols,Antisemitism,New Jersey,2024,5,2024-05,2
70915,2024-02-02,Numbers / Symbols,Antisemitism,New Jersey,2024,2,2024-02,1
70916,2024-02-29,Numbers / Symbols,Antisemitism,New Jersey,2024,2,2024-02,1
70917,2024-03-26,Numbers / Symbols,Antisemitism,New Jersey,2024,3,2024-03,1
70918,2024-05-29,Numbers / Symbols,Antisemitism,New Jersey,2024,5,2024-05,2
70919,2024-03-30,Slogans / Code words,Antisemitism,New Jersey,2024,3,2024-03,1
70920,2024-05-04,Numbers / Symbols,Antisemitism,New Jersey,2024,5,2024-05,2
70921,2024-06-13,Numbers / Symbols,Antisemitism,New Jersey,2024,6,2024-06,2
70922,2024-06-17,Numbers / Symbols,Antisemitism,New Jersey,2024,6,2024-06,2
70923,2024-06-11,Numbers / Symbols,Antisemitism,New Jersey,2024,6,2024-06,2
70924,2024-04-09,Groups / Movements,Antisemitism,New Jersey,2024,4,2024-04,2
70925,2024-02-01,Numbers / Symbols,Antisemitism,New Jersey,2024,2,2024-02,1
70926,2024-01-10,Numbers / Symbols,Antisemitism,New Jersey,2024,1,2024-01,1
70927,2024-05-08,Slogans / Code words,Antisemitism,New Jersey,2024,5,2024-05,2
70928,2024-05-29,People,Antisemitism,New Jersey,2024,5,2024-05,2
70929,2024-05-16,Slogans / Code words,Antisemitism,New Jersey,2024,5,2024-05,2
70930,2024-04-11,Slogans / Code words,Antisemitism,New Jersey,2024,4,2024-04,2
70931,2024-05-15,Slogans / Code words,Antisemitism,New Jersey,2024,5,2024-05,2
70932,2024-01-03,Slogans / Code words,Antisemitism,New Jersey,2024,1,2024-01,1
70933,2024-01-10,Numbers / Symbols,Antisemitism,New Jersey,2024,1,2024-01,1
70934,2024-03-03,Slogans / Code words,Antisemitism,New Jersey,2024,3,2024-03,1
70935,2024-03-12,Slogans / Code words,Antisemitism,New Jersey,2024,3,2024-03,1
70936,2024-04-11,Numbers / Symbols,Antisemitism,New Jersey,2024,4,2024-04,2
70937,2024-02-12,Numbers / Symbols,Antisemitism,New Jersey,2024,2,2024-02,1
70938,2024-06-09,Slogans / Code words,Antisemitism,New Jersey,2024,6,2024-06,2
70939,2024-05-03,Slogans / Code words,Antisemitism,New Jersey,2024,5,2024-05,2
70940,2024-02-16,Groups / Movements,Antisemitism,New Jersey,2024,2,2024-02,1
70941,2024-05-05,Slogans / Code words,Antisemitism,New Jersey,2024,5,2024-05,2
70942,2024-05-09,Numbers / Symbols,Antisemitism,New Jersey,2024,5,2024-05,2
70943,2024-04-16,Publications,Antisemitism,New Jersey,2024,4,2024-04,2
70944,2024-05-09,Slogans / Code words,Antisemitism,New Jersey,2024,5,2024-05,2
70945,2024-05-13,Slogans / Code words,Antisemitism,New Jersey,2024,5,2024-05,2
70946,2024-05-13,Slogans / Code words,Antisemitism,New Jersey,2024,5,2024-05,2
70947,2024-06-04,Slogans / Code words,Antisemitism,New Jersey,2024,6,2024-06,2
70948,2024-05-22,Slogans / Code words,Antisemitism,New Jersey,2024,5,2024-05,2
70949,2024-03-06,Key Concepts / Definitions,Antisemitism,New Jersey,2024,3,2024-03,1
70950,2024-05-06,Slogans / Code words,Antisemitism,New Jersey,2024,5,2024-05,2
70951,2024-05-07,Numbers / Symbols,Antisemitism,New Jersey,2024,5,2024-05,2
70952,2024-05-19,Incidents / Events,Antisemitism,New Jersey,2024,5,2024-05,2
70953,2024-01-28,Slogans / Code words,Antisemitism,New Jersey,2024,1,2024-01,1
70954,2024-04-08,Incidents / Events,Antisemitism,New Jersey,2024,4,2024-04,2
70955,2024-05-14,Slogans / Code words,Antisemitism,New Jersey,2024,5,2024-05,2
70956,2024-04-15,Numbers / Symbols,Antisemitism,New Jersey,2024,4,2024-04,2
70957,2024-02-25,Incidents / Events,Antisemitism,New Jersey,2024,2,2024-02,1
70958,2024-04-24,Incidents / Events,Antisemitism,New Jersey,2024,4,2024-04,2
70959,2024-02-18,Numbers / Symbols,Antisemitism,New Jersey,2024,2,2024-02,1
70960,2024-05-09,Numbers / Symbols,Antisemitism,New Jersey,2024,5,2024-05,2
70961,2024-03-25,Numbers / Symbols,Antisemitism,New Jersey,2024,3,2024-03,1
70962,2024-05-06,Numbers / Symbols,Antisemitism,New Jersey,2024,5,2024-05,2
70963,2024-05-24,Numbers / Symbols,Antisemitism,New Jersey,2024,5,2024-05,2
70964,2024-01-09,Key Concepts / Definitions,Antisemitism,New Jersey,2024,1,2024-01,1
70965,2024-03-08,Slogans / Code words,Antisemitism,New Jersey,2024,3,2024-03,1
70966,2024-05-14,Numbers / Symbols,Antisemitism,New Jersey,2024,5,2024-05,2
70967,2024-03-29,Publications,Antisemitism,New Jersey,2024,3,2024-03,1
70968,2024-01-16,Numbers / Symbols,Antisemitism,New Jersey,2024,1,2024-01,1
70969,2024-01-02,Incidents / Events,Antisemitism,New Jersey,2024,1,2024-01,1
70970,2024-01-22,Numbers / Symbols,Antisemitism,New Jersey,2024,1,2024-01,1
70971,2024-02-27,Numbers / Symbols,Antisemitism,New Jersey,2024,2,2024-02,1
70972,2024-01-30,Numbers / Symbols,Antisemitism,New Jersey,2024,1,2024-01,1
70973,2024-06-17,Slogans / Code words,Antisemitism,New Jersey,2024,6,2024-06,2
70974,2024-01-30,Numbers / Symbols,Antisemitism,New Jersey,2024,1,2024-01,1
70975,2024-05-13,Numbers / Symbols,Antisemitism,New Jersey,2024,5,2024-05,2
70976,2024-06-07,Numbers / Symbols,Antisemitism,New Jersey,2024,6,2024-06,2
70977,2024-03-04,Key Concepts / Definitions,Antisemitism,New Jersey,2024,3,2024-03,1
70978,2024-04-12,Key Concepts / Definitions,Antisemitism,New Jersey,2024,4,2024-04,2
70979,2024-02-14,Slogans / Code words,Antisemitism,New Jersey,2024,2,2024-02,1
70980,2024-03-21,Slogans / Code words,Antisemitism,New Jersey,2024,3,2024-03,1
70981,2024-01-16,Numbers / Symbols,Antisemitism,New Jersey,2024,1,2024-01,1
70982,2024-02-02,Slogans / Code words,Antisemitism,New Jersey,2024,2,2024-02,1
70983,2024-02-02,Slogans / Code words,Antisemitism,New Jersey,2024,2,2024-02,1
70984,2024-02-13,Slogans / Code words,Antisemitism,New Jersey,2024,2,2024-02,1
70985,2024-01-25,Publications,Antisemitism,New Jersey,2024,1,2024-01,1
70986,2024-01-26,Incidents / Events,Antisemitism,New Jersey,2024,1,2024-01,1
70987,2024-01-31,Numbers / Symbols,Antisemitism,New Jersey,2024,1,2024-01,1
70988,2024-03-14,Key Concepts / Definitions,Antisemitism,New Jersey,2024,3,2024-03,1
70989,2024-06-12,Numbers / Symbols,Antisemitism,New Jersey,2024,6,2024-06,2
70990,2024-02-22,Numbers / Symbols,Antisemitism,New Jersey,2024,2,2024-02,1
70991,2024-03-19,Groups / Movements,Antisemitism,New Jersey,2024,3,2024-03,1
70992,2024-04-15,Numbers / Symbols,Antisemitism,New Jersey,2024,4,2024-04,2
70993,2024-05-08,Numbers / Symbols,Antisemitism,New Jersey,2024,5,2024-05,2
70994,2024-05-18,Slogans / Code words,Antisemitism,New Jersey,2024,5,2024-05,2
70995,2024-05-20,Slogans / Code words,Antisemitism,New Jersey,2024,5,2024-05,2
70996,2024-03-19,Key Concepts / Definitions,Antisemitism,New Jersey,2024,3,2024-03,1
70997,2024-05-01,People,Antisemitism,New Jersey,2024,5,2024-05,2
70998,2024-02-28,Numbers / Symbols,Antisemitism,New Jersey,2024,2,2024-02,1
70999,2024-05-19,Numbers / Symbols,Antisemitism,New Jersey,2024,5,2024-05,2
71000,2024-04-09,People,Antisemitism,New Jersey,2024,4,2024-04,2
71001,2024-05-07,Slogans / Code words,Antisemitism,New Jersey,2024,5,2024-05,2
71002,2024-02-09,Slogans / Code words,Antisemitism,New Jersey,2024,2,2024-02,1
71003,2024-06-29,Numbers / Symbols,Antisemitism,New Jersey,2024,6,2024-06,2
71004,2024-06-21,Key Concepts / Definitions,Antisemitism,New Jersey,2024,6,2024-06,2
71005,2024-01-19,Slogans / Code words,Antisemitism,New Jersey,2024,1,2024-01,1
71006,2024-05-21,Numbers / Symbols,Antisemitism,New Jersey,2024,5,2024-05,2
71007,2024-05-13,Incidents / Events,Antisemitism,New Jersey,2024,5,2024-05,2
71008,2024-05-28,Incidents / Events,Antisemitism,New Jersey,2024,5,2024-05,2
71009,2024-01-18,Incidents / Events,Antisemitism,New Jersey,2024,1,2024-01,1
71010,2024-03-05,Incidents / Events,Antisemitism,New Jersey,2024,3,2024-03,1
71011,2024-05-12,Numbers / Symbols,Antisemitism,New Jersey,2024,5,2024-05,2
71012,2024-05-06,Numbers / Symbols,Antisemitism,New Jersey,2024,5,2024-05,2
71013,2024-02-23,Numbers / Symbols,Antisemitism,New Jersey,2024,2,2024-02,1
71014,2024-03-08,Numbers / Symbols,Antisemitism,New Jersey,2024,3,2024-03,1
71015,2024-03-16,Numbers / Symbols,Antisemitism,New Jersey,2024,3,2024-03,1
71016,2024-05-10,Groups / Movements,Antisemitism,New Jersey,2024,5,2024-05,2
71017,2024-01-20,Slogans / Code words,Antisemitism,New Jersey,2024,1,2024-01,1
71018,2024-03-22,Key Concepts / Definitions,Antisemitism,New Jersey,2024,3,2024-03,1
71019,2024-01-29,Numbers / Symbols,Antisemitism,New Jersey,2024,1,2024-01,1
71020,2024-01-11,Incidents / Events,Antisemitism,New Jersey,2024,1,2024-01,1
71021,2024-12-20,Numbers / Symbols,Antisemitism,Texas,2024,12,2024-12,4
71022,2024-02-27,People,Antisemitism,California,2024,2,2024-02,1
71023,2024-05-08,Slogans / Code words,Antisemitism,California,2024,5,2024-05,2
71024,2024-12-27,People,Antisemitism,Washington,2024,12,2024-12,4
71025,2024-10-07,Incidents / Events,Antisemitism,Maryland,2024,10,2024-10,4
71026,2024-08-12,Key Concepts / Definitions,Antisemitism,Iowa,2024,8,2024-08,3
71027,2024-10-22,Incidents / Events,Antisemitism,Ohio,2024,10,2024-10,4
71028,2024-08-15,Key Concepts / Definitions,Antisemitism,Florida,2024,8,2024-08,3
71029,2024-07-26,Groups / Movements,Antisemitism,Florida,2024,7,2024-07,3
71030,2024-08-18,Key Concepts / Definitions,Antisemitism,Ohio,2024,8,2024-08,3
71031,2024-09-06,Slogans / Code words,Antisemitism,New Jersey,2024,9,2024-09,3
71032,2024-10-04,Key Concepts / Definitions,Antisemitism,New Jersey,2024,10,2024-10,4
71033,2024-07-10,Key Concepts / Definitions,Antisemitism,California,2024,7,2024-07,3
71034,2024-10-24,"Slogans / Code words, Key Concepts / Definitions",Antisemitism,Massachusetts,2024,10,2024-10,4
71035,2024-07-13,"Slogans / Code words, Key Concepts / Definitions",Antisemitism,Pennsylvania,2024,7,2024-07,3
71036,2024-07-26,Slogans / Code words,Antisemitism,California,2024,7,2024-07,3
71038,2024-07-24,Groups / Movements,Antisemitism,Utah,2024,7,2024-07,3
68494,2024-12-07,Key Concepts / Definitions,Antisemitism,California,2024,12,2024-12,4
68558,2024-12-13,Publications,Antisemitism,Colorado,2024,12,2024-12,4
71039,2024-02-25,Incidents / Events,Antisemitism,California,2024,2,2024-02,1
71040,2024-05-16,Slogans / Code words,Antisemitism,California,2024,5,2024-05,2
71041,2024-04-21,Slogans / Code words,Antisemitism,California,2024,4,2024-04,2
71042,2024-04-15,Numbers / Symbols,Antisemitism,Arizona,2024,4,2024-04,2
71043,2024-05-12,Slogans / Code words,Antisemitism,California,2024,5,2024-05,2
71044,2024-04-19,Key Concepts / Definitions,Antisemitism,Arizona,2024,4,2024-04,2
71045,2024-01-29,People,Antisemitism,Arizona,2024,1,2024-01,1
71046,2024-03-09,Groups / Movements,Antisemitism,Arizona,2024,3,2024-03,1
71047,2024-04-28,Numbers / Symbols,Antisemitism,Arizona,2024,4,2024-04,2
71048,2024-03-25,Key Concepts / Definitions,Antisemitism,Arizona,2024,3,2024-03,1
71049,2024-01-04,Numbers / Symbols,Antisemitism,Illinois,2024,1,2024-01,1
71050,2024-11-13,Numbers / Symbols,Antisemitism,New Jersey,2024,11,2024-11,4
71051,2024-01-23,Groups / Movements,Antisemitism,Illinois,2024,1,2024-01,1
71052,2024-04-25,Groups / Movements,Antisemitism,Illinois,2024,4,2024-04,2
71053,2024-08-15,Key Concepts / Definitions,Antisemitism,Indiana,2024,8,2024-08,3
71054,2024-02-25,Numbers / Symbols,Antisemitism,Illinois,2024,2,2024-02,1
71055,2024-02-02,Numbers / Symbols,Antisemitism,Illinois,2024,2,2024-02,1
71056,2024-05-23,Slogans / Code words,Antisemitism,Illinois,2024,5,2024-05,2
71057,2024-11-25,"Slogans / Code words, Conspiracy Theories",Antisemitism,Illinois,2024,11,2024-11,4
71058,2024-08-19,Slogans / Code words,Antisemitism,Illinois,2024,8,2024-08,3
71059,2024-05-02,Groups / Movements,Antisemitism,Arizona,2024,5,2024-05,2
71060,2024-05-01,Numbers / Symbols,Antisemitism,Arizona,2024,5,2024-05,2
71061,2024-09-04,Numbers / Symbols,Antisemitism,Arizona,2024,9,2024-09,3
71062,2024-09-06,Groups / Movements,Antisemitism,Arizona,2024,9,2024-09,3
68344,2024-11-25,Groups / Movements,Antisemitism,Maryland,2024,11,2024-11,4
68193,2024-11-02,Groups / Movements,Antisemitism,Nevada,2024,11,2024-11,4
68351,2024-11-25,Groups / Movements,Antisemitism,Utah,2024,11,2024-11,4
68348,2024-11-25,Groups / Movements,Antisemitism,Nevada,2024,11,2024-11,4
68304,2024-11-18,Groups / Movements,Antisemitism,California,2024,11,2024-11,4
68198,2024-11-02,Groups / Movements,Antisemitism,Virginia,2024,11,2024-11,4
68303,2024-11-18,Groups / Movements,Antisemitism,Arkansas,2024,11,2024-11,4
68319,2024-11-18,Groups / Movements,Antisemitism,Wisconsin,2024,11,2024-11,4
68282,2024-11-15,Groups / Movements,Antisemitism,Colorado,2024,11,2024-11,4
68346,2024-11-25,Groups / Movements,Antisemitism,Massachusetts,2024,11,2024-11,4
68306,2024-11-18,Groups / Movements,Antisemitism,Kentucky,2024,11,2024-11,4
68302,2024-11-18,Groups / Movements,Antisemitism,Alabama,2024,11,2024-11,4
68342,2024-11-25,Groups / Movements,Antisemitism,Maryland,2024,11,2024-11,4
68191,2024-11-02,Groups / Movements,Antisemitism,Missouri,2024,11,2024-11,4
68318,2024-11-18,Groups / Movements,Antisemitism,Virginia,2024,11,2024-11,4
68283,2024-11-15,Groups / Movements,Antisemitism,Maryland,2024,11,2024-11,4
68305,2024-11-18,Groups / Movements,Antisemitism,Illinois,2024,11,2024-11,4
68310,2024-11-18,Groups / Movements,Antisemitism,Massachusetts,2024,11,2024-11,4
68201,2024-11-03,Groups / Movements,Antisemitism,Vermont,2024,11,2024-11,4
68192,2024-11-02,Groups / Movements,Antisemitism,Missouri,2024,11,2024-11,4
68343,2024-11-25,Groups / Movements,Antisemitism,Maryland,2024,11,2024-11,4
68347,2024-11-25,Groups / Movements,Antisemitism,Missouri,2024,11,2024-11,4
68190,2024-11-02,Groups / Movements,Antisemitism,Missouri,2024,11,2024-11,4
68309,2024-11-18,Slogans / Code words,Antisemitism,Massachusetts,2024,11,2024-11,4
68316,2024-11-18,Groups / Movements,Antisemitism,Pennsylvania,2024,11,2024-11,4
68363,2024-11-28,Groups / Movements,Antisemitism,Wisconsin,2024,11,2024-11,4
68368,2024-11-30,"Conspiracy Theories, Publications",Antisemitism,Wyoming,2024,11,2024-11,4
68359,2024-11-27,Publications,Antisemitism,Wyoming,2024,11,2024-11,4
68272,2024-11-13,Groups / Movements,Antisemitism,Michigan,2024,11,2024-11,4
68197,2024-11-02,Groups / Movements,Antisemitism,Virginia,2024,11,2024-11,4
68188,2024-11-02,Groups / Movements,Antisemitism,Massachusetts,2024,11,2024-11,4
68311,2024-11-18,Groups / Movements,Antisemitism,Michigan,2024,11,2024-11,4
68210,2024-11-05,Groups / Movements,Antisemitism,New Hampshire,2024,11,2024-11,4
68345,2024-11-25,Groups / Movements,Antisemitism,Maryland,2024,11,2024-11,4
68312,2024-11-18,Groups / Movements,Antisemitism,Missouri,2024,11,2024-11,4
68196,2024-11-02,Groups / Movements,Antisemitism,Virginia,2024,11,2024-11,4
68186,2024-11-02,Groups / Movements,Antisemitism,Connecticut,2024,11,2024-11,4
68298,2024-11-16,People,Antisemitism,Tennessee,2024,11,2024-11,4
71063,2024-09-26,Numbers / Symbols,Antisemitism,Massachusetts,2024,9,2024-09,3
71064,2024-10-07,Slogans / Code words,Antisemitism,California,2024,10,2024-10,4
71065,2024-01-04,Incidents / Events,Antisemitism,Massachusetts,2024,1,2024-01,1
71066,2024-10-11,Numbers / Symbols,Antisemitism,Massachusetts,2024,10,2024-10,4
71067,2024-05-29,Numbers / Symbols,Antisemitism,Massachusetts,2024,5,2024-05,2
71068,2024-04-09,"Slogans / Code words, Key Concepts / Definitions",Antisemitism,New Hampshire,2024,4,2024-04,2
71069,2024-06-03,Numbers / Symbols,Antisemitism,California,2024,6,2024-06,2
71070,2024-07-27,"Slogans / Code words, Conspiracy Theories",Antisemitism,Pennsylvania,2024,7,2024-07,3
71071,2024-10-22,People,Antisemitism,Pennsylvania,2024,10,2024-10,4
71072,2024-04-11,Numbers / Symbols,Antisemitism,Pennsylvania,2024,4,2024-04,2
71073,2024-05-09,Numbers / Symbols,Antisemitism,Pennsylvania,2024,5,2024-05,2
71074,2024-11-19,Numbers / Symbols,Antisemitism,Florida,2024,11,2024-11,4
71075,2024-01-23,"Slogans / Code words, Key Concepts / Definitions",Antisemitism,Missouri,2024,1,2024-01,1
71076,2024-05-24,Slogans / Code words,Antisemitism,Illinois,2024,5,2024-05,2
71077,2024-09-21,Numbers / Symbols,Antisemitism,Missouri,2024,9,2024-09,3
71078,2024-02-14,Groups / Movements,Antisemitism,Missouri,2024,2,2024-02,1
71079,2024-05-26,Groups / Movements,Antisemitism,Georgia,2024,5,2024-05,2
71080,2024-07-18,Numbers / Symbols,Antisemitism,Missouri,2024,7,2024-07,3
71081,2024-11-15,Groups / Movements,Antisemitism,Missouri,2024,11,2024-11,4
71083,2024-04-13,Numbers / Symbols,Antisemitism,Missouri,2024,4,2024-04,2
71084,2024-02-09,Groups / Movements,Antisemitism,Georgia,2024,2,2024-02,1
71085,2024-10-10,Numbers / Symbols,Antisemitism,Pennsylvania,2024,10,2024-10,4
71087,2024-04-01,Groups / Movements,Antisemitism,Pennsylvania,2024,4,2024-04,2
71088,2024-01-17,Incidents / Events,Antisemitism,Ohio,2024,1,2024-01,1
71089,2024-05-10,Slogans / Code words,Antisemitism,Ohio,2024,5,2024-05,2
68512,2024-12-09,Key Concepts / Definitions,Antisemitism,California,2024,12,2024-12,4
68511,2024-12-07,Key Concepts / Definitions,Antisemitism,California,2024,12,2024-12,4
68518,2024-12-07,Key Concepts / Definitions,Antisemitism,California,2024,12,2024-12,4
68510,2024-12-07,Key Concepts / Definitions,Antisemitism,California,2024,12,2024-12,4
68537,2024-12-10,"Slogans / Code words, Key Concepts / Definitions",Antisemitism,Florida,2024,12,2024-12,4
68519,2024-12-09,Key Concepts / Definitions,Antisemitism,California,2024,12,2024-12,4
71090,2024-01-25,Numbers / Symbols,Antisemitism,California,2024,1,2024-01,1
68549,2024-12-02,Publications,Antisemitism,North Carolina,2024,12,2024-12,4
68557,2024-12-08,Groups / Movements,Antisemitism,Pennsylvania,2024,12,2024-12,4
68555,2024-12-10,People,Antisemitism,New York,2024,12,2024-12,4
68554,2024-12-07,Publications,Antisemitism,Nevada,2024,12,2024-12,4
68563,2024-12-13,Slogans / Code words,Antisemitism,New York,2024,12,2024-12,4
68561,2024-12-13,Key Concepts / Definitions,Antisemitism,Maryland,2024,12,2024-12,4
68573,2024-12-14,Key Concepts / Definitions,Antisemitism,Connecticut,2024,12,2024-12,4
68569,2024-12-14,Key Concepts / Definitions,Antisemitism,Connecticut,2024,12,2024-12,4
68516,2024-12-09,Key Concepts / Definitions,Antisemitism,California,2024,12,2024-12,4
71091,2024-11-25,Numbers / Symbols,Antisemitism,Connecticut,2024,11,2024-11,4
68514,2024-12-09,Key Concepts / Definitions,Antisemitism,California,2024,12,2024-12,4
68592,2024-12-13,Key Concepts / Definitions,Antisemitism,Colorado,2024,12,2024-12,4
68596,2024-12-15,Groups / Movements,Antisemitism,Alabama,2024,12,2024-12,4
68597,2024-12-12,Slogans / Code words,Antisemitism,California,2024,12,2024-12,4
68614,2024-12-16,Incidents / Events,Antisemitism,Tennessee,2024,12,2024-12,4
68609,2024-12-16,Numbers / Symbols,Antisemitism,Nevada,2024,12,2024-12,4
68630,2024-12-18,People,Antisemitism,Rhode Island,2024,12,2024-12,4
68623,2024-12-11,Slogans / Code words,Antisemitism,California,2024,12,2024-12,4
68629,2024-11-20,Incidents / Events,Antisemitism,Ohio,2024,11,2024-11,4
68618,2024-11-04,Slogans / Code words,Antisemitism,Alabama,2024,11,2024-11,4
71092,2024-11-15,Publications,Antisemitism,Pennsylvania,2024,11,2024-11,4
71093,2024-07-18,Slogans / Code words,Antisemitism,Pennsylvania,2024,7,2024-07,3
71094,2024-05-05,Groups / Movements,Antisemitism,Pennsylvania,2024,5,2024-05,2
71095,2024-01-30,Key Concepts / Definitions,Antisemitism,Illinois,2024,1,2024-01,1
71096,2024-02-26,Slogans / Code words,Antisemitism,California,2024,2,2024-02,1
71097,2024-01-01,Numbers / Symbols,Antisemitism,Kansas,2024,1,2024-01,1
71098,2024-04-25,Slogans / Code words,Antisemitism,Pennsylvania,2024,4,2024-04,2
71099,2024-11-02,People,Antisemitism,Massachusetts,2024,11,2024-11,4
71100,2024-10-03,Groups / Movements,Antisemitism,New York,2024,10,2024-10,4
68484,2024-12-05,Incidents / Events,Antisemitism,California,2024,12,2024-12,4
68488,2024-12-06,Groups / Movements,Antisemitism,Colorado,2024,12,2024-12,4
68496,2024-12-06,Numbers / Symbols,Antisemitism,Pennsylvania,2024,12,2024-12,4
68501,2024-12-05,"Slogans / Code words, Key Concepts / Definitions",Antisemitism,Indiana,2024,12,2024-12,4
68535,2024-12-01,Slogans / Code words,Antisemitism,Wisconsin,2024,12,2024-12,4
68521,2024-12-02,"Slogans / Code words, Key Concepts / Definitions",Antisemitism,Illinois,2024,12,2024-12,4
68522,2024-12-06,"Slogans / Code words, Conspiracy Theories",Antisemitism,Illinois,2024,12,2024-12,4
68513,2024-12-07,Incidents / Events,Antisemitism,California,2024,12,2024-12,4
68517,2024-12-09,Key Concepts / Definitions,Antisemitism,California,2024,12,2024-12,4
68462,2024-12-05,Key Concepts / Definitions,Antisemitism,California,2024,12,2024-12,4
68480,2024-12-06,Incidents / Events,Antisemitism,California,2024,12,2024-12,4
68483,2024-12-05,Incidents / Events,Antisemitism,California,2024,12,2024-12,4
68486,2024-12-05,Incidents / Events,Antisemitism,California,2024,12,2024-12,4
68487,2024-12-05,Incidents / Events,Antisemitism,California,2024,12,2024-12,4
68482,2024-12-05,Incidents / Events,Antisemitism,California,2024,12,2024-12,4
68481,2024-12-06,Incidents / Events,Antisemitism,California,2024,12,2024-12,4
68485,2024-12-05,Incidents / Events,Antisemitism,California,2024,12,2024-12,4
68570,2024-12-14,Key Concepts / Definitions,Antisemitism,Connecticut,2024,12,2024-12,4
68587,2024-12-14,Key Concepts / Definitions,Antisemitism,Connecticut,2024,12,2024-12,4
68583,2024-12-14,Incidents / Events,Antisemitism,Connecticut,2024,12,2024-12,4
68579,2024-12-14,Key Concepts / Definitions,Antisemitism,Connecticut,2024,12,2024-12,4
68571,2024-12-14,Key Concepts / Definitions,Antisemitism,Connecticut,2024,12,2024-12,4
68574,2024-12-14,Key Concepts / Definitions,Antisemitism,Connecticut,2024,12,2024-12,4
68576,2024-12-14,Key Concepts / Definitions,Antisemitism,Connecticut,2024,12,2024-12,4
68580,2024-12-14,Incidents / Events,Antisemitism,Connecticut,2024,12,2024-12,4
68572,2024-12-14,Key Concepts / Definitions,Antisemitism,Connecticut,2024,12,2024-12,4
68578,2024-12-14,Key Concepts / Definitions,Antisemitism,Connecticut,2024,12,2024-12,4
71101,2024-12-10,People,Antisemitism,Massachusetts,2024,12,2024-12,4
68649,2024-12-20,Groups / Movements,Antisemitism,California,2024,12,2024-12,4
68586,2024-12-14,Incidents / Events,Antisemitism,Connecticut,2024,12,2024-12,4
68591,2024-12-13,Numbers / Symbols,Antisemitism,Tennessee,2024,12,2024-12,4
68577,2024-12-14,Key Concepts / Definitions,Antisemitism,Connecticut,2024,12,2024-12,4
68581,2024-12-14,Incidents / Events,Antisemitism,Connecticut,2024,12,2024-12,4
68585,2024-12-14,Incidents / Events,Antisemitism,Connecticut,2024,12,2024-12,4
68584,2024-12-14,Key Concepts / Definitions,Antisemitism,Connecticut,2024,12,2024-12,4
68575,2024-12-14,Key Concepts / Definitions,Antisemitism,Connecticut,2024,12,2024-12,4
68582,2024-12-14,Incidents / Events,Antisemitism,Connecticut,2024,12,2024-12,4
71102,2024-10-14,Groups / Movements,Antisemitism,Pennsylvania,2024,10,2024-10,4
71103,2024-02-05,Incidents / Events,Antisemitism,North Carolina,2024,2,2024-02,1
71104,2024-04-30,Slogans / Code words,Antisemitism,California,2024,4,2024-04,2
71105,2024-03-30,Numbers / Symbols,Antisemitism,Michigan,2024,3,2024-03,1
71106,2024-10-30,Groups / Movements,Antisemitism,New York,2024,10,2024-10,4
71107,2024-08-22,Slogans / Code words,Antisemitism,Colorado,2024,8,2024-08,3
71108,2024-02-25,Incidents / Events,Antisemitism,Georgia,2024,2,2024-02,1
71109,2024-03-12,Key Concepts / Definitions,Antisemitism,Georgia,2024,3,2024-03,1
68646,2024-12-18,Key Concepts / Definitions,Antisemitism,Washington D.C.,2024,12,2024-12,4
68643,2024-12-19,"Slogans / Code words, Key Concepts / Definitions",Antisemitism,North Carolina,2024,12,2024-12,4
68641,2024-12-18,Slogans / Code words,Antisemitism,New York,2024,12,2024-12,4
68635,2024-12-17,Key Concepts / Definitions,Antisemitism,California,2024,12,2024-12,4
68659,2024-12-20,Incidents / Events,Antisemitism,Massachusetts,2024,12,2024-12,4
68700,2024-12-24,Incidents / Events,Antisemitism,Illinois,2024,12,2024-12,4
68721,2024-12-25,Slogans / Code words,Antisemitism,Vermont,2024,12,2024-12,4
68729,2024-12-24,Slogans / Code words,Antisemitism,Michigan,2024,12,2024-12,4
68417,2024-12-01,Key Concepts / Definitions,Antisemitism,Florida,2024,12,2024-12,4
68430,2024-11-02,Tactics,Antisemitism,New York,2024,11,2024-11,4
68427,2024-11-25,"Slogans / Code words, Conspiracy Theories",Antisemitism,Illinois,2024,11,2024-11,4
68426,2024-11-25,"Slogans / Code words, Conspiracy Theories",Antisemitism,Illinois,2024,11,2024-11,4
68432,2024-11-29,Groups / Movements,Antisemitism,Oregon,2024,11,2024-11,4
68425,2024-12-02,"Slogans / Code words, Key Concepts / Definitions",Antisemitism,Illinois,2024,12,2024-12,4
68437,2024-12-02,People,Antisemitism,Florida,2024,12,2024-12,4
68443,2024-12-30,Numbers / Symbols,Antisemitism,Florida,2024,12,2024-12,4
68445,2024-11-30,People,Antisemitism,Nevada,2024,11,2024-11,4
68449,2024-11-18,Slogans / Code words,Antisemitism,Utah,2024,11,2024-11,4
68747,2024-12-24,Groups / Movements,Antisemitism,New York,2024,12,2024-12,4
68775,2024-12-28,People,Antisemitism,Nevada,2024,12,2024-12,4
68787,2024-12-27,Numbers / Symbols,Antisemitism,Connecticut,2024,12,2024-12,4
68804,2024-12-27,Numbers / Symbols,Antisemitism,California,2024,12,2024-12,4
68808,2024-12-31,"Slogans / Code words, Conspiracy Theories",Antisemitism,Pennsylvania,2024,12,2024-12,4
68809,2024-12-26,Key Concepts / Definitions,Antisemitism,Utah,2024,12,2024-12,4
68803,2024-12-24,Slogans / Code words,Antisemitism,California,2024,12,2024-12,4
68495,2024-12-07,People,Antisemitism,Michigan,2024,12,2024-12,4
71110,2024-12-14,People,Antisemitism,Michigan,2024,12,2024-12,4
68664,2024-12-21,People,Antisemitism,Michigan,2024,12,2024-12,4
68740,2024-12-27,People,Antisemitism,Michigan,2024,12,2024-12,4
68451,2024-12-05,Incidents / Events,Antisemitism,California,2024,12,2024-12,4
68466,2024-12-05,Incidents / Events,Antisemitism,California,2024,12,2024-12,4
68457,2024-12-05,Incidents / Events,Antisemitism,California,2024,12,2024-12,4
68460,2024-12-05,Incidents / Events,Antisemitism,California,2024,12,2024-12,4
68465,2024-12-05,Incidents / Events,Antisemitism,California,2024,12,2024-12,4
68467,2024-12-05,Incidents / Events,Antisemitism,California,2024,12,2024-12,4
68469,2024-12-05,Incidents / Events,Antisemitism,California,2024,12,2024-12,4
68454,2024-12-05,Incidents / Events,Antisemitism,California,2024,12,2024-12,4
68468,2024-12-05,Incidents / Events,Antisemitism,California,2024,12,2024-12,4
68459,2024-12-05,Incidents / Events,Antisemitism,California,2024,12,2024-12,4
68464,2024-12-05,Incidents / Events,Antisemitism,California,2024,12,2024-12,4
68463,2024-12-05,Incidents / Events,Antisemitism,California,2024,12,2024-12,4
68470,2024-12-05,Incidents / Events,Antisemitism,California,2024,12,2024-12,4
68455,2024-12-05,Incidents / Events,Antisemitism,California,2024,12,2024-12,4
68461,2024-12-05,Key Concepts / Definitions,Antisemitism,California,2024,12,2024-12,4
68471,2024-12-05,Key Concepts / Definitions,Antisemitism,Connecticut,2024,12,2024-12,4
68456,2024-12-05,Key Concepts / Definitions,Antisemitism,California,2024,12,2024-12,4
68452,2024-12-05,Incidents / Events,Antisemitism,California,2024,12,2024-12,4
68450,2024-12-05,People,Antisemitism,California,2024,12,2024-12,4
68453,2024-12-05,Key Concepts / Definitions,Antisemitism,California,2024,12,2024-12,4
68724,2024-12-26,Groups / Movements,Antisemitism,Arizona,2024,12,2024-12,4
68748,2024-12-24,Key Concepts / Definitions,Antisemitism,Ohio,2024,12,2024-12,4
68745,2024-12-24,Slogans / Code words,Antisemitism,New York,2024,12,2024-12,4
68702,2024-12-24,People,Antisemitism,Ohio,2024,12,2024-12,4
68744,2024-12-24,Groups / Movements,Antisemitism,New York,2024,12,2024-12,4
68739,2024-12-24,People,Antisemitism,Indiana,2024,12,2024-12,4
68746,2024-12-24,Groups / Movements,Antisemitism,New York,2024,12,2024-12,4
68750,2024-12-24,Groups / Movements,Antisemitism,Ohio,2024,12,2024-12,4
68749,2024-12-24,People,Antisemitism,Ohio,2024,12,2024-12,4
71111,2024-10-10,Incidents / Events,Antisemitism,Ohio,2024,10,2024-10,4
71112,2024-07-09,Groups / Movements,Antisemitism,Ohio,2024,7,2024-07,3
71113,2024-08-01,Slogans / Code words,Antisemitism,New York,2024,8,2024-08,3
71114,2024-07-06,Slogans / Code words,Antisemitism,New York,2024,7,2024-07,3
71115,2024-07-22,Slogans / Code words,Antisemitism,New York,2024,7,2024-07,3
71116,2024-12-23,Key Concepts / Definitions,Antisemitism,Ohio,2024,12,2024-12,4
71117,2024-08-15,Incidents / Events,Antisemitism,Ohio,2024,8,2024-08,3
68566,2024-12-13,Key Concepts / Definitions,Antisemitism,Pennsylvania,2024,12,2024-12,4
71118,2024-07-31,Slogans / Code words,Antisemitism,New York,2024,7,2024-07,3
71119,2024-07-10,Incidents / Events,Antisemitism,New York,2024,7,2024-07,3
71120,2024-07-15,Groups / Movements,Antisemitism,New York,2024,7,2024-07,3
71121,2024-07-27,Slogans / Code words,Antisemitism,New York,2024,7,2024-07,3
71122,2024-05-04,Groups / Movements,Antisemitism,New York,2024,5,2024-05,2
71123,2024-07-04,Slogans / Code words,Antisemitism,New York,2024,7,2024-07,3
71124,2024-08-07,Incidents / Events,Antisemitism,New York,2024,8,2024-08,3
71125,2024-07-03,Groups / Movements,Antisemitism,New York,2024,7,2024-07,3
71126,2024-08-12,Groups / Movements,Antisemitism,New York,2024,8,2024-08,3
71127,2024-08-13,Numbers / Symbols,Antisemitism,New York,2024,8,2024-08,3
71128,2024-08-22,Incidents / Events,Antisemitism,New York,2024,8,2024-08,3
71129,2024-10-15,Numbers / Symbols,Antisemitism,Florida,2024,10,2024-10,4
71130,2024-07-09,Groups / Movements,Antisemitism,New York,2024,7,2024-07,3
71131,2024-08-22,People,Antisemitism,New York,2024,8,2024-08,3
71132,2024-08-07,Slogans / Code words,Antisemitism,New York,2024,8,2024-08,3
71133,2024-08-29,Slogans / Code words,Antisemitism,New York,2024,8,2024-08,3
71134,2024-08-29,Numbers / Symbols,Antisemitism,New York,2024,8,2024-08,3
71135,2024-12-05,Slogans / Code words,Antisemitism,Pennsylvania,2024,12,2024-12,4
71136,2024-02-18,Slogans / Code words,Antisemitism,Florida,2024,2,2024-02,1
71137,2024-01-13,Incidents / Events,Antisemitism,Washington,2024,1,2024-01,1
71138,2024-03-27,Groups / Movements,Antisemitism,Washington,2024,3,2024-03,1
71139,2024-01-27,Slogans / Code words,Antisemitism,Washington,2024,1,2024-01,1
71140,2024-04-27,Publications,Antisemitism,Washington,2024,4,2024-04,2
71141,2024-10-10,"Slogans / Code words, Key Concepts / Definitions",Antisemitism,Washington,2024,10,2024-10,4
71142,2024-10-10,Incidents / Events,Antisemitism,Washington,2024,10,2024-10,4
71143,2024-05-13,Numbers / Symbols,Antisemitism,Washington,2024,5,2024-05,2
71144,2024-11-05,Slogans / Code words,Antisemitism,Washington,2024,11,2024-11,4
71145,2024-11-07,Numbers / Symbols,Antisemitism,Washington,2024,11,2024-11,4
71146,2024-11-08,Numbers / Symbols,Antisemitism,Washington,2024,11,2024-11,4
71147,2024-12-08,People,Antisemitism,Washington,2024,12,2024-12,4
71148,2024-09-22,Numbers / Symbols,Antisemitism,Connecticut,2024,9,2024-09,3
71149,2024-03-19,Groups / Movements,Antisemitism,Oklahoma,2024,3,2024-03,1
71150,2024-01-22,Groups / Movements,Antisemitism,Oklahoma,2024,1,2024-01,1
71151,2024-07-19,Publications,Antisemitism,Oklahoma,2024,7,2024-07,3
71152,2024-03-12,"Slogans / Code words, Key Concepts / Definitions",Antisemitism,Oklahoma,2024,3,2024-03,1
71154,2024-08-16,People,Antisemitism,Oklahoma,2024,8,2024-08,3
71155,2024-08-15,Incidents / Events,Antisemitism,Oklahoma,2024,8,2024-08,3
71156,2024-04-12,Key Concepts / Definitions,Antisemitism,Oklahoma,2024,4,2024-04,2
71157,2024-01-09,Publications,Antisemitism,Pennsylvania,2024,1,2024-01,1
71158,2024-02-08,Slogans / Code words,Antisemitism,Pennsylvania,2024,2,2024-02,1
71159,2024-04-14,Numbers / Symbols,Antisemitism,Washington,2024,4,2024-04,2
71160,2024-05-19,Groups / Movements,Antisemitism,Washington,2024,5,2024-05,2
71161,2024-10-02,Numbers / Symbols,Antisemitism,Washington,2024,10,2024-10,4
71162,2024-07-11,Numbers / Symbols,Antisemitism,Washington,2024,7,2024-07,3
71163,2024-02-21,Groups / Movements,Antisemitism,Pennsylvania,2024,2,2024-02,1
71164,2024-02-08,Slogans / Code words,Antisemitism,California,2024,2,2024-02,1
71165,2024-02-26,Incidents / Events,Antisemitism,New York,2024,2,2024-02,1
71166,2024-02-18,Publications,Antisemitism,Florida,2024,2,2024-02,1
71167,2024-01-04,Slogans / Code words,Antisemitism,New York,2024,1,2024-01,1
71168,2024-02-06,Slogans / Code words,Antisemitism,California,2024,2,2024-02,1
71169,2024-03-04,Incidents / Events,Antisemitism,New York,2024,3,2024-03,1
71170,2024-02-10,Slogans / Code words,Antisemitism,New York,2024,2,2024-02,1
71171,2024-03-02,Slogans / Code words,Antisemitism,Florida,2024,3,2024-03,1
71172,2024-09-11,Incidents / Events,Antisemitism,New York,2024,9,2024-09,3
71173,2024-10-07,Slogans / Code words,Antisemitism,California,2024,10,2024-10,4
71174,2024-12-16,Groups / Movements,Antisemitism,California,2024,12,2024-12,4
71175,2024-09-09,People,Antisemitism,California,2024,9,2024-09,3
71176,2024-12-14,Slogans / Code words,Antisemitism,Indiana,2024,12,2024-12,4
71177,2024-03-26,Key Concepts / Definitions,Antisemitism,Massachusetts,2024,3,2024-03,1
71178,2024-02-14,"Key Concepts / Definitions, Tactics",Antisemitism,Massachusetts,2024,2,2024-02,1
71179,2024-03-13,Numbers / Symbols,Antisemitism,New York,2024,3,2024-03,1
71181,2024-05-10,Publications,Antisemitism,New York,2024,5,2024-05,2
71182,2024-03-26,Numbers / Symbols,Antisemitism,New York,2024,3,2024-03,1
71183,2024-12-10,Numbers / Symbols,Antisemitism,New York,2024,12,2024-12,4
71184,2024-04-24,Numbers / Symbols,Antisemitism,Massachusetts,2024,4,2024-04,2
71185,2024-09-04,Groups / Movements,Antisemitism,Massachusetts,2024,9,2024-09,3
71186,2024-11-18,Numbers / Symbols,Antisemitism,New York,2024,11,2024-11,4
71187,2024-05-30,Groups / Movements,Antisemitism,Colorado,2024,5,2024-05,2
71188,2024-04-01,Numbers / Symbols,Antisemitism,New York,2024,4,2024-04,2
71189,2024-12-10,Numbers / Symbols,Antisemitism,New York,2024,12,2024-12,4
71190,2024-05-24,Slogans / Code words,Antisemitism,Colorado,2024,5,2024-05,2
71191,2024-01-18,"Slogans / Code words, Conspiracy Theories",Antisemitism,California,2024,1,2024-01,1
71192,2024-05-30,Publications,Antisemitism,Colorado,2024,5,2024-05,2
71193,2024-02-01,Slogans / Code words,Antisemitism,California,2024,2,2024-02,1
71194,2024-02-23,People,Antisemitism,California,2024,2,2024-02,1
71195,2024-03-28,Numbers / Symbols,Antisemitism,Florida,2024,3,2024-03,1
71196,2024-10-23,Slogans / Code words,Antisemitism,Florida,2024,10,2024-10,4
71197,2024-08-24,Slogans / Code words,Antisemitism,Florida,2024,8,2024-08,3
71198,2024-09-12,Slogans / Code words,Antisemitism,Florida,2024,9,2024-09,3
71199,2024-12-26,Numbers / Symbols,Antisemitism,Florida,2024,12,2024-12,4
71200,2024-05-26,Slogans / Code words,Antisemitism,Florida,2024,5,2024-05,2
71201,2024-04-24,Groups / Movements,Antisemitism,Florida,2024,4,2024-04,2
71202,2024-03-30,Numbers / Symbols,Antisemitism,Florida,2024,3,2024-03,1
71203,2024-01-20,Incidents / Events,Antisemitism,Florida,2024,1,2024-01,1
71204,2024-08-07,Numbers / Symbols,Antisemitism,Rhode Island,2024,8,2024-08,3
71205,2024-03-27,Slogans / Code words,Antisemitism,California,2024,3,2024-03,1
71206,2024-04-07,Numbers / Symbols,Antisemitism,Rhode Island,2024,4,2024-04,2
71207,2024-03-20,Numbers / Symbols,Antisemitism,Illinois,2024,3,2024-03,1
71208,2024-04-19,Slogans / Code words,Antisemitism,California,2024,4,2024-04,2
71209,2024-03-23,Numbers / Symbols,Antisemitism,New Mexico,2024,3,2024-03,1
71210,2024-05-02,Key Concepts / Definitions,Antisemitism,Colorado,2024,5,2024-05,2
71211,2024-11-20,Numbers / Symbols,Antisemitism,Rhode Island,2024,11,2024-11,4
71212,2024-08-31,Slogans / Code words,Antisemitism,Rhode Island,2024,8,2024-08,3
71213,2024-06-24,Numbers / Symbols,Antisemitism,Rhode Island,2024,6,2024-06,2
71214,2024-01-06,Numbers / Symbols,Antisemitism,Illinois,2024,1,2024-01,1
71215,2024-04-12,People,Antisemitism,Rhode Island,2024,4,2024-04,2
71216,2024-02-27,Key Concepts / Definitions,Antisemitism,Illinois,2024,2,2024-02,1
71217,2024-02-10,Slogans / Code words,Antisemitism,Illinois,2024,2,2024-02,1
71218,2024-05-15,Incidents / Events,Antisemitism,Rhode Island,2024,5,2024-05,2
71219,2024-04-22,Key Concepts / Definitions,Antisemitism,Illinois,2024,4,2024-04,2
71220,2024-08-15,Key Concepts / Definitions,Antisemitism,Illinois,2024,8,2024-08,3
71221,2024-01-18,Groups / Movements,Antisemitism,Georgia,2024,1,2024-01,1
71222,2024-02-03,Slogans / Code words,Antisemitism,Massachusetts,2024,2,2024-02,1
71224,2024-04-02,Slogans / Code words,Antisemitism,Maryland,2024,4,2024-04,2
71225,2024-03-05,Incidents / Events,Antisemitism,Florida,2024,3,2024-03,1
71226,2024-03-11,Numbers / Symbols,Antisemitism,Illinois,2024,3,2024-03,1
71227,2024-05-08,Groups / Movements,Antisemitism,Illinois,2024,5,2024-05,2
71228,2024-09-23,Slogans / Code words,Antisemitism,Illinois,2024,9,2024-09,3
71229,2024-10-16,"Slogans / Code words, Key Concepts / Definitions",Antisemitism,Illinois,2024,10,2024-10,4
71230,2024-09-09,Numbers / Symbols,Antisemitism,Washington,2024,9,2024-09,3
71231,2024-07-15,People,Antisemitism,Florida,2024,7,2024-07,3
71233,2024-05-13,Slogans / Code words,Antisemitism,New York,2024,5,2024-05,2
71234,2024-05-02,Groups / Movements,Antisemitism,Illinois,2024,5,2024-05,2
71235,2024-03-19,People,Antisemitism,Massachusetts,2024,3,2024-03,1
71236,2024-04-27,Incidents / Events,Antisemitism,Illinois,2024,4,2024-04,2
71237,2024-03-27,Groups / Movements,Antisemitism,Ohio,2024,3,2024-03,1
71238,2024-03-27,Numbers / Symbols,Antisemitism,Illinois,2024,3,2024-03,1
71239,2024-03-26,Slogans / Code words,Antisemitism,New Jersey,2024,3,2024-03,1
71241,2024-02-29,Numbers / Symbols,Antisemitism,Maryland,2024,2,2024-02,1
71242,2024-03-19,Slogans / Code words,Antisemitism,Maryland,2024,3,2024-03,1
71243,2024-04-12,Numbers / Symbols,Antisemitism,Maryland,2024,4,2024-04,2
71244,2024-05-02,Slogans / Code words,Antisemitism,Maryland,2024,5,2024-05,2
71245,2024-05-15,Numbers / Symbols,Antisemitism,Maryland,2024,5,2024-05,2
71246,2024-09-18,Numbers / Symbols,Antisemitism,Maryland,2024,9,2024-09,3
71247,2024-12-19,Numbers / Symbols,Antisemitism,Maryland,2024,12,2024-12,4
71248,2024-12-13,Numbers / Symbols,Antisemitism,Maryland,2024,12,2024-12,4
71249,2024-10-24,Key Concepts / Definitions,Antisemitism,Maryland,2024,10,2024-10,4
71250,2024-08-26,Incidents / Events,Antisemitism,Maryland,2024,8,2024-08,3
71251,2024-08-19,Slogans / Code words,Antisemitism,Maryland,2024,8,2024-08,3
71252,2024-08-12,Incidents / Events,Antisemitism,Maryland,2024,8,2024-08,3
71253,2024-08-11,Slogans / Code words,Antisemitism,Maryland,2024,8,2024-08,3
71254,2024-05-09,Numbers / Symbols,Antisemitism,Maryland,2024,5,2024-05,2
71255,2024-04-15,Key Concepts / Definitions,Antisemitism,Maryland,2024,4,2024-04,2
71256,2024-04-14,Numbers / Symbols,Antisemitism,Maryland,2024,4,2024-04,2
71257,2024-04-12,Numbers / Symbols,Antisemitism,Maryland,2024,4,2024-04,2
71258,2024-04-12,Numbers / Symbols,Antisemitism,Maryland,2024,4,2024-04,2
71259,2024-03-19,Numbers / Symbols,Antisemitism,Maryland,2024,3,2024-03,1
71260,2024-03-19,Key Concepts / Definitions,Antisemitism,Maryland,2024,3,2024-03,1
71261,2024-03-14,Groups / Movements,Antisemitism,Maryland,2024,3,2024-03,1
71262,2024-10-07,Groups / Movements,Antisemitism,Virginia,2024,10,2024-10,4
71263,2024-04-11,Numbers / Symbols,Antisemitism,Maryland,2024,4,2024-04,2
71264,2024-04-28,People,Antisemitism,North Carolina,2024,4,2024-04,2
71265,2024-05-25,Slogans / Code words,Antisemitism,Maryland,2024,5,2024-05,2
71266,2024-05-30,Slogans / Code words,Antisemitism,Maryland,2024,5,2024-05,2
71267,2024-07-31,Key Concepts / Definitions,Antisemitism,Maryland,2024,7,2024-07,3
71268,2024-12-18,Key Concepts / Definitions,Antisemitism,Maryland,2024,12,2024-12,4
71269,2024-01-02,Incidents / Events,Antisemitism,North Carolina,2024,1,2024-01,1
71270,2024-03-31,Slogans / Code words,Antisemitism,Virginia,2024,3,2024-03,1
71271,2024-04-02,Slogans / Code words,Antisemitism,Virginia,2024,4,2024-04,2
71272,2024-04-08,Slogans / Code words,Antisemitism,Virginia,2024,4,2024-04,2
71273,2024-06-16,Numbers / Symbols,Antisemitism,Virginia,2024,6,2024-06,2
71274,2024-08-22,Incidents / Events,Antisemitism,Virginia,2024,8,2024-08,3
71275,2024-10-14,Slogans / Code words,Antisemitism,North Carolina,2024,10,2024-10,4
71276,2024-10-09,Numbers / Symbols,Antisemitism,Maryland,2024,10,2024-10,4
71277,2024-10-02,Numbers / Symbols,Antisemitism,Maryland,2024,10,2024-10,4
71278,2024-10-01,Numbers / Symbols,Antisemitism,Maryland,2024,10,2024-10,4
71279,2024-09-24,Numbers / Symbols,Antisemitism,Maryland,2024,9,2024-09,3
71280,2024-09-23,Platforms / Sites,Antisemitism,Maryland,2024,9,2024-09,3
71281,2024-09-19,Key Concepts / Definitions,Antisemitism,Maryland,2024,9,2024-09,3
71282,2024-12-18,Numbers / Symbols,Antisemitism,Virginia,2024,12,2024-12,4
71283,2024-05-22,Groups / Movements,Antisemitism,Maryland,2024,5,2024-05,2
71285,2024-01-04,Groups / Movements,Antisemitism,Maryland,2024,1,2024-01,1
71286,2024-12-26,People,Antisemitism,Maryland,2024,12,2024-12,4
71287,2024-12-31,Numbers / Symbols,Antisemitism,Maryland,2024,12,2024-12,4
71288,2024-11-01,Slogans / Code words,Antisemitism,Virginia,2024,11,2024-11,4
71289,2024-11-08,Numbers / Symbols,Antisemitism,Virginia,2024,11,2024-11,4
71290,2024-04-10,Numbers / Symbols,Antisemitism,Virginia,2024,4,2024-04,2
71291,2024-04-10,Slogans / Code words,Antisemitism,Virginia,2024,4,2024-04,2
71292,2024-09-25,Numbers / Symbols,Antisemitism,Virginia,2024,9,2024-09,3
71293,2024-11-13,Numbers / Symbols,Antisemitism,Virginia,2024,11,2024-11,4
71294,2024-05-08,Numbers / Symbols,Antisemitism,Virginia,2024,5,2024-05,2
71295,2024-05-08,Incidents / Events,Antisemitism,Virginia,2024,5,2024-05,2
71296,2024-05-16,Numbers / Symbols,Antisemitism,Virginia,2024,5,2024-05,2
71297,2024-06-04,Numbers / Symbols,Antisemitism,Virginia,2024,6,2024-06,2
71298,2024-09-03,Numbers / Symbols,Antisemitism,Virginia,2024,9,2024-09,3
71299,2024-09-04,Numbers / Symbols,Antisemitism,Virginia,2024,9,2024-09,3
71300,2024-09-11,Numbers / Symbols,Antisemitism,Virginia,2024,9,2024-09,3
71301,2024-09-13,Numbers / Symbols,Antisemitism,Virginia,2024,9,2024-09,3
71302,2024-09-30,Numbers / Symbols,Antisemitism,Virginia,2024,9,2024-09,3
71303,2024-01-15,Numbers / Symbols,Antisemitism,North Carolina,2024,1,2024-01,1
71304,2024-01-29,Groups / Movements,Antisemitism,Maryland,2024,1,2024-01,1
71305,2024-01-11,Numbers / Symbols,Antisemitism,Maryland,2024,1,2024-01,1
71306,2024-02-01,Numbers / Symbols,Antisemitism,Maryland,2024,2,2024-02,1
71307,2024-03-31,Numbers / Symbols,Antisemitism,Maryland,2024,3,2024-03,1
71308,2024-10-07,Publications,Antisemitism,Washington D.C.,2024,10,2024-10,4
71309,2024-11-08,Key Concepts / Definitions,Antisemitism,Washington D.C.,2024,11,2024-11,4
71310,2024-02-02,Key Concepts / Definitions,Antisemitism,North Carolina,2024,2,2024-02,1
71311,2024-04-22,Groups / Movements,Antisemitism,North Carolina,2024,4,2024-04,2
71312,2024-12-11,Key Concepts / Definitions,Antisemitism,Maryland,2024,12,2024-12,4
71313,2024-10-20,Slogans / Code words,Antisemitism,Maryland,2024,10,2024-10,4
71314,2024-10-08,Key Concepts / Definitions,Antisemitism,Maryland,2024,10,2024-10,4
71315,2024-01-11,Numbers / Symbols,Antisemitism,Maryland,2024,1,2024-01,1
71316,2024-01-10,People,Antisemitism,Maryland,2024,1,2024-01,1
71317,2024-01-03,Numbers / Symbols,Antisemitism,Maryland,2024,1,2024-01,1
71318,2024-01-02,Numbers / Symbols,Antisemitism,Virginia,2024,1,2024-01,1
71319,2024-02-20,People,Antisemitism,Virginia,2024,2,2024-02,1
71320,2024-03-01,Numbers / Symbols,Antisemitism,Virginia,2024,3,2024-03,1
71322,2024-04-25,Slogans / Code words,Antisemitism,Virginia,2024,4,2024-04,2
71323,2024-04-30,Slogans / Code words,Antisemitism,Virginia,2024,4,2024-04,2
71324,2024-12-05,Key Concepts / Definitions,Antisemitism,Washington D.C.,2024,12,2024-12,4
71325,2024-03-12,Numbers / Symbols,Antisemitism,Maryland,2024,3,2024-03,1
71326,2024-03-04,Numbers / Symbols,Antisemitism,Maryland,2024,3,2024-03,1
71327,2024-03-01,Key Concepts / Definitions,Antisemitism,Maryland,2024,3,2024-03,1
71328,2024-02-29,Key Concepts / Definitions,Antisemitism,Maryland,2024,2,2024-02,1
71329,2024-02-27,Numbers / Symbols,Antisemitism,Maryland,2024,2,2024-02,1
71330,2024-02-20,Numbers / Symbols,Antisemitism,Maryland,2024,2,2024-02,1
71331,2024-02-15,Key Concepts / Definitions,Antisemitism,Maryland,2024,2,2024-02,1
71332,2024-05-20,Key Concepts / Definitions,Antisemitism,Maryland,2024,5,2024-05,2
71333,2024-05-20,Key Concepts / Definitions,Antisemitism,Maryland,2024,5,2024-05,2
71334,2024-05-16,Key Concepts / Definitions,Antisemitism,Maryland,2024,5,2024-05,2
71335,2024-05-15,Numbers / Symbols,Antisemitism,Maryland,2024,5,2024-05,2
71336,2024-05-15,Key Concepts / Definitions,Antisemitism,Maryland,2024,5,2024-05,2
71337,2024-05-09,Numbers / Symbols,Antisemitism,Maryland,2024,5,2024-05,2
71338,2024-05-08,Incidents / Events,Antisemitism,Maryland,2024,5,2024-05,2
71339,2024-05-07,Key Concepts / Definitions,Antisemitism,Maryland,2024,5,2024-05,2
71340,2024-05-07,Numbers / Symbols,Antisemitism,Maryland,2024,5,2024-05,2
71341,2024-05-03,Key Concepts / Definitions,Antisemitism,Maryland,2024,5,2024-05,2
71342,2024-04-30,Numbers / Symbols,Antisemitism,Maryland,2024,4,2024-04,2
71343,2024-04-30,Numbers / Symbols,Antisemitism,Maryland,2024,4,2024-04,2
71344,2024-04-30,Numbers / Symbols,Antisemitism,Maryland,2024,4,2024-04,2
71346,2024-04-17,Numbers / Symbols,Antisemitism,Maryland,2024,4,2024-04,2
71347,2024-12-13,Numbers / Symbols,Antisemitism,Maryland,2024,12,2024-12,4
71348,2024-12-11,Numbers / Symbols,Antisemitism,Maryland,2024,12,2024-12,4
71349,2024-11-11,Numbers / Symbols,Antisemitism,Maryland,2024,11,2024-11,4
71350,2024-11-07,Numbers / Symbols,Antisemitism,Maryland,2024,11,2024-11,4
71351,2024-10-30,Numbers / Symbols,Antisemitism,Maryland,2024,10,2024-10,4
71352,2024-10-24,Groups / Movements,Antisemitism,Maryland,2024,10,2024-10,4
71353,2024-10-21,"People, Incidents / Events",Antisemitism,Maryland,2024,10,2024-10,4
71354,2024-02-29,People,Antisemitism,Maryland,2024,2,2024-02,1
71355,2024-01-12,Publications,Antisemitism,Maryland,2024,1,2024-01,1
71356,2024-04-16,Slogans / Code words,Antisemitism,Maryland,2024,4,2024-04,2
71357,2024-06-24,Slogans / Code words,Antisemitism,Virginia,2024,6,2024-06,2
71358,2024-06-25,Numbers / Symbols,Antisemitism,Virginia,2024,6,2024-06,2
71359,2024-12-18,Key Concepts / Definitions,Antisemitism,Maryland,2024,12,2024-12,4
71360,2024-12-15,Key Concepts / Definitions,Antisemitism,Maryland,2024,12,2024-12,4
71361,2024-05-31,Numbers / Symbols,Antisemitism,Maryland,2024,5,2024-05,2
71362,2024-07-14,Numbers / Symbols,Antisemitism,Texas,2024,7,2024-07,3
71363,2024-10-03,People,Antisemitism,Texas,2024,10,2024-10,4
71364,2024-01-01,Slogans / Code words,Antisemitism,Virginia,2024,1,2024-01,1
71365,2024-03-09,Incidents / Events,Antisemitism,Virginia,2024,3,2024-03,1
71366,2024-03-11,Slogans / Code words,Antisemitism,Virginia,2024,3,2024-03,1
71367,2024-03-16,Slogans / Code words,Antisemitism,Virginia,2024,3,2024-03,1
71368,2024-03-25,Slogans / Code words,Antisemitism,Virginia,2024,3,2024-03,1
71369,2024-03-26,Slogans / Code words,Antisemitism,Virginia,2024,3,2024-03,1
71370,2024-03-31,Slogans / Code words,Antisemitism,Virginia,2024,3,2024-03,1
71371,2024-05-17,Groups / Movements,Antisemitism,North Carolina,2024,5,2024-05,2
71372,2024-01-19,Slogans / Code words,Antisemitism,Virginia,2024,1,2024-01,1
71373,2024-04-20,Slogans / Code words,Antisemitism,Virginia,2024,4,2024-04,2
71374,2024-07-29,Slogans / Code words,Antisemitism,Virginia,2024,7,2024-07,3
71375,2024-06-05,"Key Concepts / Definitions, Tactics",Antisemitism,Maryland,2024,6,2024-06,2
71376,2024-04-26,Slogans / Code words,Antisemitism,Maryland,2024,4,2024-04,2
71377,2024-04-03,Incidents / Events,Antisemitism,Maryland,2024,4,2024-04,2
71378,2024-06-21,Numbers / Symbols,Antisemitism,Virginia,2024,6,2024-06,2
71379,2024-04-08,Slogans / Code words,Antisemitism,Maryland,2024,4,2024-04,2
71380,2024-05-20,Slogans / Code words,Antisemitism,Maryland,2024,5,2024-05,2
71381,2024-12-25,Slogans / Code words,Antisemitism,Maryland,2024,12,2024-12,4
71382,2024-06-25,Numbers / Symbols,Antisemitism,Maryland,2024,6,2024-06,2
71383,2024-12-13,Slogans / Code words,Antisemitism,Virginia,2024,12,2024-12,4
71384,2024-12-17,Numbers / Symbols,Antisemitism,Virginia,2024,12,2024-12,4
71385,2024-04-29,Numbers / Symbols,Antisemitism,Virginia,2024,4,2024-04,2
71386,2024-05-20,Numbers / Symbols,Antisemitism,Virginia,2024,5,2024-05,2
71387,2024-09-05,Numbers / Symbols,Antisemitism,Virginia,2024,9,2024-09,3
71388,2024-09-10,Numbers / Symbols,Antisemitism,Virginia,2024,9,2024-09,3
71389,2024-10-02,Incidents / Events,Antisemitism,Maryland,2024,10,2024-10,4
71390,2024-09-03,Numbers / Symbols,Antisemitism,Maryland,2024,9,2024-09,3
71391,2024-08-13,Incidents / Events,Antisemitism,Maryland,2024,8,2024-08,3
71392,2024-06-02,Numbers / Symbols,Antisemitism,Maryland,2024,6,2024-06,2
71393,2024-04-21,Incidents / Events,Antisemitism,Maryland,2024,4,2024-04,2
71394,2024-02-19,Key Concepts / Definitions,Antisemitism,Maryland,2024,2,2024-02,1
71395,2024-02-14,Numbers / Symbols,Antisemitism,Maryland,2024,2,2024-02,1
71396,2024-08-18,Key Concepts / Definitions,Antisemitism,Maryland,2024,8,2024-08,3
71397,2024-07-19,Numbers / Symbols,Antisemitism,Maryland,2024,7,2024-07,3
71398,2024-06-13,Numbers / Symbols,Antisemitism,Maryland,2024,6,2024-06,2
71399,2024-06-12,Numbers / Symbols,Antisemitism,Maryland,2024,6,2024-06,2
71400,2024-06-11,Numbers / Symbols,Antisemitism,Maryland,2024,6,2024-06,2
71401,2024-06-08,Incidents / Events,Antisemitism,Maryland,2024,6,2024-06,2
71402,2024-05-31,Numbers / Symbols,Antisemitism,Maryland,2024,5,2024-05,2
71403,2024-05-22,Key Concepts / Definitions,Antisemitism,Maryland,2024,5,2024-05,2
71404,2024-05-21,Numbers / Symbols,Antisemitism,Maryland,2024,5,2024-05,2
71405,2024-12-10,Incidents / Events,Antisemitism,Virginia,2024,12,2024-12,4
71406,2024-11-04,Incidents / Events,Antisemitism,Maryland,2024,11,2024-11,4
71407,2024-10-18,Numbers / Symbols,Antisemitism,Maryland,2024,10,2024-10,4
71408,2024-09-25,Key Concepts / Definitions,Antisemitism,Maryland,2024,9,2024-09,3
71409,2024-09-03,Incidents / Events,Antisemitism,Maryland,2024,9,2024-09,3
71410,2024-06-10,Key Concepts / Definitions,Antisemitism,Maryland,2024,6,2024-06,2
71411,2024-02-09,Numbers / Symbols,Antisemitism,Maryland,2024,2,2024-02,1
71412,2024-02-02,Numbers / Symbols,Antisemitism,Maryland,2024,2,2024-02,1
71413,2024-02-02,Key Concepts / Definitions,Antisemitism,Maryland,2024,2,2024-02,1
71414,2024-01-26,People,Antisemitism,Maryland,2024,1,2024-01,1
71415,2024-01-11,Key Concepts / Definitions,Antisemitism,Maryland,2024,1,2024-01,1
71416,2024-01-11,Numbers / Symbols,Antisemitism,Maryland,2024,1,2024-01,1
71417,2024-05-20,Key Concepts / Definitions,Antisemitism,Texas,2024,5,2024-05,2
71418,2024-03-20,Key Concepts / Definitions,Antisemitism,Maryland,2024,3,2024-03,1
71419,2024-09-01,Slogans / Code words,Antisemitism,Virginia,2024,9,2024-09,3
71420,2024-10-07,Key Concepts / Definitions,Antisemitism,Virginia,2024,10,2024-10,4
71421,2024-11-07,Slogans / Code words,Antisemitism,Virginia,2024,11,2024-11,4
71422,2024-08-07,People,Antisemitism,Maryland,2024,8,2024-08,3
71423,2024-07-23,Slogans / Code words,Antisemitism,Maryland,2024,7,2024-07,3
71424,2024-07-03,People,Antisemitism,Maryland,2024,7,2024-07,3
71425,2024-06-24,Slogans / Code words,Antisemitism,Maryland,2024,6,2024-06,2
71426,2024-05-23,Key Concepts / Definitions,Antisemitism,Maryland,2024,5,2024-05,2
71427,2024-09-17,Numbers / Symbols,Antisemitism,Maryland,2024,9,2024-09,3
71428,2024-09-10,Numbers / Symbols,Antisemitism,Maryland,2024,9,2024-09,3
71429,2024-08-28,Numbers / Symbols,Antisemitism,Maryland,2024,8,2024-08,3
71430,2024-08-21,Numbers / Symbols,Antisemitism,Maryland,2024,8,2024-08,3
71431,2024-08-21,Key Concepts / Definitions,Antisemitism,Maryland,2024,8,2024-08,3
71432,2024-08-19,Numbers / Symbols,Antisemitism,Maryland,2024,8,2024-08,3
71433,2024-08-19,Incidents / Events,Antisemitism,Maryland,2024,8,2024-08,3
71434,2024-08-18,Incidents / Events,Antisemitism,Maryland,2024,8,2024-08,3
71435,2024-02-19,Slogans / Code words,Antisemitism,Florida,2024,2,2024-02,1
71436,2024-10-01,Numbers / Symbols,Antisemitism,California,2024,10,2024-10,4
71437,2024-12-11,Key Concepts / Definitions,Antisemitism,California,2024,12,2024-12,4
71438,2024-10-28,Numbers / Symbols,Antisemitism,New York,2024,10,2024-10,4
71439,2024-10-28,Incidents / Events,Antisemitism,New York,2024,10,2024-10,4
71440,2024-10-04,Incidents / Events,Antisemitism,New York,2024,10,2024-10,4
71441,2024-10-04,Incidents / Events,Antisemitism,New York,2024,10,2024-10,4
71442,2024-09-11,Numbers / Symbols,Antisemitism,New York,2024,9,2024-09,3
71443,2024-09-03,Slogans / Code words,Antisemitism,New York,2024,9,2024-09,3
71444,2024-09-08,Groups / Movements,Antisemitism,New York,2024,9,2024-09,3
71445,2024-11-08,Incidents / Events,Antisemitism,New York,2024,11,2024-11,4
71446,2024-11-04,Numbers / Symbols,Antisemitism,New York,2024,11,2024-11,4
71447,2024-11-04,Groups / Movements,Antisemitism,New York,2024,11,2024-11,4
71448,2024-10-31,Numbers / Symbols,Antisemitism,New York,2024,10,2024-10,4
71449,2024-10-31,People,Antisemitism,New York,2024,10,2024-10,4
71450,2024-10-31,Numbers / Symbols,Antisemitism,New York,2024,10,2024-10,4
71451,2024-10-29,Numbers / Symbols,Antisemitism,New York,2024,10,2024-10,4
71452,2024-10-29,Numbers / Symbols,Antisemitism,New York,2024,10,2024-10,4
71453,2024-10-25,Incidents / Events,Antisemitism,New York,2024,10,2024-10,4
71454,2024-12-16,People,Antisemitism,New York,2024,12,2024-12,4
71455,2024-12-12,Numbers / Symbols,Antisemitism,New York,2024,12,2024-12,4
71456,2024-12-12,Incidents / Events,Antisemitism,New York,2024,12,2024-12,4
71457,2024-12-10,Publications,Antisemitism,New York,2024,12,2024-12,4
71458,2024-12-10,Incidents / Events,Antisemitism,New York,2024,12,2024-12,4
71459,2024-10-07,Slogans / Code words,Antisemitism,New York,2024,10,2024-10,4
71460,2024-10-09,Slogans / Code words,Antisemitism,New York,2024,10,2024-10,4
71461,2024-10-09,Incidents / Events,Antisemitism,New York,2024,10,2024-10,4
71462,2024-10-15,Slogans / Code words,Antisemitism,New York,2024,10,2024-10,4
71463,2024-10-16,Numbers / Symbols,Antisemitism,New York,2024,10,2024-10,4
71464,2024-10-23,Incidents / Events,Antisemitism,New York,2024,10,2024-10,4
71465,2024-10-21,Numbers / Symbols,Antisemitism,New York,2024,10,2024-10,4
71466,2024-10-15,Numbers / Symbols,Antisemitism,New York,2024,10,2024-10,4
71467,2024-10-15,Numbers / Symbols,Antisemitism,New York,2024,10,2024-10,4
71468,2024-10-14,Slogans / Code words,Antisemitism,New York,2024,10,2024-10,4
71469,2024-10-12,Slogans / Code words,Antisemitism,New York,2024,10,2024-10,4
71470,2024-10-11,Numbers / Symbols,Antisemitism,New York,2024,10,2024-10,4
71471,2024-10-10,Numbers / Symbols,Antisemitism,New York,2024,10,2024-10,4
71472,2024-09-09,Numbers / Symbols,Antisemitism,New York,2024,9,2024-09,3
71473,2024-10-02,People,Antisemitism,New York,2024,10,2024-10,4
71474,2024-10-15,Key Concepts / Definitions,Antisemitism,New York,2024,10,2024-10,4
71475,2024-10-09,Numbers / Symbols,Antisemitism,New York,2024,10,2024-10,4
71476,2024-10-14,Key Concepts / Definitions,Antisemitism,New York,2024,10,2024-10,4
71477,2024-10-29,Numbers / Symbols,Antisemitism,New York,2024,10,2024-10,4
71478,2024-10-09,Numbers / Symbols,Antisemitism,New York,2024,10,2024-10,4
71479,2024-10-08,Numbers / Symbols,Antisemitism,New York,2024,10,2024-10,4
71480,2024-10-08,Numbers / Symbols,Antisemitism,New York,2024,10,2024-10,4
71481,2024-10-06,Numbers / Symbols,Antisemitism,New York,2024,10,2024-10,4
71482,2024-10-05,People,Antisemitism,New York,2024,10,2024-10,4
71483,2024-09-20,Numbers / Symbols,Antisemitism,New York,2024,9,2024-09,3
71484,2024-10-15,Incidents / Events,Antisemitism,New York,2024,10,2024-10,4
71485,2024-12-10,Numbers / Symbols,Antisemitism,New York,2024,12,2024-12,4
71486,2024-12-04,Numbers / Symbols,Antisemitism,New York,2024,12,2024-12,4
71487,2024-12-03,Numbers / Symbols,Antisemitism,New York,2024,12,2024-12,4
71488,2024-12-02,Key Concepts / Definitions,Antisemitism,New York,2024,12,2024-12,4
71489,2024-11-25,Incidents / Events,Antisemitism,New York,2024,11,2024-11,4
71490,2024-11-24,Incidents / Events,Antisemitism,New York,2024,11,2024-11,4
71491,2024-11-20,Incidents / Events,Antisemitism,New York,2024,11,2024-11,4
71492,2024-11-20,Numbers / Symbols,Antisemitism,New York,2024,11,2024-11,4
71493,2024-11-19,Numbers / Symbols,Antisemitism,New York,2024,11,2024-11,4
71494,2024-12-31,Key Concepts / Definitions,Antisemitism,New York,2024,12,2024-12,4
71495,2024-12-31,Incidents / Events,Antisemitism,New York,2024,12,2024-12,4
71496,2024-12-31,Key Concepts / Definitions,Antisemitism,New York,2024,12,2024-12,4
71497,2024-12-27,Numbers / Symbols,Antisemitism,New York,2024,12,2024-12,4
71498,2024-12-23,Numbers / Symbols,Antisemitism,New York,2024,12,2024-12,4
71499,2024-11-18,Numbers / Symbols,Antisemitism,New York,2024,11,2024-11,4
71500,2024-11-17,People,Antisemitism,New York,2024,11,2024-11,4
71501,2024-11-16,Numbers / Symbols,Antisemitism,New York,2024,11,2024-11,4
71502,2024-11-14,Publications,Antisemitism,New York,2024,11,2024-11,4
71503,2024-11-09,Numbers / Symbols,Antisemitism,New York,2024,11,2024-11,4
71504,2024-11-08,Numbers / Symbols,Antisemitism,New York,2024,11,2024-11,4
71505,2024-11-08,Numbers / Symbols,Antisemitism,New York,2024,11,2024-11,4
71506,2024-09-18,Numbers / Symbols,Antisemitism,New York,2024,9,2024-09,3
71507,2024-10-17,Numbers / Symbols,Antisemitism,New York,2024,10,2024-10,4
71508,2024-10-23,Groups / Movements,Antisemitism,New York,2024,10,2024-10,4
71509,2024-10-27,Numbers / Symbols,Antisemitism,New York,2024,10,2024-10,4
71510,2024-10-06,Publications,Antisemitism,New York,2024,10,2024-10,4
71511,2024-10-17,Incidents / Events,Antisemitism,New York,2024,10,2024-10,4
71512,2024-10-19,People,Antisemitism,New York,2024,10,2024-10,4
71513,2024-10-23,Incidents / Events,Antisemitism,New York,2024,10,2024-10,4
71514,2024-10-24,Incidents / Events,Antisemitism,New York,2024,10,2024-10,4
71515,2024-10-12,Key Concepts / Definitions,Antisemitism,New York,2024,10,2024-10,4
71516,2024-10-03,Slogans / Code words,Antisemitism,New York,2024,10,2024-10,4
71517,2024-10-07,Numbers / Symbols,Antisemitism,New York,2024,10,2024-10,4
71518,2024-10-07,Slogans / Code words,Antisemitism,New York,2024,10,2024-10,4
71519,2024-12-11,Numbers / Symbols,Antisemitism,New York,2024,12,2024-12,4
71520,2024-12-03,Numbers / Symbols,Antisemitism,New York,2024,12,2024-12,4
71521,2024-10-29,Numbers / Symbols,Antisemitism,New York,2024,10,2024-10,4
71522,2024-10-28,Groups / Movements,Antisemitism,New York,2024,10,2024-10,4
71523,2024-10-25,Slogans / Code words,Antisemitism,New York,2024,10,2024-10,4
71524,2024-12-12,Numbers / Symbols,Antisemitism,New York,2024,12,2024-12,4
71525,2024-12-16,Numbers / Symbols,Antisemitism,New York,2024,12,2024-12,4
71526,2024-09-19,Numbers / Symbols,Antisemitism,California,2024,9,2024-09,3
71527,2024-05-10,Conspiracy Theories,Antisemitism,California,2024,5,2024-05,2
71528,2024-07-06,Slogans / Code words,Antisemitism,California,2024,7,2024-07,3
71529,2024-08-09,Slogans / Code words,Antisemitism,California,2024,8,2024-08,3
71530,2024-09-14,Numbers / Symbols,Antisemitism,California,2024,9,2024-09,3
71531,2024-05-10,Numbers / Symbols,Antisemitism,California,2024,5,2024-05,2
71532,2024-08-10,Numbers / Symbols,Antisemitism,California,2024,8,2024-08,3
71533,2024-09-24,Incidents / Events,Antisemitism,California,2024,9,2024-09,3
71534,2024-05-25,Slogans / Code words,Antisemitism,California,2024,5,2024-05,2
71535,2024-01-09,Slogans / Code words,Antisemitism,California,2024,1,2024-01,1
71536,2024-01-27,Key Concepts / Definitions,Antisemitism,California,2024,1,2024-01,1
71537,2024-02-13,Slogans / Code words,Antisemitism,California,2024,2,2024-02,1
71538,2024-03-06,Key Concepts / Definitions,Antisemitism,California,2024,3,2024-03,1
71539,2024-07-08,Numbers / Symbols,Antisemitism,California,2024,7,2024-07,3
71540,2024-07-13,Groups / Movements,Antisemitism,Tennessee,2024,7,2024-07,3
71541,2024-04-24,Slogans / Code words,Antisemitism,Texas,2024,4,2024-04,2
71542,2024-08-07,Key Concepts / Definitions,Antisemitism,California,2024,8,2024-08,3
71543,2024-11-03,Slogans / Code words,Antisemitism,California,2024,11,2024-11,4
71544,2024-04-30,Key Concepts / Definitions,Antisemitism,Vermont,2024,4,2024-04,2
71545,2024-04-15,Slogans / Code words,Antisemitism,Vermont,2024,4,2024-04,2
71546,2024-10-07,Numbers / Symbols,Antisemitism,Nebraska,2024,10,2024-10,4
71547,2024-06-30,Groups / Movements,Antisemitism,New York,2024,6,2024-06,2
71548,2024-08-04,Numbers / Symbols,Antisemitism,New York,2024,8,2024-08,3
71549,2024-08-28,Numbers / Symbols,Antisemitism,New York,2024,8,2024-08,3
71550,2024-09-03,Numbers / Symbols,Antisemitism,New York,2024,9,2024-09,3
71551,2024-11-03,Numbers / Symbols,Antisemitism,New York,2024,11,2024-11,4
71552,2024-04-06,Numbers / Symbols,Antisemitism,New York,2024,4,2024-04,2
71553,2024-05-04,Numbers / Symbols,Antisemitism,New York,2024,5,2024-05,2
71554,2024-06-19,Numbers / Symbols,Antisemitism,New York,2024,6,2024-06,2
71555,2024-02-25,Incidents / Events,Antisemitism,Hawaii,2024,2,2024-02,1
71556,2024-08-21,People,Antisemitism,Hawaii,2024,8,2024-08,3
71557,2024-11-11,People,Antisemitism,Hawaii,2024,11,2024-11,4
71558,2024-03-11,Slogans / Code words,Antisemitism,Connecticut,2024,3,2024-03,1
71559,2024-11-04,Numbers / Symbols,Antisemitism,New York,2024,11,2024-11,4
71560,2024-12-28,Key Concepts / Definitions,Antisemitism,New York,2024,12,2024-12,4
71561,2024-06-13,Numbers / Symbols,Antisemitism,New York,2024,6,2024-06,2
71562,2024-06-27,People,Antisemitism,New York,2024,6,2024-06,2
71563,2024-08-24,Incidents / Events,Antisemitism,New York,2024,8,2024-08,3
71564,2024-09-03,Numbers / Symbols,Antisemitism,New York,2024,9,2024-09,3
71565,2024-09-06,Numbers / Symbols,Antisemitism,New York,2024,9,2024-09,3
71566,2024-09-10,Slogans / Code words,Antisemitism,New York,2024,9,2024-09,3
71568,2024-10-27,Key Concepts / Definitions,Antisemitism,New York,2024,10,2024-10,4
71569,2024-01-13,Slogans / Code words,Antisemitism,New York,2024,1,2024-01,1
71570,2024-01-25,Numbers / Symbols,Antisemitism,New York,2024,1,2024-01,1
71571,2024-04-18,Incidents / Events,Antisemitism,New York,2024,4,2024-04,2
71572,2024-04-11,Numbers / Symbols,Antisemitism,New York,2024,4,2024-04,2
71573,2024-04-20,Slogans / Code words,Antisemitism,New York,2024,4,2024-04,2
71574,2024-04-26,Numbers / Symbols,Antisemitism,New York,2024,4,2024-04,2
71575,2024-04-28,Incidents / Events,Antisemitism,New York,2024,4,2024-04,2
71576,2024-05-21,Numbers / Symbols,Antisemitism,New York,2024,5,2024-05,2
71577,2024-10-24,Groups / Movements,Antisemitism,New York,2024,10,2024-10,4
71578,2024-02-11,Slogans / Code words,Antisemitism,New York,2024,2,2024-02,1
71579,2024-02-11,Groups / Movements,Antisemitism,North Carolina,2024,2,2024-02,1
71580,2024-02-11,Slogans / Code words,Antisemitism,Oregon,2024,2,2024-02,1
71581,2024-05-06,Slogans / Code words,Antisemitism,California,2024,5,2024-05,2
71582,2024-02-12,Slogans / Code words,Antisemitism,Arizona,2024,2,2024-02,1
71583,2024-02-12,Groups / Movements,Antisemitism,Arizona,2024,2,2024-02,1
71584,2024-06-16,Slogans / Code words,Antisemitism,California,2024,6,2024-06,2
71585,2024-05-29,Slogans / Code words,Antisemitism,California,2024,5,2024-05,2
71586,2024-02-12,Slogans / Code words,Antisemitism,Colorado,2024,2,2024-02,1
71587,2024-02-12,Groups / Movements,Antisemitism,Connecticut,2024,2,2024-02,1
71588,2024-11-21,Numbers / Symbols,Antisemitism,California,2024,11,2024-11,4
71589,2024-02-25,Numbers / Symbols,Antisemitism,Florida,2024,2,2024-02,1
71590,2024-12-28,Groups / Movements,Antisemitism,California,2024,12,2024-12,4
71591,2024-02-25,Slogans / Code words,Antisemitism,Missouri,2024,2,2024-02,1
71592,2024-02-25,Slogans / Code words,Antisemitism,New Jersey,2024,2,2024-02,1
71593,2024-02-25,Slogans / Code words,Antisemitism,New York,2024,2,2024-02,1
71594,2024-02-25,Slogans / Code words,Antisemitism,Ohio,2024,2,2024-02,1
71595,2024-02-25,Slogans / Code words,Antisemitism,Ohio,2024,2,2024-02,1
71596,2024-10-08,Groups / Movements,Antisemitism,California,2024,10,2024-10,4
71597,2024-02-26,Slogans / Code words,Antisemitism,Connecticut,2024,2,2024-02,1
71598,2024-03-25,Slogans / Code words,Antisemitism,North Carolina,2024,3,2024-03,1
71599,2024-02-13,Groups / Movements,Antisemitism,California,2024,2,2024-02,1
71600,2024-03-26,Slogans / Code words,Antisemitism,Indiana,2024,3,2024-03,1
71601,2024-03-26,Slogans / Code words,Antisemitism,Massachusetts,2024,3,2024-03,1
71602,2024-03-26,Slogans / Code words,Antisemitism,Massachusetts,2024,3,2024-03,1
71603,2024-03-26,Slogans / Code words,Antisemitism,New York,2024,3,2024-03,1
71604,2024-03-26,Slogans / Code words,Antisemitism,New York,2024,3,2024-03,1
71605,2024-03-26,Slogans / Code words,Antisemitism,North Carolina,2024,3,2024-03,1
71606,2024-03-27,Slogans / Code words,Antisemitism,Alabama,2024,3,2024-03,1
71607,2024-02-14,Slogans / Code words,Antisemitism,California,2024,2,2024-02,1
71608,2024-05-17,Slogans / Code words,Antisemitism,New York,2024,5,2024-05,2
71609,2024-05-18,Numbers / Symbols,Antisemitism,Alabama,2024,5,2024-05,2
71610,2024-05-18,Slogans / Code words,Antisemitism,Arizona,2024,5,2024-05,2
71611,2024-05-18,Slogans / Code words,Antisemitism,Arizona,2024,5,2024-05,2
71612,2024-10-05,Slogans / Code words,Antisemitism,Hawaii,2024,10,2024-10,4
71613,2024-05-18,People,Antisemitism,Florida,2024,5,2024-05,2
71614,2024-05-18,Slogans / Code words,Antisemitism,Louisiana,2024,5,2024-05,2
71615,2024-05-18,Slogans / Code words,Antisemitism,Massachusetts,2024,5,2024-05,2
71616,2024-05-18,Slogans / Code words,Antisemitism,Michigan,2024,5,2024-05,2
71617,2024-05-18,Numbers / Symbols,Antisemitism,Missouri,2024,5,2024-05,2
71618,2024-03-02,Slogans / Code words,Antisemitism,South Carolina,2024,3,2024-03,1
71619,2024-03-02,Numbers / Symbols,Antisemitism,Tennessee,2024,3,2024-03,1
71620,2024-09-15,Numbers / Symbols,Antisemitism,California,2024,9,2024-09,3
71621,2024-09-18,Slogans / Code words,Antisemitism,California,2024,9,2024-09,3
71622,2024-09-22,Numbers / Symbols,Antisemitism,California,2024,9,2024-09,3
71623,2024-03-02,Groups / Movements,Antisemitism,Utah,2024,3,2024-03,1
71624,2024-03-02,Groups / Movements,Antisemitism,Vermont,2024,3,2024-03,1
71625,2024-03-02,Numbers / Symbols,Antisemitism,Washington,2024,3,2024-03,1
71626,2024-03-02,Numbers / Symbols,Antisemitism,Washington,2024,3,2024-03,1
71627,2024-03-02,Groups / Movements,Antisemitism,Washington,2024,3,2024-03,1
71628,2024-03-31,Slogans / Code words,Antisemitism,California,2024,3,2024-03,1
71629,2024-09-14,Slogans / Code words,Antisemitism,Washington D.C.,2024,9,2024-09,3
71630,2024-02-24,Groups / Movements,Antisemitism,New Jersey,2024,2,2024-02,1
71631,2024-02-18,Slogans / Code words,Antisemitism,California,2024,2,2024-02,1
71632,2024-03-19,Groups / Movements,Antisemitism,New Jersey,2024,3,2024-03,1
71633,2024-03-19,Slogans / Code words,Antisemitism,New York,2024,3,2024-03,1
71634,2024-03-19,Slogans / Code words,Antisemitism,North Carolina,2024,3,2024-03,1
71635,2024-03-19,Slogans / Code words,Antisemitism,Ohio,2024,3,2024-03,1
71636,2024-03-19,Slogans / Code words,Antisemitism,Tennessee,2024,3,2024-03,1
71637,2024-03-19,Slogans / Code words,Antisemitism,Vermont,2024,3,2024-03,1
71638,2024-02-13,Slogans / Code words,Antisemitism,California,2024,2,2024-02,1
71639,2024-02-17,Slogans / Code words,Antisemitism,California,2024,2,2024-02,1
71640,2024-03-21,Slogans / Code words,Antisemitism,Missouri,2024,3,2024-03,1
71641,2024-03-13,Slogans / Code words,Antisemitism,California,2024,3,2024-03,1
71642,2024-02-28,Slogans / Code words,Antisemitism,Minnesota,2024,2,2024-02,1
71643,2024-02-14,Conspiracy Theories,Antisemitism,California,2024,2,2024-02,1
71644,2024-02-29,Slogans / Code words,Antisemitism,New York,2024,2,2024-02,1
71645,2024-04-15,Slogans / Code words,Antisemitism,California,2024,4,2024-04,2
71646,2024-03-01,Groups / Movements,Antisemitism,North Carolina,2024,3,2024-03,1
71647,2024-05-01,Groups / Movements,Antisemitism,California,2024,5,2024-05,2
71648,2024-03-02,Groups / Movements,Antisemitism,Alabama,2024,3,2024-03,1
71649,2024-03-02,Numbers / Symbols,Antisemitism,Arizona,2024,3,2024-03,1
71650,2024-03-02,Slogans / Code words,Antisemitism,Arizona,2024,3,2024-03,1
71651,2024-04-28,Slogans / Code words,Antisemitism,California,2024,4,2024-04,2
71652,2024-03-27,Slogans / Code words,Antisemitism,Indiana,2024,3,2024-03,1
71653,2024-03-27,Numbers / Symbols,Antisemitism,Missouri,2024,3,2024-03,1
71654,2024-03-27,Slogans / Code words,Antisemitism,Nebraska,2024,3,2024-03,1
71655,2024-03-27,Slogans / Code words,Antisemitism,New York,2024,3,2024-03,1
71656,2024-03-27,Slogans / Code words,Antisemitism,Vermont,2024,3,2024-03,1
71657,2024-03-28,Slogans / Code words,Antisemitism,Connecticut,2024,3,2024-03,1
71658,2024-02-19,Slogans / Code words,Antisemitism,California,2024,2,2024-02,1
71659,2024-03-28,Slogans / Code words,Antisemitism,New York,2024,3,2024-03,1
71660,2024-03-28,Slogans / Code words,Antisemitism,New York,2024,3,2024-03,1
71661,2024-03-28,Slogans / Code words,Antisemitism,New York,2024,3,2024-03,1
71662,2024-08-25,Numbers / Symbols,Antisemitism,Texas,2024,8,2024-08,3
71663,2024-11-06,Slogans / Code words,Antisemitism,Georgia,2024,11,2024-11,4
71664,2024-09-01,Slogans / Code words,Antisemitism,Texas,2024,9,2024-09,3
71665,2024-11-06,Slogans / Code words,Antisemitism,Louisiana,2024,11,2024-11,4
71666,2024-11-06,Numbers / Symbols,Antisemitism,Michigan,2024,11,2024-11,4
71667,2024-11-06,Numbers / Symbols,Antisemitism,Minnesota,2024,11,2024-11,4
71668,2024-11-06,Slogans / Code words,Antisemitism,Wisconsin,2024,11,2024-11,4
71669,2024-09-24,Groups / Movements,Antisemitism,Texas,2024,9,2024-09,3
71670,2024-11-07,Slogans / Code words,Antisemitism,New Jersey,2024,11,2024-11,4
71671,2024-09-29,Groups / Movements,Antisemitism,Texas,2024,9,2024-09,3
71672,2024-04-14,Slogans / Code words,Antisemitism,Pennsylvania,2024,4,2024-04,2
71673,2024-05-08,Numbers / Symbols,Antisemitism,Pennsylvania,2024,5,2024-05,2
71674,2024-10-05,Groups / Movements,Antisemitism,Utah,2024,10,2024-10,4
71675,2024-10-05,Slogans / Code words,Antisemitism,Vermont,2024,10,2024-10,4
71676,2024-10-05,Numbers / Symbols,Antisemitism,Washington,2024,10,2024-10,4
71677,2024-10-05,Numbers / Symbols,Antisemitism,Wisconsin,2024,10,2024-10,4
71678,2024-05-11,Numbers / Symbols,Antisemitism,Pennsylvania,2024,5,2024-05,2
71679,2024-06-02,People,Antisemitism,Pennsylvania,2024,6,2024-06,2
71680,2024-06-02,Slogans / Code words,Antisemitism,Pennsylvania,2024,6,2024-06,2
71681,2024-10-06,Slogans / Code words,Antisemitism,Connecticut,2024,10,2024-10,4
71682,2024-06-18,Slogans / Code words,Antisemitism,New Jersey,2024,6,2024-06,2
71683,2024-06-18,Numbers / Symbols,Antisemitism,New York,2024,6,2024-06,2
71684,2024-06-19,Groups / Movements,Antisemitism,Maryland,2024,6,2024-06,2
71685,2024-06-20,Numbers / Symbols,Antisemitism,New York,2024,6,2024-06,2
71686,2024-06-21,Numbers / Symbols,Antisemitism,New York,2024,6,2024-06,2
71687,2024-08-17,Slogans / Code words,Antisemitism,Illinois,2024,8,2024-08,3
71688,2024-06-22,Groups / Movements,Antisemitism,Georgia,2024,6,2024-06,2
71689,2024-06-22,Slogans / Code words,Antisemitism,New York,2024,6,2024-06,2
71690,2024-06-22,Slogans / Code words,Antisemitism,New York,2024,6,2024-06,2
71691,2024-06-23,Slogans / Code words,Antisemitism,Minnesota,2024,6,2024-06,2
71692,2024-05-14,Slogans / Code words,Antisemitism,Illinois,2024,5,2024-05,2
71693,2024-05-22,Slogans / Code words,Antisemitism,Illinois,2024,5,2024-05,2
71694,2024-05-29,Groups / Movements,Antisemitism,Illinois,2024,5,2024-05,2
71695,2024-06-13,Groups / Movements,Antisemitism,New York,2024,6,2024-06,2
71696,2024-06-14,Slogans / Code words,Antisemitism,New York,2024,6,2024-06,2
71697,2024-06-12,Slogans / Code words,Antisemitism,Illinois,2024,6,2024-06,2
71698,2024-06-15,Numbers / Symbols,Antisemitism,North Carolina,2024,6,2024-06,2
71699,2024-08-03,Numbers / Symbols,Antisemitism,Illinois,2024,8,2024-08,3
71700,2024-08-10,Groups / Movements,Antisemitism,Illinois,2024,8,2024-08,3
71701,2024-06-17,Slogans / Code words,Antisemitism,New York,2024,6,2024-06,2
71702,2024-05-12,Slogans / Code words,Antisemitism,North Dakota,2024,5,2024-05,2
71703,2024-05-12,Groups / Movements,Antisemitism,Wisconsin,2024,5,2024-05,2
71704,2024-05-13,Numbers / Symbols,Antisemitism,Michigan,2024,5,2024-05,2
71705,2024-05-13,Slogans / Code words,Antisemitism,Michigan,2024,5,2024-05,2
71706,2024-10-08,Groups / Movements,Antisemitism,Washington D.C.,2024,10,2024-10,4
71707,2024-10-08,Groups / Movements,Antisemitism,Washington D.C.,2024,10,2024-10,4
71708,2024-05-14,Slogans / Code words,Antisemitism,New York,2024,5,2024-05,2
71709,2024-05-14,Groups / Movements,Antisemitism,New York,2024,5,2024-05,2
71710,2024-05-14,Slogans / Code words,Antisemitism,Virginia,2024,5,2024-05,2
71711,2024-05-14,Slogans / Code words,Antisemitism,Virginia,2024,5,2024-05,2
71712,2024-05-28,Slogans / Code words,Antisemitism,Ohio,2024,5,2024-05,2
71713,2024-02-25,Groups / Movements,Antisemitism,Illinois,2024,2,2024-02,1
71714,2024-02-28,Slogans / Code words,Antisemitism,Illinois,2024,2,2024-02,1
71715,2024-03-02,Numbers / Symbols,Antisemitism,Illinois,2024,3,2024-03,1
71716,2024-05-29,Slogans / Code words,Antisemitism,Colorado,2024,5,2024-05,2
71717,2024-05-29,Groups / Movements,Antisemitism,Connecticut,2024,5,2024-05,2
71718,2024-03-04,Slogans / Code words,Antisemitism,Illinois,2024,3,2024-03,1
71719,2024-03-10,Groups / Movements,Antisemitism,Illinois,2024,3,2024-03,1
71720,2024-05-30,Groups / Movements,Antisemitism,Georgia,2024,5,2024-05,2
71721,2024-03-16,Groups / Movements,Antisemitism,Illinois,2024,3,2024-03,1
71722,2024-08-28,Numbers / Symbols,Antisemitism,New York,2024,8,2024-08,3
71723,2024-02-04,Groups / Movements,Antisemitism,Illinois,2024,2,2024-02,1
71724,2024-08-31,Numbers / Symbols,Antisemitism,Michigan,2024,8,2024-08,3
71725,2024-08-31,Groups / Movements,Antisemitism,Missouri,2024,8,2024-08,3
71726,2024-03-09,Groups / Movements,Antisemitism,Illinois,2024,3,2024-03,1
71727,2024-10-05,Groups / Movements,Antisemitism,Illinois,2024,10,2024-10,4
71728,2024-09-02,Numbers / Symbols,Antisemitism,Michigan,2024,9,2024-09,3
71729,2024-09-03,Numbers / Symbols,Antisemitism,Kentucky,2024,9,2024-09,3
71730,2024-09-03,Slogans / Code words,Antisemitism,New York,2024,9,2024-09,3
71731,2024-03-02,Numbers / Symbols,Antisemitism,Illinois,2024,3,2024-03,1
71732,2024-11-03,Slogans / Code words,Antisemitism,Washington D.C.,2024,11,2024-11,4
71733,2024-11-05,Slogans / Code words,Antisemitism,Washington D.C.,2024,11,2024-11,4
71734,2024-05-15,Slogans / Code words,Antisemitism,Florida,2024,5,2024-05,2
71735,2024-05-15,Groups / Movements,Antisemitism,Massachusetts,2024,5,2024-05,2
71736,2024-05-15,Slogans / Code words,Antisemitism,Michigan,2024,5,2024-05,2
71737,2024-05-15,Numbers / Symbols,Antisemitism,Minnesota,2024,5,2024-05,2
71738,2024-05-15,Slogans / Code words,Antisemitism,Nevada,2024,5,2024-05,2
71739,2024-05-15,Slogans / Code words,Antisemitism,New Mexico,2024,5,2024-05,2
71740,2024-05-15,Slogans / Code words,Antisemitism,New York,2024,5,2024-05,2
71741,2024-05-15,People,Antisemitism,New York,2024,5,2024-05,2
71742,2024-05-15,Slogans / Code words,Antisemitism,Ohio,2024,5,2024-05,2
71743,2024-05-15,Groups / Movements,Antisemitism,Ohio,2024,5,2024-05,2
71744,2024-05-15,Numbers / Symbols,Antisemitism,Rhode Island,2024,5,2024-05,2
71745,2024-11-11,Slogans / Code words,Antisemitism,Washington D.C.,2024,11,2024-11,4
71746,2024-05-15,Numbers / Symbols,Antisemitism,Wisconsin,2024,5,2024-05,2
71747,2024-05-15,Groups / Movements,Antisemitism,Wisconsin,2024,5,2024-05,2
71748,2024-05-16,Slogans / Code words,Antisemitism,Michigan,2024,5,2024-05,2
71749,2024-05-16,Groups / Movements,Antisemitism,New Jersey,2024,5,2024-05,2
71750,2024-05-16,Numbers / Symbols,Antisemitism,New York,2024,5,2024-05,2
71751,2024-03-30,Slogans / Code words,Antisemitism,Hawaii,2024,3,2024-03,1
71752,2024-02-07,Slogans / Code words,Antisemitism,Illinois,2024,2,2024-02,1
71753,2024-08-23,Numbers / Symbols,Antisemitism,New York,2024,8,2024-08,3
71754,2024-08-24,Slogans / Code words,Antisemitism,Arkansas,2024,8,2024-08,3
71755,2024-03-10,Slogans / Code words,Antisemitism,Illinois,2024,3,2024-03,1
71756,2024-08-25,Slogans / Code words,Antisemitism,New York,2024,8,2024-08,3
71757,2024-01-28,Groups / Movements,Antisemitism,Illinois,2024,1,2024-01,1
71758,2024-08-25,Numbers / Symbols,Antisemitism,Washington,2024,8,2024-08,3
71759,2024-08-26,Groups / Movements,Antisemitism,New York,2024,8,2024-08,3
71760,2024-08-28,Numbers / Symbols,Antisemitism,Michigan,2024,8,2024-08,3
71761,2024-08-28,Numbers / Symbols,Antisemitism,New York,2024,8,2024-08,3
71762,2024-03-22,Slogans / Code words,Antisemitism,Illinois,2024,3,2024-03,1
71763,2024-05-31,Slogans / Code words,Antisemitism,New York,2024,5,2024-05,2
71764,2024-05-31,Slogans / Code words,Antisemitism,New York,2024,5,2024-05,2
71765,2024-05-31,Slogans / Code words,Antisemitism,Oklahoma,2024,5,2024-05,2
71766,2024-03-22,Slogans / Code words,Antisemitism,Illinois,2024,3,2024-03,1
71767,2024-03-28,Groups / Movements,Antisemitism,Illinois,2024,3,2024-03,1
71768,2024-06-01,Slogans / Code words,Antisemitism,Colorado,2024,6,2024-06,2
71769,2024-06-01,Slogans / Code words,Antisemitism,Connecticut,2024,6,2024-06,2
71770,2024-06-01,Groups / Movements,Antisemitism,Idaho,2024,6,2024-06,2
71771,2024-06-01,Slogans / Code words,Antisemitism,New York,2024,6,2024-06,2
71772,2024-02-16,Numbers / Symbols,Antisemitism,Illinois,2024,2,2024-02,1
71773,2024-10-05,Slogans / Code words,Antisemitism,Illinois,2024,10,2024-10,4
71774,2024-02-10,Numbers / Symbols,Antisemitism,Illinois,2024,2,2024-02,1
71775,2024-05-26,Groups / Movements,Antisemitism,Georgia,2024,5,2024-05,2
71776,2024-05-26,People,Antisemitism,North Carolina,2024,5,2024-05,2
71777,2024-05-26,Slogans / Code words,Antisemitism,Washington,2024,5,2024-05,2
71778,2024-05-27,Slogans / Code words,Antisemitism,Colorado,2024,5,2024-05,2
71779,2024-05-27,Slogans / Code words,Antisemitism,Missouri,2024,5,2024-05,2
71780,2024-05-27,Slogans / Code words,Antisemitism,New York,2024,5,2024-05,2
71781,2024-05-27,Groups / Movements,Antisemitism,Ohio,2024,5,2024-05,2
71782,2024-05-15,Numbers / Symbols,Antisemitism,California,2024,5,2024-05,2
71783,2024-05-17,Numbers / Symbols,Antisemitism,California,2024,5,2024-05,2
71784,2024-02-18,Numbers / Symbols,Antisemitism,Louisiana,2024,2,2024-02,1
71785,2024-02-18,Slogans / Code words,Antisemitism,Massachusetts,2024,2,2024-02,1
71786,2024-02-18,Slogans / Code words,Antisemitism,Michigan,2024,2,2024-02,1
71787,2024-02-18,Slogans / Code words,Antisemitism,Minnesota,2024,2,2024-02,1
71788,2024-02-18,Slogans / Code words,Antisemitism,Montana,2024,2,2024-02,1
71789,2024-02-18,Slogans / Code words,Antisemitism,New York,2024,2,2024-02,1
71790,2024-02-18,Slogans / Code words,Antisemitism,New York,2024,2,2024-02,1
71791,2024-02-18,Groups / Movements,Antisemitism,North Carolina,2024,2,2024-02,1
71792,2024-04-01,Slogans / Code words,Antisemitism,Maryland,2024,4,2024-04,2
71793,2024-11-02,Numbers / Symbols,Antisemitism,California,2024,11,2024-11,4
71794,2024-04-02,People,Antisemitism,New Jersey,2024,4,2024-04,2
71795,2024-04-02,Slogans / Code words,Antisemitism,New York,2024,4,2024-04,2
71796,2024-04-03,Groups / Movements,Antisemitism,New York,2024,4,2024-04,2
71797,2024-04-03,Slogans / Code words,Antisemitism,Tennessee,2024,4,2024-04,2
71798,2024-04-03,Numbers / Symbols,Antisemitism,Utah,2024,4,2024-04,2
71799,2024-04-04,Slogans / Code words,Antisemitism,Wisconsin,2024,4,2024-04,2
71800,2024-04-05,Groups / Movements,Antisemitism,Georgia,2024,4,2024-04,2
71801,2024-02-06,People,Antisemitism,California,2024,2,2024-02,1
71802,2024-10-07,Groups / Movements,Antisemitism,California,2024,10,2024-10,4
71803,2024-03-30,Slogans / Code words,Antisemitism,California,2024,3,2024-03,1
71804,2024-10-07,People,Antisemitism,California,2024,10,2024-10,4
71805,2024-05-14,Slogans / Code words,Antisemitism,California,2024,5,2024-05,2
71806,2024-11-29,Numbers / Symbols,Antisemitism,California,2024,11,2024-11,4
71807,2024-04-15,Slogans / Code words,Antisemitism,Connecticut,2024,4,2024-04,2
71808,2024-04-15,Groups / Movements,Antisemitism,Florida,2024,4,2024-04,2
71809,2024-04-15,Slogans / Code words,Antisemitism,Florida,2024,4,2024-04,2
71810,2024-04-15,Groups / Movements,Antisemitism,Louisiana,2024,4,2024-04,2
71811,2024-04-15,Groups / Movements,Antisemitism,Maine,2024,4,2024-04,2
71812,2024-11-07,Groups / Movements,Antisemitism,Illinois,2024,11,2024-11,4
71813,2024-11-08,Slogans / Code words,Antisemitism,Illinois,2024,11,2024-11,4
71814,2024-08-05,Slogans / Code words,Antisemitism,Wisconsin,2024,8,2024-08,3
71815,2024-08-09,Groups / Movements,Antisemitism,Kentucky,2024,8,2024-08,3
71816,2024-11-13,Slogans / Code words,Antisemitism,Illinois,2024,11,2024-11,4
71817,2024-11-29,Slogans / Code words,Antisemitism,Illinois,2024,11,2024-11,4
71818,2024-12-16,Groups / Movements,Antisemitism,Illinois,2024,12,2024-12,4
71819,2024-08-11,Slogans / Code words,Antisemitism,New York,2024,8,2024-08,3
71820,2024-08-13,Slogans / Code words,Antisemitism,Florida,2024,8,2024-08,3
71821,2024-08-14,Slogans / Code words,Antisemitism,Minnesota,2024,8,2024-08,3
71822,2024-07-04,Slogans / Code words,Antisemitism,Colorado,2024,7,2024-07,3
71823,2024-07-04,Slogans / Code words,Antisemitism,Michigan,2024,7,2024-07,3
71824,2024-07-04,Groups / Movements,Antisemitism,New York,2024,7,2024-07,3
71825,2024-07-04,Groups / Movements,Antisemitism,New York,2024,7,2024-07,3
71826,2024-09-19,Slogans / Code words,Antisemitism,Illinois,2024,9,2024-09,3
71827,2024-07-06,Slogans / Code words,Antisemitism,Georgia,2024,7,2024-07,3
71828,2024-09-23,Numbers / Symbols,Antisemitism,Illinois,2024,9,2024-09,3
71829,2024-09-25,Numbers / Symbols,Antisemitism,Illinois,2024,9,2024-09,3
71830,2024-10-01,Numbers / Symbols,Antisemitism,Illinois,2024,10,2024-10,4
71831,2024-10-05,Numbers / Symbols,Antisemitism,Illinois,2024,10,2024-10,4
71832,2024-03-28,Slogans / Code words,Antisemitism,New York,2024,3,2024-03,1
71833,2024-03-28,Slogans / Code words,Antisemitism,New York,2024,3,2024-03,1
71834,2024-02-21,Slogans / Code words,Antisemitism,California,2024,2,2024-02,1
71835,2024-03-02,Numbers / Symbols,Antisemitism,California,2024,3,2024-03,1
71836,2024-03-29,Slogans / Code words,Antisemitism,Indiana,2024,3,2024-03,1
71837,2024-03-29,Slogans / Code words,Antisemitism,Missouri,2024,3,2024-03,1
71838,2024-03-29,Slogans / Code words,Antisemitism,Tennessee,2024,3,2024-03,1
71839,2024-03-30,Slogans / Code words,Antisemitism,Arizona,2024,3,2024-03,1
71840,2024-03-30,Slogans / Code words,Antisemitism,Arizona,2024,3,2024-03,1
71841,2024-03-08,Numbers / Symbols,Antisemitism,California,2024,3,2024-03,1
71842,2024-07-24,Numbers / Symbols,Antisemitism,Washington D.C.,2024,7,2024-07,3
71843,2024-05-07,Groups / Movements,Antisemitism,Washington,2024,5,2024-05,2
71844,2024-08-03,Groups / Movements,Antisemitism,Washington D.C.,2024,8,2024-08,3
71845,2024-05-08,Slogans / Code words,Antisemitism,Nevada,2024,5,2024-05,2
71846,2024-05-08,Slogans / Code words,Antisemitism,New York,2024,5,2024-05,2
71847,2024-08-22,Slogans / Code words,Antisemitism,Washington D.C.,2024,8,2024-08,3
71848,2024-09-04,Slogans / Code words,Antisemitism,Washington D.C.,2024,9,2024-09,3
71849,2024-05-09,Slogans / Code words,Antisemitism,Minnesota,2024,5,2024-05,2
71850,2024-05-09,Slogans / Code words,Antisemitism,New York,2024,5,2024-05,2
71852,2024-10-01,Groups / Movements,Antisemitism,Minnesota,2024,10,2024-10,4
71853,2024-10-02,Numbers / Symbols,Antisemitism,New York,2024,10,2024-10,4
71854,2024-04-13,Numbers / Symbols,Antisemitism,Pennsylvania,2024,4,2024-04,2
71855,2024-10-03,Slogans / Code words,Antisemitism,Utah,2024,10,2024-10,4
71856,2024-10-04,Slogans / Code words,Antisemitism,Arizona,2024,10,2024-10,4
71857,2024-10-04,Slogans / Code words,Antisemitism,New Mexico,2024,10,2024-10,4
71858,2024-10-05,Groups / Movements,Antisemitism,Alaska,2024,10,2024-10,4
71859,2024-10-05,Numbers / Symbols,Antisemitism,Arizona,2024,10,2024-10,4
71860,2024-04-18,Numbers / Symbols,Antisemitism,Pennsylvania,2024,4,2024-04,2
71861,2024-05-01,Publications,Antisemitism,Pennsylvania,2024,5,2024-05,2
71862,2024-02-26,Slogans / Code words,Antisemitism,New York,2024,2,2024-02,1
71863,2024-02-26,Slogans / Code words,Antisemitism,Ohio,2024,2,2024-02,1
71864,2024-02-27,Numbers / Symbols,Antisemitism,Georgia,2024,2,2024-02,1
71865,2024-02-27,People,Antisemitism,Massachusetts,2024,2,2024-02,1
71866,2024-02-27,Slogans / Code words,Antisemitism,New Jersey,2024,2,2024-02,1
71867,2024-02-27,Publications,Antisemitism,New Jersey,2024,2,2024-02,1
71868,2024-02-27,Slogans / Code words,Antisemitism,New York,2024,2,2024-02,1
71869,2024-02-27,People,Antisemitism,Washington,2024,2,2024-02,1
71870,2024-03-16,Slogans / Code words,Antisemitism,California,2024,3,2024-03,1
71871,2024-02-28,Slogans / Code words,Antisemitism,Louisiana,2024,2,2024-02,1
71872,2024-03-24,Slogans / Code words,Antisemitism,California,2024,3,2024-03,1
71873,2024-04-07,Numbers / Symbols,Antisemitism,California,2024,4,2024-04,2
71874,2024-02-10,Slogans / Code words,Antisemitism,Virginia,2024,2,2024-02,1
71875,2024-02-10,Groups / Movements,Antisemitism,Washington,2024,2,2024-02,1
71876,2024-02-10,Numbers / Symbols,Antisemitism,Wisconsin,2024,2,2024-02,1
71877,2024-02-11,Slogans / Code words,Antisemitism,Arizona,2024,2,2024-02,1
71878,2024-02-11,Groups / Movements,Antisemitism,Georgia,2024,2,2024-02,1
71879,2024-02-11,Slogans / Code words,Antisemitism,Massachusetts,2024,2,2024-02,1
71880,2024-02-11,Slogans / Code words,Antisemitism,Missouri,2024,2,2024-02,1
71881,2024-02-11,Slogans / Code words,Antisemitism,New York,2024,2,2024-02,1
71882,2024-03-02,Numbers / Symbols,Antisemitism,Pennsylvania,2024,3,2024-03,1
71883,2024-10-05,Numbers / Symbols,Antisemitism,Indiana,2024,10,2024-10,4
71884,2024-10-05,Groups / Movements,Antisemitism,Kansas,2024,10,2024-10,4
71885,2024-10-05,Groups / Movements,Antisemitism,Kentucky,2024,10,2024-10,4
71886,2024-10-05,Groups / Movements,Antisemitism,Louisiana,2024,10,2024-10,4
71887,2024-10-05,Slogans / Code words,Antisemitism,Maine,2024,10,2024-10,4
71888,2024-10-05,Groups / Movements,Antisemitism,Maryland,2024,10,2024-10,4
71889,2024-10-05,Numbers / Symbols,Antisemitism,Massachusetts,2024,10,2024-10,4
71890,2024-10-05,Slogans / Code words,Antisemitism,Michigan,2024,10,2024-10,4
71891,2024-10-05,Slogans / Code words,Antisemitism,Minnesota,2024,10,2024-10,4
71892,2024-04-15,Slogans / Code words,Antisemitism,Maine,2024,4,2024-04,2
71893,2024-04-15,Groups / Movements,Antisemitism,Maryland,2024,4,2024-04,2
71894,2024-04-15,Slogans / Code words,Antisemitism,Michigan,2024,4,2024-04,2
71895,2024-04-15,Slogans / Code words,Antisemitism,Minnesota,2024,4,2024-04,2
71896,2024-04-15,Slogans / Code words,Antisemitism,Missouri,2024,4,2024-04,2
71897,2024-04-15,Groups / Movements,Antisemitism,New Jersey,2024,4,2024-04,2
71898,2024-04-15,Groups / Movements,Antisemitism,New York,2024,4,2024-04,2
71899,2024-04-15,Slogans / Code words,Antisemitism,New York,2024,4,2024-04,2
71900,2024-04-15,Groups / Movements,Antisemitism,North Carolina,2024,4,2024-04,2
71901,2024-04-15,Numbers / Symbols,Antisemitism,Oregon,2024,4,2024-04,2
71902,2024-04-17,People,Antisemitism,New York,2024,4,2024-04,2
71903,2024-04-17,Groups / Movements,Antisemitism,Wisconsin,2024,4,2024-04,2
71904,2024-04-18,Slogans / Code words,Antisemitism,Louisiana,2024,4,2024-04,2
71905,2024-04-18,Slogans / Code words,Antisemitism,Ohio,2024,4,2024-04,2
71906,2024-01-05,Slogans / Code words,Antisemitism,California,2024,1,2024-01,1
71907,2024-02-17,Numbers / Symbols,Antisemitism,California,2024,2,2024-02,1
71908,2024-04-19,Slogans / Code words,Antisemitism,Indiana,2024,4,2024-04,2
71909,2024-04-19,Groups / Movements,Antisemitism,Minnesota,2024,4,2024-04,2
71910,2024-04-19,Groups / Movements,Antisemitism,New York,2024,4,2024-04,2
71911,2024-04-19,Groups / Movements,Antisemitism,New York,2024,4,2024-04,2
71912,2024-03-30,Groups / Movements,Antisemitism,Illinois,2024,3,2024-03,1
71913,2024-06-02,Slogans / Code words,Antisemitism,Florida,2024,6,2024-06,2
71914,2024-06-02,Slogans / Code words,Antisemitism,Georgia,2024,6,2024-06,2
71915,2024-06-02,Slogans / Code words,Antisemitism,Louisiana,2024,6,2024-06,2
71916,2024-06-02,Slogans / Code words,Antisemitism,New York,2024,6,2024-06,2
71917,2024-06-02,Slogans / Code words,Antisemitism,New York,2024,6,2024-06,2
71918,2024-04-05,Slogans / Code words,Antisemitism,Illinois,2024,4,2024-04,2
71919,2024-04-06,Groups / Movements,Antisemitism,Illinois,2024,4,2024-04,2
71920,2024-04-08,Slogans / Code words,Antisemitism,Illinois,2024,4,2024-04,2
71921,2024-04-09,Numbers / Symbols,Antisemitism,Illinois,2024,4,2024-04,2
71922,2024-11-29,Groups / Movements,Antisemitism,Massachusetts,2024,11,2024-11,4
71923,2024-11-29,Numbers / Symbols,Antisemitism,Minnesota,2024,11,2024-11,4
71924,2024-11-29,Groups / Movements,Antisemitism,Missouri,2024,11,2024-11,4
71925,2024-11-29,Numbers / Symbols,Antisemitism,New York,2024,11,2024-11,4
71926,2024-10-05,Groups / Movements,Antisemitism,Texas,2024,10,2024-10,4
71927,2024-12-02,Slogans / Code words,Antisemitism,New York,2024,12,2024-12,4
71928,2024-12-04,Slogans / Code words,Antisemitism,New Jersey,2024,12,2024-12,4
71929,2024-04-29,People,Antisemitism,Texas,2024,4,2024-04,2
71930,2024-03-02,Slogans / Code words,Antisemitism,Texas,2024,3,2024-03,1
71931,2024-12-05,Slogans / Code words,Antisemitism,New York,2024,12,2024-12,4
71932,2024-03-02,Slogans / Code words,Antisemitism,Maine,2024,3,2024-03,1
71933,2024-03-02,Slogans / Code words,Antisemitism,Maryland,2024,3,2024-03,1
71934,2024-03-02,Numbers / Symbols,Antisemitism,Massachusetts,2024,3,2024-03,1
71935,2024-03-02,Slogans / Code words,Antisemitism,Massachusetts,2024,3,2024-03,1
71936,2024-03-02,Numbers / Symbols,Antisemitism,Michigan,2024,3,2024-03,1
71937,2024-03-02,Slogans / Code words,Antisemitism,Michigan,2024,3,2024-03,1
71938,2024-03-02,Slogans / Code words,Antisemitism,Minnesota,2024,3,2024-03,1
71939,2024-03-02,Numbers / Symbols,Antisemitism,Missouri,2024,3,2024-03,1
71940,2024-03-02,Numbers / Symbols,Antisemitism,Missouri,2024,3,2024-03,1
71941,2024-03-02,Groups / Movements,Antisemitism,Missouri,2024,3,2024-03,1
71942,2024-09-15,Groups / Movements,Antisemitism,Maryland,2024,9,2024-09,3
71943,2024-09-15,Slogans / Code words,Antisemitism,New Jersey,2024,9,2024-09,3
71944,2024-01-27,Groups / Movements,Antisemitism,Pennsylvania,2024,1,2024-01,1
71945,2024-09-16,Slogans / Code words,Antisemitism,Minnesota,2024,9,2024-09,3
71946,2024-09-16,Slogans / Code words,Antisemitism,New Jersey,2024,9,2024-09,3
71947,2024-09-16,Numbers / Symbols,Antisemitism,New York,2024,9,2024-09,3
71948,2024-09-17,Slogans / Code words,Antisemitism,Maryland,2024,9,2024-09,3
71949,2024-02-11,Groups / Movements,Antisemitism,Pennsylvania,2024,2,2024-02,1
71950,2024-09-18,Numbers / Symbols,Antisemitism,Ohio,2024,9,2024-09,3
71951,2024-03-02,Numbers / Symbols,Antisemitism,Pennsylvania,2024,3,2024-03,1
71952,2024-08-14,Slogans / Code words,Antisemitism,New York,2024,8,2024-08,3
71953,2024-10-07,Slogans / Code words,Antisemitism,Illinois,2024,10,2024-10,4
71954,2024-08-17,Slogans / Code words,Antisemitism,Wisconsin,2024,8,2024-08,3
71955,2024-01-07,Slogans / Code words,Antisemitism,Illinois,2024,1,2024-01,1
71956,2024-01-21,Numbers / Symbols,Antisemitism,Illinois,2024,1,2024-01,1
71957,2024-08-18,Numbers / Symbols,Antisemitism,Kentucky,2024,8,2024-08,3
71958,2024-02-10,Slogans / Code words,Antisemitism,Illinois,2024,2,2024-02,1
71959,2024-02-10,Incidents / Events,Antisemitism,Illinois,2024,2,2024-02,1
71960,2024-03-16,Slogans / Code words,Antisemitism,Illinois,2024,3,2024-03,1
71961,2024-05-21,Slogans / Code words,Antisemitism,Illinois,2024,5,2024-05,2
71962,2024-02-17,Slogans / Code words,Antisemitism,New Hampshire,2024,2,2024-02,1
71963,2024-02-17,Slogans / Code words,Antisemitism,New York,2024,2,2024-02,1
71964,2024-02-17,Groups / Movements,Antisemitism,Ohio,2024,2,2024-02,1
71965,2024-05-01,Slogans / Code words,Antisemitism,California,2024,5,2024-05,2
71966,2024-05-12,Numbers / Symbols,Antisemitism,California,2024,5,2024-05,2
71967,2024-02-17,Numbers / Symbols,Antisemitism,Rhode Island,2024,2,2024-02,1
71968,2024-02-17,Slogans / Code words,Antisemitism,Virginia,2024,2,2024-02,1
71969,2024-02-17,Numbers / Symbols,Antisemitism,Washington,2024,2,2024-02,1
71970,2024-02-18,Groups / Movements,Antisemitism,Alabama,2024,2,2024-02,1
71971,2024-02-18,Slogans / Code words,Antisemitism,Arizona,2024,2,2024-02,1
71972,2024-06-30,Slogans / Code words,Antisemitism,California,2024,6,2024-06,2
71973,2024-07-27,Slogans / Code words,Antisemitism,California,2024,7,2024-07,3
71974,2024-03-30,Groups / Movements,Antisemitism,Louisiana,2024,3,2024-03,1
71975,2024-03-30,Groups / Movements,Antisemitism,Maine,2024,3,2024-03,1
71976,2024-03-30,Slogans / Code words,Antisemitism,Maryland,2024,3,2024-03,1
71977,2024-03-30,Numbers / Symbols,Antisemitism,Massachusetts,2024,3,2024-03,1
71978,2024-03-30,Slogans / Code words,Antisemitism,Massachusetts,2024,3,2024-03,1
71979,2024-03-30,People,Antisemitism,Massachusetts,2024,3,2024-03,1
71980,2024-03-30,Slogans / Code words,Antisemitism,Michigan,2024,3,2024-03,1
71981,2024-03-30,Groups / Movements,Antisemitism,Minnesota,2024,3,2024-03,1
71982,2024-06-23,Slogans / Code words,Antisemitism,New York,2024,6,2024-06,2
71983,2024-08-18,Slogans / Code words,Antisemitism,Illinois,2024,8,2024-08,3
71984,2024-06-25,Slogans / Code words,Antisemitism,Florida,2024,6,2024-06,2
71985,2024-06-25,Slogans / Code words,Antisemitism,Minnesota,2024,6,2024-06,2
71986,2024-06-26,Slogans / Code words,Antisemitism,Louisiana,2024,6,2024-06,2
71987,2024-06-26,Slogans / Code words,Antisemitism,New York,2024,6,2024-06,2
71988,2024-06-27,Numbers / Symbols,Antisemitism,Georgia,2024,6,2024-06,2
71989,2024-06-27,Slogans / Code words,Antisemitism,New Jersey,2024,6,2024-06,2
71990,2024-09-12,Slogans / Code words,Antisemitism,New York,2024,9,2024-09,3
71991,2024-09-12,Slogans / Code words,Antisemitism,New York,2024,9,2024-09,3
71992,2024-09-12,Groups / Movements,Antisemitism,Ohio,2024,9,2024-09,3
71993,2024-09-12,Slogans / Code words,Antisemitism,Oklahoma,2024,9,2024-09,3
71994,2024-09-12,Slogans / Code words,Antisemitism,Oklahoma,2024,9,2024-09,3
71995,2024-09-12,Slogans / Code words,Antisemitism,Virginia,2024,9,2024-09,3
71996,2024-09-13,Slogans / Code words,Antisemitism,Massachusetts,2024,9,2024-09,3
71997,2024-02-21,Slogans / Code words,Antisemitism,Pennsylvania,2024,2,2024-02,1
71998,2024-05-31,Slogans / Code words,Antisemitism,Pennsylvania,2024,5,2024-05,2
71999,2024-05-03,Slogans / Code words,Antisemitism,Pennsylvania,2024,5,2024-05,2
72000,2024-03-04,Slogans / Code words,Antisemitism,New Hampshire,2024,3,2024-03,1
72001,2024-03-04,Slogans / Code words,Antisemitism,New York,2024,3,2024-03,1
72002,2024-03-04,Slogans / Code words,Antisemitism,Washington,2024,3,2024-03,1
72003,2024-03-04,People,Antisemitism,Washington,2024,3,2024-03,1
72004,2024-03-05,Slogans / Code words,Antisemitism,New York,2024,3,2024-03,1
72005,2024-10-13,Slogans / Code words,Antisemitism,California,2024,10,2024-10,4
72006,2024-03-06,Numbers / Symbols,Antisemitism,Iowa,2024,3,2024-03,1
72007,2024-03-07,Slogans / Code words,Antisemitism,Massachusetts,2024,3,2024-03,1
72008,2024-03-07,Slogans / Code words,Antisemitism,New York,2024,3,2024-03,1
72009,2024-10-20,Numbers / Symbols,Antisemitism,California,2024,10,2024-10,4
72010,2024-03-24,Groups / Movements,Antisemitism,California,2024,3,2024-03,1
72011,2024-03-29,Groups / Movements,Antisemitism,California,2024,3,2024-03,1
72012,2024-04-15,Slogans / Code words,Antisemitism,California,2024,4,2024-04,2
72013,2024-05-01,Slogans / Code words,Antisemitism,California,2024,5,2024-05,2
72014,2024-05-18,Numbers / Symbols,Antisemitism,California,2024,5,2024-05,2
72015,2024-03-30,Slogans / Code words,Antisemitism,Colorado,2024,3,2024-03,1
72016,2024-06-05,Slogans / Code words,Antisemitism,California,2024,6,2024-06,2
72017,2024-03-30,Numbers / Symbols,Antisemitism,Florida,2024,3,2024-03,1
72018,2024-03-30,Slogans / Code words,Antisemitism,Florida,2024,3,2024-03,1
72019,2024-03-30,Slogans / Code words,Antisemitism,Georgia,2024,3,2024-03,1
72020,2024-03-02,Numbers / Symbols,Antisemitism,California,2024,3,2024-03,1
72021,2024-03-08,Groups / Movements,Antisemitism,Vermont,2024,3,2024-03,1
72022,2024-03-08,Slogans / Code words,Antisemitism,Wisconsin,2024,3,2024-03,1
72023,2024-05-01,Numbers / Symbols,Antisemitism,California,2024,5,2024-05,2
72024,2024-11-02,Slogans / Code words,Antisemitism,California,2024,11,2024-11,4
72025,2024-03-09,Slogans / Code words,Antisemitism,Colorado,2024,3,2024-03,1
72026,2024-03-09,Slogans / Code words,Antisemitism,Florida,2024,3,2024-03,1
72027,2024-03-09,Slogans / Code words,Antisemitism,Idaho,2024,3,2024-03,1
72028,2024-04-21,Slogans / Code words,Antisemitism,California,2024,4,2024-04,2
72029,2024-05-10,Groups / Movements,Antisemitism,California,2024,5,2024-05,2
72030,2024-10-06,Groups / Movements,Antisemitism,California,2024,10,2024-10,4
72031,2024-03-30,Groups / Movements,Antisemitism,Vermont,2024,3,2024-03,1
72032,2024-03-30,Numbers / Symbols,Antisemitism,Washington,2024,3,2024-03,1
72033,2024-03-30,Slogans / Code words,Antisemitism,West Virginia,2024,3,2024-03,1
72034,2024-03-30,Slogans / Code words,Antisemitism,Wisconsin,2024,3,2024-03,1
72035,2024-10-08,Slogans / Code words,Antisemitism,California,2024,10,2024-10,4
72036,2024-10-08,Slogans / Code words,Antisemitism,California,2024,10,2024-10,4
72037,2024-03-31,People,Antisemitism,New Jersey,2024,3,2024-03,1
72038,2024-03-31,Slogans / Code words,Antisemitism,New York,2024,3,2024-03,1
72039,2024-03-31,Slogans / Code words,Antisemitism,Virginia,2024,3,2024-03,1
72040,2024-10-09,Slogans / Code words,Antisemitism,Michigan,2024,10,2024-10,4
72041,2024-03-14,Slogans / Code words,Antisemitism,California,2024,3,2024-03,1
72042,2024-02-08,Slogans / Code words,Antisemitism,Louisiana,2024,2,2024-02,1
72043,2024-02-21,Slogans / Code words,Antisemitism,Massachusetts,2024,2,2024-02,1
72044,2024-02-25,Key Concepts / Definitions,Antisemitism,New York,2024,2,2024-02,1
72045,2024-04-13,Numbers / Symbols,Antisemitism,Ohio,2024,4,2024-04,2
72046,2024-10-06,Slogans / Code words,Antisemitism,Alabama,2024,10,2024-10,4
72047,2024-02-06,People,Antisemitism,Missouri,2024,2,2024-02,1
72048,2024-02-06,Slogans / Code words,Antisemitism,New Hampshire,2024,2,2024-02,1
72049,2024-02-06,Slogans / Code words,Antisemitism,Oregon,2024,2,2024-02,1
72050,2024-02-06,Slogans / Code words,Antisemitism,Tennessee,2024,2,2024-02,1
72051,2024-02-07,Groups / Movements,Antisemitism,Alabama,2024,2,2024-02,1
72052,2024-01-27,Slogans / Code words,Antisemitism,California,2024,1,2024-01,1
72053,2024-03-02,Slogans / Code words,Antisemitism,California,2024,3,2024-03,1
72054,2024-02-07,Numbers / Symbols,Antisemitism,New York,2024,2,2024-02,1
72055,2024-02-07,Slogans / Code words,Antisemitism,New York,2024,2,2024-02,1
72056,2024-02-08,Slogans / Code words,Antisemitism,Arizona,2024,2,2024-02,1
72057,2024-03-02,Groups / Movements,Antisemitism,West Virginia,2024,3,2024-03,1
72058,2024-03-02,Groups / Movements,Antisemitism,Wisconsin,2024,3,2024-03,1
72059,2024-09-29,Numbers / Symbols,Antisemitism,California,2024,9,2024-09,3
72060,2024-03-03,Slogans / Code words,Antisemitism,Massachusetts,2024,3,2024-03,1
72062,2024-03-03,Slogans / Code words,Antisemitism,Wisconsin,2024,3,2024-03,1
72063,2024-10-06,Numbers / Symbols,Antisemitism,California,2024,10,2024-10,4
72064,2024-03-04,Slogans / Code words,Antisemitism,Indiana,2024,3,2024-03,1
72065,2024-03-04,Slogans / Code words,Antisemitism,Massachusetts,2024,3,2024-03,1
72066,2024-03-04,Slogans / Code words,Antisemitism,Massachusetts,2024,3,2024-03,1
72067,2024-05-27,Slogans / Code words,Antisemitism,Ohio,2024,5,2024-05,2
72068,2024-05-27,Numbers / Symbols,Antisemitism,Washington,2024,5,2024-05,2
72069,2024-05-28,Slogans / Code words,Antisemitism,Colorado,2024,5,2024-05,2
72070,2024-02-12,Numbers / Symbols,Antisemitism,Illinois,2024,2,2024-02,1
72071,2024-05-28,People,Antisemitism,Florida,2024,5,2024-05,2
72072,2024-05-28,Groups / Movements,Antisemitism,Florida,2024,5,2024-05,2
72073,2024-05-28,Numbers / Symbols,Antisemitism,Massachusetts,2024,5,2024-05,2
72074,2024-05-28,Slogans / Code words,Antisemitism,New York,2024,5,2024-05,2
72075,2024-05-28,Groups / Movements,Antisemitism,North Carolina,2024,5,2024-05,2
72076,2024-10-07,Slogans / Code words,Antisemitism,California,2024,10,2024-10,4
72077,2024-02-12,Numbers / Symbols,Antisemitism,Florida,2024,2,2024-02,1
72078,2024-02-24,Slogans / Code words,Antisemitism,California,2024,2,2024-02,1
72079,2024-02-12,Groups / Movements,Antisemitism,Maine,2024,2,2024-02,1
72080,2024-02-12,Groups / Movements,Antisemitism,Maryland,2024,2,2024-02,1
72081,2024-02-12,Slogans / Code words,Antisemitism,Nevada,2024,2,2024-02,1
72082,2024-02-12,Numbers / Symbols,Antisemitism,New Hampshire,2024,2,2024-02,1
72083,2024-02-12,Slogans / Code words,Antisemitism,New York,2024,2,2024-02,1
72084,2024-02-12,Slogans / Code words,Antisemitism,Ohio,2024,2,2024-02,1
72085,2024-02-12,Groups / Movements,Antisemitism,Washington,2024,2,2024-02,1
72086,2024-02-09,People,Antisemitism,Wisconsin,2024,2,2024-02,1
72087,2024-10-07,Groups / Movements,Antisemitism,California,2024,10,2024-10,4
72088,2024-01-07,Slogans / Code words,Antisemitism,California,2024,1,2024-01,1
72089,2024-02-13,Slogans / Code words,Antisemitism,California,2024,2,2024-02,1
72090,2024-02-18,Slogans / Code words,Antisemitism,California,2024,2,2024-02,1
72091,2024-02-25,Slogans / Code words,Antisemitism,California,2024,2,2024-02,1
72092,2024-02-10,Slogans / Code words,Antisemitism,Nevada,2024,2,2024-02,1
72093,2024-02-10,Slogans / Code words,Antisemitism,New York,2024,2,2024-02,1
72094,2024-02-10,Slogans / Code words,Antisemitism,New York,2024,2,2024-02,1
72095,2024-02-10,Slogans / Code words,Antisemitism,Oregon,2024,2,2024-02,1
72096,2024-03-30,Groups / Movements,Antisemitism,Missouri,2024,3,2024-03,1
72097,2024-03-30,Groups / Movements,Antisemitism,Missouri,2024,3,2024-03,1
72098,2024-03-30,Slogans / Code words,Antisemitism,Nebraska,2024,3,2024-03,1
72099,2024-03-30,Groups / Movements,Antisemitism,New York,2024,3,2024-03,1
72100,2024-03-30,Slogans / Code words,Antisemitism,New York,2024,3,2024-03,1
72101,2024-03-30,Slogans / Code words,Antisemitism,New York,2024,3,2024-03,1
72102,2024-03-30,Groups / Movements,Antisemitism,North Carolina,2024,3,2024-03,1
72103,2024-03-30,Slogans / Code words,Antisemitism,North Carolina,2024,3,2024-03,1
72104,2024-03-30,Slogans / Code words,Antisemitism,North Carolina,2024,3,2024-03,1
72105,2024-03-30,Groups / Movements,Antisemitism,North Carolina,2024,3,2024-03,1
72106,2024-04-25,Numbers / Symbols,Antisemitism,Indiana,2024,4,2024-04,2
72107,2024-04-25,Numbers / Symbols,Antisemitism,New York,2024,4,2024-04,2
72108,2024-04-26,Slogans / Code words,Antisemitism,Colorado,2024,4,2024-04,2
72109,2024-06-09,Slogans / Code words,Antisemitism,California,2024,6,2024-06,2
72110,2024-04-26,Slogans / Code words,Antisemitism,Florida,2024,4,2024-04,2
72111,2024-04-06,Slogans / Code words,Antisemitism,California,2024,4,2024-04,2
72112,2024-04-27,Slogans / Code words,Antisemitism,New Jersey,2024,4,2024-04,2
72113,2024-02-10,Slogans / Code words,Antisemitism,Washington D.C.,2024,2,2024-02,1
72114,2024-02-12,Groups / Movements,Antisemitism,Washington D.C.,2024,2,2024-02,1
72115,2024-03-23,Groups / Movements,Antisemitism,Georgia,2024,3,2024-03,1
72116,2024-03-23,Slogans / Code words,Antisemitism,Minnesota,2024,3,2024-03,1
72117,2024-10-05,Groups / Movements,Antisemitism,California,2024,10,2024-10,4
72118,2024-01-05,Slogans / Code words,Antisemitism,California,2024,1,2024-01,1
72119,2024-03-24,Slogans / Code words,Antisemitism,Massachusetts,2024,3,2024-03,1
72120,2024-03-24,Slogans / Code words,Antisemitism,New Jersey,2024,3,2024-03,1
72121,2024-03-24,Slogans / Code words,Antisemitism,New York,2024,3,2024-03,1
72122,2024-03-24,Groups / Movements,Antisemitism,Virginia,2024,3,2024-03,1
72123,2024-02-01,Slogans / Code words,Antisemitism,California,2024,2,2024-02,1
72124,2024-03-25,People,Antisemitism,Michigan,2024,3,2024-03,1
72125,2024-04-15,Slogans / Code words,Antisemitism,California,2024,4,2024-04,2
72126,2024-02-04,Slogans / Code words,Antisemitism,New York,2024,2,2024-02,1
72127,2024-02-05,Groups / Movements,Antisemitism,Connecticut,2024,2,2024-02,1
72128,2024-01-06,Slogans / Code words,Antisemitism,California,2024,1,2024-01,1
72129,2024-01-09,Slogans / Code words,Antisemitism,California,2024,1,2024-01,1
72130,2024-01-13,Slogans / Code words,Antisemitism,California,2024,1,2024-01,1
72131,2024-01-15,Slogans / Code words,Antisemitism,California,2024,1,2024-01,1
72132,2024-02-06,Slogans / Code words,Antisemitism,Indiana,2024,2,2024-02,1
72133,2024-02-06,Slogans / Code words,Antisemitism,Minnesota,2024,2,2024-02,1
72134,2024-02-06,Slogans / Code words,Antisemitism,Missouri,2024,2,2024-02,1
72135,2024-01-07,Slogans / Code words,Antisemitism,Wisconsin,2024,1,2024-01,1
72136,2024-01-08,Slogans / Code words,Antisemitism,Minnesota,2024,1,2024-01,1
72137,2024-03-30,Slogans / Code words,Antisemitism,California,2024,3,2024-03,1
72138,2024-10-05,Slogans / Code words,Antisemitism,California,2024,10,2024-10,4
72139,2024-01-13,Groups / Movements,Antisemitism,Arizona,2024,1,2024-01,1
72140,2024-10-07,Numbers / Symbols,Antisemitism,California,2024,10,2024-10,4
72141,2024-01-13,Slogans / Code words,Antisemitism,Indiana,2024,1,2024-01,1
72142,2024-01-13,Slogans / Code words,Antisemitism,Montana,2024,1,2024-01,1
72143,2024-10-08,Groups / Movements,Antisemitism,California,2024,10,2024-10,4
72144,2024-03-14,Slogans / Code words,Antisemitism,New York,2024,3,2024-03,1
72145,2024-03-14,Groups / Movements,Antisemitism,Vermont,2024,3,2024-03,1
72146,2024-09-24,Groups / Movements,Antisemitism,California,2024,9,2024-09,3
72147,2024-03-15,Slogans / Code words,Antisemitism,New York,2024,3,2024-03,1
72148,2024-03-15,Groups / Movements,Antisemitism,New York,2024,3,2024-03,1
72149,2024-03-15,Slogans / Code words,Antisemitism,New York,2024,3,2024-03,1
72150,2024-03-15,Slogans / Code words,Antisemitism,Oregon,2024,3,2024-03,1
72151,2024-10-05,Groups / Movements,Antisemitism,California,2024,10,2024-10,4
72152,2024-03-15,Slogans / Code words,Antisemitism,Rhode Island,2024,3,2024-03,1
72153,2024-11-02,Groups / Movements,Antisemitism,California,2024,11,2024-11,4
72154,2024-04-16,Slogans / Code words,Antisemitism,Pennsylvania,2024,4,2024-04,2
72155,2024-04-27,Slogans / Code words,Antisemitism,Pennsylvania,2024,4,2024-04,2
72156,2024-09-25,Groups / Movements,Antisemitism,Pennsylvania,2024,9,2024-09,3
72157,2024-02-25,Slogans / Code words,Antisemitism,Texas,2024,2,2024-02,1
72158,2024-04-11,Groups / Movements,Antisemitism,Texas,2024,4,2024-04,2
72159,2024-03-02,Slogans / Code words,Antisemitism,Texas,2024,3,2024-03,1
72160,2024-03-07,Slogans / Code words,Antisemitism,Texas,2024,3,2024-03,1
72161,2024-03-08,Slogans / Code words,Antisemitism,Texas,2024,3,2024-03,1
72162,2024-10-07,Slogans / Code words,Antisemitism,Colorado,2024,10,2024-10,4
72163,2024-05-07,Numbers / Symbols,Antisemitism,Texas,2024,5,2024-05,2
72164,2024-02-16,Numbers / Symbols,Antisemitism,Nebraska,2024,2,2024-02,1
72165,2024-02-16,People,Antisemitism,New Mexico,2024,2,2024-02,1
72166,2024-02-16,Slogans / Code words,Antisemitism,New York,2024,2,2024-02,1
72167,2024-03-10,Slogans / Code words,Antisemitism,California,2024,3,2024-03,1
72168,2024-03-13,Groups / Movements,Antisemitism,California,2024,3,2024-03,1
72169,2024-02-17,Slogans / Code words,Antisemitism,Arizona,2024,2,2024-02,1
72170,2024-02-17,Slogans / Code words,Antisemitism,Arizona,2024,2,2024-02,1
72171,2024-03-21,Numbers / Symbols,Antisemitism,California,2024,3,2024-03,1
72172,2024-03-29,Slogans / Code words,Antisemitism,California,2024,3,2024-03,1
72173,2024-02-17,Numbers / Symbols,Antisemitism,Colorado,2024,2,2024-02,1
72174,2024-02-24,Slogans / Code words,Antisemitism,Nebraska,2024,2,2024-02,1
72175,2024-10-05,Numbers / Symbols,Antisemitism,California,2024,10,2024-10,4
72176,2024-02-24,Slogans / Code words,Antisemitism,Oregon,2024,2,2024-02,1
72177,2024-10-07,"Slogans / Code words, Conspiracy Theories",Antisemitism,California,2024,10,2024-10,4
72178,2024-02-24,Numbers / Symbols,Antisemitism,Rhode Island,2024,2,2024-02,1
72179,2024-02-24,Slogans / Code words,Antisemitism,South Carolina,2024,2,2024-02,1
72180,2024-10-07,Numbers / Symbols,Antisemitism,California,2024,10,2024-10,4
72181,2024-02-24,Numbers / Symbols,Antisemitism,Utah,2024,2,2024-02,1
72182,2024-02-25,Numbers / Symbols,Antisemitism,Alabama,2024,2,2024-02,1
72183,2024-10-09,Groups / Movements,Antisemitism,California,2024,10,2024-10,4
72184,2024-07-07,Slogans / Code words,Antisemitism,Ohio,2024,7,2024-07,3
72185,2024-07-07,Slogans / Code words,Antisemitism,Washington,2024,7,2024-07,3
72186,2024-07-08,Slogans / Code words,Antisemitism,Indiana,2024,7,2024-07,3
72187,2024-10-07,Groups / Movements,Antisemitism,Illinois,2024,10,2024-10,4
72188,2024-10-07,Groups / Movements,Antisemitism,Illinois,2024,10,2024-10,4
72189,2024-07-13,Groups / Movements,Antisemitism,Alabama,2024,7,2024-07,3
72190,2024-07-13,Slogans / Code words,Antisemitism,Connecticut,2024,7,2024-07,3
72191,2024-07-13,Slogans / Code words,Antisemitism,Virginia,2024,7,2024-07,3
72192,2024-10-10,Slogans / Code words,Antisemitism,Illinois,2024,10,2024-10,4
72193,2024-07-14,People,Antisemitism,Michigan,2024,7,2024-07,3
72194,2024-09-19,Incidents / Events,Antisemitism,New York,2024,9,2024-09,3
72195,2024-09-19,Slogans / Code words,Antisemitism,North Carolina,2024,9,2024-09,3
72196,2024-09-21,Groups / Movements,Antisemitism,New York,2024,9,2024-09,3
72197,2024-04-13,Slogans / Code words,Antisemitism,Pennsylvania,2024,4,2024-04,2
72198,2024-09-22,Slogans / Code words,Antisemitism,Michigan,2024,9,2024-09,3
72199,2024-09-23,Slogans / Code words,Antisemitism,Florida,2024,9,2024-09,3
72200,2024-02-14,Slogans / Code words,Antisemitism,Pennsylvania,2024,2,2024-02,1
72201,2024-09-23,Slogans / Code words,Antisemitism,Oregon,2024,9,2024-09,3
72202,2024-09-24,Groups / Movements,Antisemitism,Arizona,2024,9,2024-09,3
72203,2024-09-24,Groups / Movements,Antisemitism,Arizona,2024,9,2024-09,3
72204,2024-02-07,Slogans / Code words,Antisemitism,California,2024,2,2024-02,1
72205,2024-01-28,Slogans / Code words,Antisemitism,Montana,2024,1,2024-01,1
72206,2024-01-28,Slogans / Code words,Antisemitism,New York,2024,1,2024-01,1
72207,2024-01-28,Slogans / Code words,Antisemitism,Wisconsin,2024,1,2024-01,1
72208,2024-01-31,Groups / Movements,Antisemitism,Colorado,2024,1,2024-01,1
72209,2024-02-06,Slogans / Code words,Antisemitism,California,2024,2,2024-02,1
72210,2024-02-03,Slogans / Code words,Antisemitism,Kentucky,2024,2,2024-02,1
72211,2024-02-03,Numbers / Symbols,Antisemitism,Michigan,2024,2,2024-02,1
72212,2024-02-03,Slogans / Code words,Antisemitism,Michigan,2024,2,2024-02,1
72213,2024-02-04,Groups / Movements,Antisemitism,Georgia,2024,2,2024-02,1
72214,2024-05-19,Groups / Movements,Antisemitism,Washington,2024,5,2024-05,2
72215,2024-10-05,Slogans / Code words,Antisemitism,Hawaii,2024,10,2024-10,4
72216,2024-06-08,Slogans / Code words,Antisemitism,Hawaii,2024,6,2024-06,2
72217,2024-10-05,Slogans / Code words,Antisemitism,Hawaii,2024,10,2024-10,4
72218,2024-05-21,Slogans / Code words,Antisemitism,New York,2024,5,2024-05,2
72219,2024-10-05,Slogans / Code words,Antisemitism,Hawaii,2024,10,2024-10,4
72220,2024-05-23,Slogans / Code words,Antisemitism,Michigan,2024,5,2024-05,2
72221,2024-05-24,Slogans / Code words,Antisemitism,Arizona,2024,5,2024-05,2
72222,2024-03-09,People,Antisemitism,Illinois,2024,3,2024-03,1
72223,2024-05-02,Slogans / Code words,Antisemitism,Pennsylvania,2024,5,2024-05,2
72224,2024-05-29,Slogans / Code words,Antisemitism,Pennsylvania,2024,5,2024-05,2
72225,2024-06-23,Slogans / Code words,Antisemitism,Pennsylvania,2024,6,2024-06,2
72226,2024-10-06,Slogans / Code words,Antisemitism,Pennsylvania,2024,10,2024-10,4
72227,2024-05-01,Slogans / Code words,Antisemitism,Pennsylvania,2024,5,2024-05,2
72228,2024-07-10,Slogans / Code words,Antisemitism,Pennsylvania,2024,7,2024-07,3
72229,2024-09-24,Groups / Movements,Antisemitism,Florida,2024,9,2024-09,3
72230,2024-09-24,Groups / Movements,Antisemitism,Florida,2024,9,2024-09,3
72231,2024-09-24,Slogans / Code words,Antisemitism,Georgia,2024,9,2024-09,3
72232,2024-09-24,Groups / Movements,Antisemitism,Maryland,2024,9,2024-09,3
72233,2024-11-24,Slogans / Code words,Antisemitism,New York,2024,11,2024-11,4
72234,2024-11-24,Slogans / Code words,Antisemitism,Ohio,2024,11,2024-11,4
72235,2024-03-30,Groups / Movements,Antisemitism,Texas,2024,3,2024-03,1
72236,2024-04-15,Slogans / Code words,Antisemitism,Texas,2024,4,2024-04,2
72237,2024-11-27,Slogans / Code words,Antisemitism,Kansas,2024,11,2024-11,4
72238,2024-05-11,Slogans / Code words,Antisemitism,Texas,2024,5,2024-05,2
72239,2024-11-29,Slogans / Code words,Antisemitism,Florida,2024,11,2024-11,4
72240,2024-11-29,Numbers / Symbols,Antisemitism,Georgia,2024,11,2024-11,4
72241,2024-09-26,Publications,Antisemitism,Texas,2024,9,2024-09,3
72242,2024-11-29,Slogans / Code words,Antisemitism,Maryland,2024,11,2024-11,4
72243,2024-03-16,Slogans / Code words,Antisemitism,Connecticut,2024,3,2024-03,1
72244,2024-03-16,Slogans / Code words,Antisemitism,Florida,2024,3,2024-03,1
72245,2024-03-16,Groups / Movements,Antisemitism,Georgia,2024,3,2024-03,1
72246,2024-01-03,Slogans / Code words,Antisemitism,California,2024,1,2024-01,1
72247,2024-03-30,Groups / Movements,Antisemitism,California,2024,3,2024-03,1
72248,2024-03-16,Numbers / Symbols,Antisemitism,Iowa,2024,3,2024-03,1
72249,2024-03-16,Slogans / Code words,Antisemitism,Massachusetts,2024,3,2024-03,1
72250,2024-03-16,Slogans / Code words,Antisemitism,Minnesota,2024,3,2024-03,1
72251,2024-03-16,Slogans / Code words,Antisemitism,New York,2024,3,2024-03,1
72252,2024-09-24,Groups / Movements,Antisemitism,California,2024,9,2024-09,3
72253,2024-03-30,Slogans / Code words,Antisemitism,California,2024,3,2024-03,1
72254,2024-06-22,Slogans / Code words,Antisemitism,California,2024,6,2024-06,2
72255,2024-04-21,Slogans / Code words,Antisemitism,Georgia,2024,4,2024-04,2
72256,2024-04-21,Numbers / Symbols,Antisemitism,Minnesota,2024,4,2024-04,2
72257,2024-04-21,Slogans / Code words,Antisemitism,New Jersey,2024,4,2024-04,2
72258,2024-04-21,People,Antisemitism,New Jersey,2024,4,2024-04,2
72259,2024-04-21,Slogans / Code words,Antisemitism,New York,2024,4,2024-04,2
72260,2024-04-21,Slogans / Code words,Antisemitism,New York,2024,4,2024-04,2
72261,2024-04-21,Groups / Movements,Antisemitism,North Carolina,2024,4,2024-04,2
72262,2024-04-21,Slogans / Code words,Antisemitism,Virginia,2024,4,2024-04,2
72263,2024-03-02,Slogans / Code words,Antisemitism,Montana,2024,3,2024-03,1
72264,2024-03-02,Slogans / Code words,Antisemitism,Nevada,2024,3,2024-03,1
72265,2024-03-02,Numbers / Symbols,Antisemitism,New Hampshire,2024,3,2024-03,1
72266,2024-03-02,Groups / Movements,Antisemitism,New Mexico,2024,3,2024-03,1
72267,2024-03-02,Slogans / Code words,Antisemitism,New York,2024,3,2024-03,1
72268,2024-03-02,Groups / Movements,Antisemitism,New York,2024,3,2024-03,1
72269,2024-03-02,Groups / Movements,Antisemitism,New York,2024,3,2024-03,1
72270,2024-03-02,Groups / Movements,Antisemitism,New York,2024,3,2024-03,1
72271,2024-03-02,Slogans / Code words,Antisemitism,New York,2024,3,2024-03,1
72272,2024-03-02,Groups / Movements,Antisemitism,North Carolina,2024,3,2024-03,1
72273,2024-10-10,Slogans / Code words,Antisemitism,Nebraska,2024,10,2024-10,4
72274,2024-10-10,Slogans / Code words,Antisemitism,New Hampshire,2024,10,2024-10,4
72275,2024-10-10,Slogans / Code words,Antisemitism,New York,2024,10,2024-10,4
72276,2024-10-10,People,Antisemitism,Rhode Island,2024,10,2024-10,4
72277,2024-10-10,Slogans / Code words,Antisemitism,Washington,2024,10,2024-10,4
72278,2024-11-14,Slogans / Code words,Antisemitism,Texas,2024,11,2024-11,4
72279,2024-10-11,Slogans / Code words,Antisemitism,Indiana,2024,10,2024-10,4
72280,2024-10-12,Groups / Movements,Antisemitism,Ohio,2024,10,2024-10,4
72281,2024-11-15,Groups / Movements,Antisemitism,Texas,2024,11,2024-11,4
72282,2024-11-16,Groups / Movements,Antisemitism,Texas,2024,11,2024-11,4
72283,2024-10-05,Slogans / Code words,Antisemitism,Florida,2024,10,2024-10,4
72284,2024-10-05,Groups / Movements,Antisemitism,Florida,2024,10,2024-10,4
72285,2024-10-05,Numbers / Symbols,Antisemitism,Georgia,2024,10,2024-10,4
72286,2024-08-02,Slogans / Code words,Antisemitism,Pennsylvania,2024,8,2024-08,3
72287,2024-09-15,People,Antisemitism,Pennsylvania,2024,9,2024-09,3
72288,2024-09-25,Groups / Movements,Antisemitism,Pennsylvania,2024,9,2024-09,3
72289,2024-11-29,Numbers / Symbols,Antisemitism,Pennsylvania,2024,11,2024-11,4
72290,2024-02-13,Slogans / Code words,Antisemitism,Pennsylvania,2024,2,2024-02,1
72291,2024-02-16,Slogans / Code words,Antisemitism,Pennsylvania,2024,2,2024-02,1
72292,2024-02-20,People,Antisemitism,Pennsylvania,2024,2,2024-02,1
72293,2024-10-07,Numbers / Symbols,Antisemitism,Florida,2024,10,2024-10,4
72294,2024-10-07,Groups / Movements,Antisemitism,Florida,2024,10,2024-10,4
72295,2024-10-07,Groups / Movements,Antisemitism,Florida,2024,10,2024-10,4
72296,2024-10-07,Groups / Movements,Antisemitism,Georgia,2024,10,2024-10,4
72297,2024-10-07,People,Antisemitism,Georgia,2024,10,2024-10,4
72298,2024-05-19,Slogans / Code words,Antisemitism,Texas,2024,5,2024-05,2
72299,2024-05-28,Numbers / Symbols,Antisemitism,Texas,2024,5,2024-05,2
72300,2024-09-24,Slogans / Code words,Antisemitism,Texas,2024,9,2024-09,3
72301,2024-10-07,Slogans / Code words,Antisemitism,Indiana,2024,10,2024-10,4
72302,2024-10-07,Groups / Movements,Antisemitism,Kentucky,2024,10,2024-10,4
72303,2024-10-09,Slogans / Code words,Antisemitism,Massachusetts,2024,10,2024-10,4
72304,2024-10-09,Numbers / Symbols,Antisemitism,New York,2024,10,2024-10,4
72305,2024-10-09,People,Antisemitism,North Carolina,2024,10,2024-10,4
72306,2024-09-13,Slogans / Code words,Antisemitism,Texas,2024,9,2024-09,3
72307,2024-09-25,Groups / Movements,Antisemitism,Texas,2024,9,2024-09,3
72308,2024-10-09,Groups / Movements,Antisemitism,Virginia,2024,10,2024-10,4
72309,2024-10-09,Slogans / Code words,Antisemitism,Wisconsin,2024,10,2024-10,4
72310,2024-10-05,Groups / Movements,Antisemitism,Texas,2024,10,2024-10,4
72311,2024-10-07,Groups / Movements,Antisemitism,Texas,2024,10,2024-10,4
72312,2024-11-02,Slogans / Code words,Antisemitism,Texas,2024,11,2024-11,4
72313,2024-01-06,Numbers / Symbols,Antisemitism,California,2024,1,2024-01,1
72314,2024-01-23,Conspiracy Theories,Antisemitism,California,2024,1,2024-01,1
72315,2024-02-10,Slogans / Code words,Antisemitism,California,2024,2,2024-02,1
72316,2024-02-12,Slogans / Code words,Antisemitism,California,2024,2,2024-02,1
72317,2024-02-23,Groups / Movements,Antisemitism,California,2024,2,2024-02,1
72318,2024-02-13,Groups / Movements,Antisemitism,Utah,2024,2,2024-02,1
72319,2024-02-29,Slogans / Code words,Antisemitism,California,2024,2,2024-02,1
72320,2024-03-01,Slogans / Code words,Antisemitism,California,2024,3,2024-03,1
72321,2024-03-02,Numbers / Symbols,Antisemitism,California,2024,3,2024-03,1
72322,2024-02-14,Slogans / Code words,Antisemitism,New York,2024,2,2024-02,1
72323,2024-01-16,Slogans / Code words,Antisemitism,Wisconsin,2024,1,2024-01,1
72324,2024-01-16,Slogans / Code words,Antisemitism,Wisconsin,2024,1,2024-01,1
72325,2024-01-18,Numbers / Symbols,Antisemitism,New York,2024,1,2024-01,1
72326,2024-01-20,Numbers / Symbols,Antisemitism,Arkansas,2024,1,2024-01,1
72327,2024-02-20,Slogans / Code words,Antisemitism,California,2024,2,2024-02,1
72328,2024-02-25,Slogans / Code words,Antisemitism,California,2024,2,2024-02,1
72329,2024-01-22,Slogans / Code words,Antisemitism,New York,2024,1,2024-01,1
72330,2024-01-22,Slogans / Code words,Antisemitism,North Carolina,2024,1,2024-01,1
72331,2024-03-23,Slogans / Code words,Antisemitism,California,2024,3,2024-03,1
72332,2024-10-07,Groups / Movements,Antisemitism,California,2024,10,2024-10,4
72333,2024-06-05,Groups / Movements,Antisemitism,New York,2024,6,2024-06,2
72334,2024-06-05,Slogans / Code words,Antisemitism,New York,2024,6,2024-06,2
72335,2024-06-06,Slogans / Code words,Antisemitism,Minnesota,2024,6,2024-06,2
72336,2024-06-06,Numbers / Symbols,Antisemitism,New York,2024,6,2024-06,2
72337,2024-06-06,Slogans / Code words,Antisemitism,New York,2024,6,2024-06,2
72338,2024-06-08,Numbers / Symbols,Antisemitism,Arizona,2024,6,2024-06,2
72339,2024-04-14,Slogans / Code words,Antisemitism,Illinois,2024,4,2024-04,2
72340,2024-04-15,Groups / Movements,Antisemitism,Illinois,2024,4,2024-04,2
72341,2024-04-19,Slogans / Code words,Antisemitism,Illinois,2024,4,2024-04,2
72342,2024-06-08,Groups / Movements,Antisemitism,Kentucky,2024,6,2024-06,2
72343,2024-02-17,Groups / Movements,Antisemitism,Washington D.C.,2024,2,2024-02,1
72344,2024-04-29,Groups / Movements,Antisemitism,Washington,2024,4,2024-04,2
72345,2024-04-29,Groups / Movements,Antisemitism,Wisconsin,2024,4,2024-04,2
72346,2024-03-02,Slogans / Code words,Antisemitism,Washington D.C.,2024,3,2024-03,1
72347,2024-03-08,People,Antisemitism,Washington D.C.,2024,3,2024-03,1
72348,2024-04-30,Slogans / Code words,Antisemitism,Florida,2024,4,2024-04,2
72349,2024-04-30,Slogans / Code words,Antisemitism,Indiana,2024,4,2024-04,2
72350,2024-04-30,Groups / Movements,Antisemitism,New York,2024,4,2024-04,2
72351,2024-04-30,Groups / Movements,Antisemitism,New York,2024,4,2024-04,2
72352,2024-04-30,Slogans / Code words,Antisemitism,New York,2024,4,2024-04,2
72353,2024-03-09,Slogans / Code words,Antisemitism,Iowa,2024,3,2024-03,1
72354,2024-03-09,Groups / Movements,Antisemitism,Louisiana,2024,3,2024-03,1
72355,2024-03-09,Slogans / Code words,Antisemitism,Massachusetts,2024,3,2024-03,1
72356,2024-03-09,Numbers / Symbols,Antisemitism,Minnesota,2024,3,2024-03,1
72357,2024-03-09,Numbers / Symbols,Antisemitism,Nebraska,2024,3,2024-03,1
72358,2024-03-09,Numbers / Symbols,Antisemitism,North Carolina,2024,3,2024-03,1
72359,2024-03-09,Numbers / Symbols,Antisemitism,Ohio,2024,3,2024-03,1
72360,2024-10-07,Numbers / Symbols,Antisemitism,California,2024,10,2024-10,4
72361,2024-03-09,Numbers / Symbols,Antisemitism,Tennessee,2024,3,2024-03,1
72362,2024-02-24,Slogans / Code words,Antisemitism,California,2024,2,2024-02,1
72363,2024-05-01,Numbers / Symbols,Antisemitism,Wisconsin,2024,5,2024-05,2
72364,2024-05-01,Numbers / Symbols,Antisemitism,Wisconsin,2024,5,2024-05,2
72365,2024-05-02,Slogans / Code words,Antisemitism,Idaho,2024,5,2024-05,2
72366,2024-05-02,Groups / Movements,Antisemitism,New York,2024,5,2024-05,2
72367,2024-05-02,Slogans / Code words,Antisemitism,Ohio,2024,5,2024-05,2
72368,2024-05-01,Groups / Movements,Antisemitism,Washington D.C.,2024,5,2024-05,2
72369,2024-05-02,Slogans / Code words,Antisemitism,Rhode Island,2024,5,2024-05,2
72370,2024-05-02,Slogans / Code words,Antisemitism,Wisconsin,2024,5,2024-05,2
72371,2024-05-03,Slogans / Code words,Antisemitism,Georgia,2024,5,2024-05,2
72372,2024-05-03,Slogans / Code words,Antisemitism,Idaho,2024,5,2024-05,2
72373,2024-04-05,Slogans / Code words,Antisemitism,Rhode Island,2024,4,2024-04,2
72374,2024-02-19,Slogans / Code words,Antisemitism,California,2024,2,2024-02,1
72375,2024-10-06,Slogans / Code words,Antisemitism,California,2024,10,2024-10,4
72376,2024-04-05,Slogans / Code words,Antisemitism,Utah,2024,4,2024-04,2
72377,2024-04-05,Numbers / Symbols,Antisemitism,Washington,2024,4,2024-04,2
72378,2024-04-05,Slogans / Code words,Antisemitism,Wisconsin,2024,4,2024-04,2
72379,2024-11-20,Slogans / Code words,Antisemitism,California,2024,11,2024-11,4
72380,2024-09-26,Numbers / Symbols,Antisemitism,California,2024,9,2024-09,3
72381,2024-04-06,Slogans / Code words,Antisemitism,Florida,2024,4,2024-04,2
72382,2024-10-08,Numbers / Symbols,Antisemitism,California,2024,10,2024-10,4
72383,2024-02-18,Slogans / Code words,Antisemitism,North Carolina,2024,2,2024-02,1
72384,2024-02-18,Groups / Movements,Antisemitism,North Carolina,2024,2,2024-02,1
72385,2024-02-18,Slogans / Code words,Antisemitism,South Carolina,2024,2,2024-02,1
72386,2024-02-18,Slogans / Code words,Antisemitism,Wisconsin,2024,2,2024-02,1
72387,2024-05-19,Groups / Movements,Antisemitism,California,2024,5,2024-05,2
72388,2024-05-23,Groups / Movements,Antisemitism,California,2024,5,2024-05,2
72389,2024-02-19,Groups / Movements,Antisemitism,Maryland,2024,2,2024-02,1
72390,2024-02-19,Slogans / Code words,Antisemitism,New York,2024,2,2024-02,1
72391,2024-02-19,Slogans / Code words,Antisemitism,North Carolina,2024,2,2024-02,1
72392,2024-02-19,Slogans / Code words,Antisemitism,North Carolina,2024,2,2024-02,1
72393,2024-06-29,Slogans / Code words,Antisemitism,Tennessee,2024,6,2024-06,2
72394,2024-08-20,Groups / Movements,Antisemitism,Illinois,2024,8,2024-08,3
72395,2024-08-21,Slogans / Code words,Antisemitism,Illinois,2024,8,2024-08,3
72396,2024-06-30,Slogans / Code words,Antisemitism,New York,2024,6,2024-06,2
72397,2024-06-30,Slogans / Code words,Antisemitism,New York,2024,6,2024-06,2
72398,2024-08-22,Slogans / Code words,Antisemitism,Illinois,2024,8,2024-08,3
72399,2024-07-02,Slogans / Code words,Antisemitism,Ohio,2024,7,2024-07,3
72400,2024-09-12,Slogans / Code words,Antisemitism,Illinois,2024,9,2024-09,3
72401,2024-09-12,Slogans / Code words,Antisemitism,Illinois,2024,9,2024-09,3
72402,2024-07-04,Slogans / Code words,Antisemitism,Alaska,2024,7,2024-07,3
72403,2024-10-07,Slogans / Code words,Antisemitism,Louisiana,2024,10,2024-10,4
72404,2024-10-07,Numbers / Symbols,Antisemitism,Louisiana,2024,10,2024-10,4
72405,2024-10-07,Groups / Movements,Antisemitism,Louisiana,2024,10,2024-10,4
72406,2024-10-07,Groups / Movements,Antisemitism,Louisiana,2024,10,2024-10,4
72407,2024-10-07,Groups / Movements,Antisemitism,Louisiana,2024,10,2024-10,4
72408,2024-10-07,Incidents / Events,Antisemitism,Maryland,2024,10,2024-10,4
72409,2024-10-07,Groups / Movements,Antisemitism,Massachusetts,2024,10,2024-10,4
72410,2024-10-07,Slogans / Code words,Antisemitism,Massachusetts,2024,10,2024-10,4
72411,2024-10-07,Numbers / Symbols,Antisemitism,Massachusetts,2024,10,2024-10,4
72412,2024-10-07,Slogans / Code words,Antisemitism,Massachusetts,2024,10,2024-10,4
72413,2024-03-12,Slogans / Code words,Antisemitism,Washington D.C.,2024,3,2024-03,1
72414,2024-03-13,Groups / Movements,Antisemitism,Washington D.C.,2024,3,2024-03,1
72415,2024-03-20,Slogans / Code words,Antisemitism,Washington D.C.,2024,3,2024-03,1
72416,2024-03-25,Slogans / Code words,Antisemitism,Washington D.C.,2024,3,2024-03,1
72417,2024-05-01,Slogans / Code words,Antisemitism,Colorado,2024,5,2024-05,2
72418,2024-03-30,Slogans / Code words,Antisemitism,Washington D.C.,2024,3,2024-03,1
72419,2024-05-01,Slogans / Code words,Antisemitism,Maryland,2024,5,2024-05,2
72420,2024-05-01,Numbers / Symbols,Antisemitism,Michigan,2024,5,2024-05,2
72421,2024-05-01,Slogans / Code words,Antisemitism,Minnesota,2024,5,2024-05,2
72422,2024-05-01,Slogans / Code words,Antisemitism,Minnesota,2024,5,2024-05,2
72423,2024-04-05,Groups / Movements,Antisemitism,Maryland,2024,4,2024-04,2
72424,2024-04-05,Slogans / Code words,Antisemitism,Maryland,2024,4,2024-04,2
72425,2024-04-05,Groups / Movements,Antisemitism,Michigan,2024,4,2024-04,2
72426,2024-04-05,Groups / Movements,Antisemitism,New Jersey,2024,4,2024-04,2
72427,2024-04-05,Slogans / Code words,Antisemitism,New Jersey,2024,4,2024-04,2
72428,2024-04-05,Slogans / Code words,Antisemitism,New Mexico,2024,4,2024-04,2
72429,2024-04-05,Slogans / Code words,Antisemitism,New York,2024,4,2024-04,2
72430,2024-04-05,Slogans / Code words,Antisemitism,New York,2024,4,2024-04,2
72431,2024-04-05,Slogans / Code words,Antisemitism,Ohio,2024,4,2024-04,2
72432,2024-04-05,Numbers / Symbols,Antisemitism,Ohio,2024,4,2024-04,2
72433,2024-04-26,Groups / Movements,Antisemitism,Illinois,2024,4,2024-04,2
72434,2024-09-06,Slogans / Code words,Antisemitism,Michigan,2024,9,2024-09,3
72435,2024-09-12,Groups / Movements,Antisemitism,Georgia,2024,9,2024-09,3
72436,2024-10-05,Groups / Movements,Antisemitism,Illinois,2024,10,2024-10,4
72437,2024-09-12,Groups / Movements,Antisemitism,Indiana,2024,9,2024-09,3
72438,2024-09-12,Slogans / Code words,Antisemitism,Massachusetts,2024,9,2024-09,3
72439,2024-09-12,Slogans / Code words,Antisemitism,Massachusetts,2024,9,2024-09,3
72440,2024-09-12,Slogans / Code words,Antisemitism,Michigan,2024,9,2024-09,3
72441,2024-09-12,Slogans / Code words,Antisemitism,New York,2024,9,2024-09,3
72442,2024-10-25,Slogans / Code words,Antisemitism,Alabama,2024,10,2024-10,4
72443,2024-10-25,Slogans / Code words,Antisemitism,Maine,2024,10,2024-10,4
72444,2024-10-25,Slogans / Code words,Antisemitism,New York,2024,10,2024-10,4
72445,2024-10-26,Slogans / Code words,Antisemitism,New York,2024,10,2024-10,4
72446,2024-02-13,Groups / Movements,Antisemitism,Texas,2024,2,2024-02,1
72447,2024-10-29,Slogans / Code words,Antisemitism,Indiana,2024,10,2024-10,4
72448,2024-10-30,Slogans / Code words,Antisemitism,Massachusetts,2024,10,2024-10,4
72449,2024-02-24,Groups / Movements,Antisemitism,Texas,2024,2,2024-02,1
72450,2024-03-01,Numbers / Symbols,Antisemitism,Texas,2024,3,2024-03,1
72451,2024-03-30,Groups / Movements,Antisemitism,Texas,2024,3,2024-03,1
72452,2024-04-05,Groups / Movements,Antisemitism,Texas,2024,4,2024-04,2
72453,2024-11-02,Groups / Movements,Antisemitism,Georgia,2024,11,2024-11,4
72454,2024-04-13,Groups / Movements,Antisemitism,Texas,2024,4,2024-04,2
72455,2024-11-02,Slogans / Code words,Antisemitism,Massachusetts,2024,11,2024-11,4
72456,2024-11-02,Groups / Movements,Antisemitism,Michigan,2024,11,2024-11,4
72457,2024-11-02,Groups / Movements,Antisemitism,Missouri,2024,11,2024-11,4
72458,2024-11-02,Numbers / Symbols,Antisemitism,New York,2024,11,2024-11,4
72459,2024-11-02,Numbers / Symbols,Antisemitism,North Carolina,2024,11,2024-11,4
72460,2024-05-20,Slogans / Code words,Antisemitism,Texas,2024,5,2024-05,2
72461,2024-11-02,Numbers / Symbols,Antisemitism,South Carolina,2024,11,2024-11,4
72462,2024-07-07,Incidents / Events,Antisemitism,California,2024,7,2024-07,3
72463,2024-06-01,Numbers / Symbols,Antisemitism,California,2024,6,2024-06,2
72464,2024-04-22,Slogans / Code words,Antisemitism,South Carolina,2024,4,2024-04,2
72465,2024-04-22,Slogans / Code words,Antisemitism,Wisconsin,2024,4,2024-04,2
72466,2024-04-23,Numbers / Symbols,Antisemitism,Florida,2024,4,2024-04,2
72467,2024-04-23,Groups / Movements,Antisemitism,New York,2024,4,2024-04,2
72468,2024-04-23,Slogans / Code words,Antisemitism,New York,2024,4,2024-04,2
72469,2024-04-23,Slogans / Code words,Antisemitism,Ohio,2024,4,2024-04,2
72470,2024-04-23,Groups / Movements,Antisemitism,Washington,2024,4,2024-04,2
72471,2024-04-23,Slogans / Code words,Antisemitism,Washington,2024,4,2024-04,2
72472,2024-01-23,People,Antisemitism,North Carolina,2024,1,2024-01,1
72473,2024-01-24,People,Antisemitism,Florida,2024,1,2024-01,1
72474,2024-01-25,Slogans / Code words,Antisemitism,New York,2024,1,2024-01,1
72475,2024-01-25,Slogans / Code words,Antisemitism,New York,2024,1,2024-01,1
72476,2024-01-26,Groups / Movements,Antisemitism,Louisiana,2024,1,2024-01,1
72477,2024-01-26,Slogans / Code words,Antisemitism,Minnesota,2024,1,2024-01,1
72478,2024-01-26,Slogans / Code words,Antisemitism,New Mexico,2024,1,2024-01,1
72479,2024-10-07,Groups / Movements,Antisemitism,California,2024,10,2024-10,4
72480,2024-02-06,Slogans / Code words,Antisemitism,California,2024,2,2024-02,1
72481,2024-01-27,Slogans / Code words,Antisemitism,Wisconsin,2024,1,2024-01,1
72482,2024-11-09,Groups / Movements,Antisemitism,New York,2024,11,2024-11,4
72483,2024-11-09,Numbers / Symbols,Antisemitism,Oregon,2024,11,2024-11,4
72484,2024-11-09,Groups / Movements,Antisemitism,Washington,2024,11,2024-11,4
72485,2024-11-10,Slogans / Code words,Antisemitism,New York,2024,11,2024-11,4
72486,2024-10-05,Numbers / Symbols,Antisemitism,Texas,2024,10,2024-10,4
72487,2024-10-07,Numbers / Symbols,Antisemitism,Texas,2024,10,2024-10,4
72488,2024-10-09,Slogans / Code words,Antisemitism,Texas,2024,10,2024-10,4
72489,2024-11-13,Slogans / Code words,Antisemitism,New Jersey,2024,11,2024-11,4
72490,2024-11-14,Slogans / Code words,Antisemitism,Minnesota,2024,11,2024-11,4
72491,2024-10-20,Numbers / Symbols,Antisemitism,Texas,2024,10,2024-10,4
72492,2024-03-02,Slogans / Code words,Antisemitism,North Carolina,2024,3,2024-03,1
72493,2024-03-02,Slogans / Code words,Antisemitism,North Carolina,2024,3,2024-03,1
72494,2024-03-02,Numbers / Symbols,Antisemitism,North Carolina,2024,3,2024-03,1
72495,2024-03-02,Slogans / Code words,Antisemitism,Ohio,2024,3,2024-03,1
72496,2024-03-02,Groups / Movements,Antisemitism,Ohio,2024,3,2024-03,1
72497,2024-03-02,Numbers / Symbols,Antisemitism,Oregon,2024,3,2024-03,1
72498,2024-08-18,Slogans / Code words,Antisemitism,California,2024,8,2024-08,3
72499,2024-08-25,Slogans / Code words,Antisemitism,California,2024,8,2024-08,3
72500,2024-09-01,Slogans / Code words,Antisemitism,California,2024,9,2024-09,3
72501,2024-03-02,Numbers / Symbols,Antisemitism,Rhode Island,2024,3,2024-03,1
72502,2024-03-02,Numbers / Symbols,Antisemitism,Texas,2024,3,2024-03,1
72503,2024-03-10,People,Antisemitism,Texas,2024,3,2024-03,1
72504,2024-11-21,Numbers / Symbols,Antisemitism,Michigan,2024,11,2024-11,4
72505,2024-11-21,Slogans / Code words,Antisemitism,New York,2024,11,2024-11,4
72506,2024-11-21,Slogans / Code words,Antisemitism,New York,2024,11,2024-11,4
72507,2024-11-21,Slogans / Code words,Antisemitism,Ohio,2024,11,2024-11,4
72508,2024-11-21,Slogans / Code words,Antisemitism,Oklahoma,2024,11,2024-11,4
72509,2024-11-21,Slogans / Code words,Antisemitism,Oregon,2024,11,2024-11,4
72510,2024-11-21,Groups / Movements,Antisemitism,Wisconsin,2024,11,2024-11,4
72511,2024-02-12,Slogans / Code words,Antisemitism,Wyoming,2024,2,2024-02,1
72512,2024-02-13,Numbers / Symbols,Antisemitism,Arizona,2024,2,2024-02,1
72514,2024-04-15,Slogans / Code words,Antisemitism,California,2024,4,2024-04,2
72515,2024-07-07,Slogans / Code words,Antisemitism,California,2024,7,2024-07,3
72516,2024-02-13,Slogans / Code words,Antisemitism,Florida,2024,2,2024-02,1
72517,2024-02-13,Slogans / Code words,Antisemitism,Georgia,2024,2,2024-02,1
72518,2024-02-13,Slogans / Code words,Antisemitism,Missouri,2024,2,2024-02,1
72519,2024-02-13,Slogans / Code words,Antisemitism,New York,2024,2,2024-02,1
72520,2024-02-13,Groups / Movements,Antisemitism,Oregon,2024,2,2024-02,1
72521,2024-03-09,Groups / Movements,Antisemitism,Washington,2024,3,2024-03,1
72522,2024-04-29,Numbers / Symbols,Antisemitism,California,2024,4,2024-04,2
72523,2024-04-30,Slogans / Code words,Antisemitism,California,2024,4,2024-04,2
72524,2024-03-10,Groups / Movements,Antisemitism,Florida,2024,3,2024-03,1
72525,2024-05-21,Numbers / Symbols,Antisemitism,California,2024,5,2024-05,2
72526,2024-11-21,Numbers / Symbols,Antisemitism,California,2024,11,2024-11,4
72527,2024-03-10,Groups / Movements,Antisemitism,Maine,2024,3,2024-03,1
72528,2024-03-10,Slogans / Code words,Antisemitism,Massachusetts,2024,3,2024-03,1
72529,2024-03-10,Groups / Movements,Antisemitism,Michigan,2024,3,2024-03,1
72530,2024-03-10,Slogans / Code words,Antisemitism,New Jersey,2024,3,2024-03,1
72531,2024-10-07,Slogans / Code words,Antisemitism,Virginia,2024,10,2024-10,4
72532,2024-10-07,Slogans / Code words,Antisemitism,Wisconsin,2024,10,2024-10,4
72533,2024-05-07,Slogans / Code words,Antisemitism,Texas,2024,5,2024-05,2
72534,2024-01-08,Slogans / Code words,Antisemitism,Texas,2024,1,2024-01,1
72535,2024-02-09,Groups / Movements,Antisemitism,Texas,2024,2,2024-02,1
72536,2024-02-16,Slogans / Code words,Antisemitism,Texas,2024,2,2024-02,1
72537,2024-03-09,Slogans / Code words,Antisemitism,Texas,2024,3,2024-03,1
72538,2024-03-22,Slogans / Code words,Antisemitism,Texas,2024,3,2024-03,1
72539,2024-10-08,Groups / Movements,Antisemitism,Colorado,2024,10,2024-10,4
72540,2024-03-30,Groups / Movements,Antisemitism,Texas,2024,3,2024-03,1
72541,2024-07-15,Slogans / Code words,Antisemitism,New York,2024,7,2024-07,3
72542,2024-07-16,Slogans / Code words,Antisemitism,Indiana,2024,7,2024-07,3
72543,2024-07-16,"Conspiracy Theories, Key Concepts / Definitions",Antisemitism,Ohio,2024,7,2024-07,3
72544,2024-10-11,Groups / Movements,Antisemitism,Illinois,2024,10,2024-10,4
72545,2024-07-20,Slogans / Code words,Antisemitism,South Dakota,2024,7,2024-07,3
72546,2024-10-13,Slogans / Code words,Antisemitism,Illinois,2024,10,2024-10,4
72547,2024-10-16,Slogans / Code words,Antisemitism,Illinois,2024,10,2024-10,4
72548,2024-07-26,Groups / Movements,Antisemitism,New York,2024,7,2024-07,3
72549,2024-10-19,Groups / Movements,Antisemitism,Illinois,2024,10,2024-10,4
72550,2024-07-28,Slogans / Code words,Antisemitism,New York,2024,7,2024-07,3
72551,2024-04-09,Slogans / Code words,Antisemitism,New York,2024,4,2024-04,2
72552,2024-04-09,Slogans / Code words,Antisemitism,Ohio,2024,4,2024-04,2
72553,2024-04-10,Slogans / Code words,Antisemitism,Connecticut,2024,4,2024-04,2
72554,2024-01-26,Slogans / Code words,Antisemitism,California,2024,1,2024-01,1
72555,2024-04-12,Slogans / Code words,Antisemitism,Arizona,2024,4,2024-04,2
72556,2024-04-12,Numbers / Symbols,Antisemitism,Michigan,2024,4,2024-04,2
72557,2024-04-12,Slogans / Code words,Antisemitism,New York,2024,4,2024-04,2
72558,2024-04-13,Slogans / Code words,Antisemitism,Georgia,2024,4,2024-04,2
72559,2024-03-15,Groups / Movements,Antisemitism,California,2024,3,2024-03,1
72560,2024-03-31,Slogans / Code words,Antisemitism,California,2024,3,2024-03,1
72561,2024-02-17,Slogans / Code words,Antisemitism,Connecticut,2024,2,2024-02,1
72562,2024-03-30,Slogans / Code words,Antisemitism,California,2024,3,2024-03,1
72563,2024-02-17,Slogans / Code words,Antisemitism,Florida,2024,2,2024-02,1
72564,2024-02-17,Groups / Movements,Antisemitism,Georgia,2024,2,2024-02,1
72565,2024-04-15,Slogans / Code words,Antisemitism,California,2024,4,2024-04,2
72566,2024-02-17,Slogans / Code words,Antisemitism,Iowa,2024,2,2024-02,1
72567,2024-02-17,Groups / Movements,Antisemitism,Maryland,2024,2,2024-02,1
72568,2024-02-17,Slogans / Code words,Antisemitism,Massachusetts,2024,2,2024-02,1
72569,2024-02-17,Slogans / Code words,Antisemitism,Massachusetts,2024,2,2024-02,1
72570,2024-02-17,Slogans / Code words,Antisemitism,Missouri,2024,2,2024-02,1
72571,2024-05-01,Slogans / Code words,Antisemitism,New York,2024,5,2024-05,2
72572,2024-05-01,Slogans / Code words,Antisemitism,New York,2024,5,2024-05,2
72573,2024-05-01,Numbers / Symbols,Antisemitism,New York,2024,5,2024-05,2
72574,2024-05-01,Numbers / Symbols,Antisemitism,North Carolina,2024,5,2024-05,2
72575,2024-05-01,Groups / Movements,Antisemitism,Oklahoma,2024,5,2024-05,2
72576,2024-04-06,Slogans / Code words,Antisemitism,Washington D.C.,2024,4,2024-04,2
72577,2024-04-26,Numbers / Symbols,Antisemitism,Washington D.C.,2024,4,2024-04,2
72578,2024-05-01,Slogans / Code words,Antisemitism,Vermont,2024,5,2024-05,2
72579,2024-05-01,Slogans / Code words,Antisemitism,Virginia,2024,5,2024-05,2
72580,2024-05-01,Numbers / Symbols,Antisemitism,West Virginia,2024,5,2024-05,2
72581,2024-03-13,Groups / Movements,Antisemitism,Missouri,2024,3,2024-03,1
72582,2024-03-13,Slogans / Code words,Antisemitism,New Hampshire,2024,3,2024-03,1
72583,2024-03-13,Slogans / Code words,Antisemitism,New Jersey,2024,3,2024-03,1
72584,2024-03-13,Numbers / Symbols,Antisemitism,New Mexico,2024,3,2024-03,1
72585,2024-03-13,Slogans / Code words,Antisemitism,New York,2024,3,2024-03,1
72586,2024-03-13,Slogans / Code words,Antisemitism,Ohio,2024,3,2024-03,1
72587,2024-03-13,People,Antisemitism,Washington,2024,3,2024-03,1
72588,2024-03-14,Numbers / Symbols,Antisemitism,Arkansas,2024,3,2024-03,1
72589,2024-08-10,People,Antisemitism,California,2024,8,2024-08,3
72590,2024-03-14,Slogans / Code words,Antisemitism,Massachusetts,2024,3,2024-03,1
68727,2024-12-26,Groups / Movements,Antisemitism,Maryland,2024,12,2024-12,4
68728,2024-12-26,Groups / Movements,Antisemitism,Maryland,2024,12,2024-12,4
68733,2024-12-26,Groups / Movements,Antisemitism,Rhode Island,2024,12,2024-12,4
68734,2024-12-26,Groups / Movements,Antisemitism,Rhode Island,2024,12,2024-12,4
68736,2024-12-26,Groups / Movements,Antisemitism,Wisconsin,2024,12,2024-12,4
68741,2024-12-27,Groups / Movements,Antisemitism,Missouri,2024,12,2024-12,4
68742,2024-12-27,Groups / Movements,Antisemitism,Nebraska,2024,12,2024-12,4
72591,2024-10-07,Slogans / Code words,Antisemitism,California,2024,10,2024-10,4
72592,2024-04-13,Slogans / Code words,Antisemitism,Virginia,2024,4,2024-04,2
72593,2024-10-09,Groups / Movements,Antisemitism,California,2024,10,2024-10,4
72594,2024-04-14,Numbers / Symbols,Antisemitism,New Jersey,2024,4,2024-04,2
72595,2024-04-14,Numbers / Symbols,Antisemitism,New Jersey,2024,4,2024-04,2
72596,2024-04-14,Slogans / Code words,Antisemitism,North Carolina,2024,4,2024-04,2
72597,2024-04-02,Slogans / Code words,Antisemitism,California,2024,4,2024-04,2
72598,2024-04-14,Slogans / Code words,Antisemitism,Washington,2024,4,2024-04,2
72599,2024-04-14,Groups / Movements,Antisemitism,Wisconsin,2024,4,2024-04,2
72600,2024-04-15,Numbers / Symbols,Antisemitism,Arizona,2024,4,2024-04,2
72601,2024-07-28,Slogans / Code words,Antisemitism,Ohio,2024,7,2024-07,3
72602,2024-07-30,Groups / Movements,Antisemitism,Kentucky,2024,7,2024-07,3
72603,2024-07-31,Slogans / Code words,Antisemitism,New York,2024,7,2024-07,3
72604,2024-08-02,Slogans / Code words,Antisemitism,Minnesota,2024,8,2024-08,3
72605,2024-08-02,Slogans / Code words,Antisemitism,New York,2024,8,2024-08,3
72606,2024-10-24,Slogans / Code words,Antisemitism,Illinois,2024,10,2024-10,4
72607,2024-11-02,Groups / Movements,Antisemitism,Illinois,2024,11,2024-11,4
72608,2024-11-06,Numbers / Symbols,Antisemitism,Illinois,2024,11,2024-11,4
72609,2024-08-03,Numbers / Symbols,Antisemitism,Maryland,2024,8,2024-08,3
72610,2024-08-03,Slogans / Code words,Antisemitism,New York,2024,8,2024-08,3
72611,2024-04-28,Numbers / Symbols,Antisemitism,Connecticut,2024,4,2024-04,2
72612,2024-04-28,People,Antisemitism,Georgia,2024,4,2024-04,2
72613,2024-04-28,Slogans / Code words,Antisemitism,New York,2024,4,2024-04,2
72614,2024-04-28,Slogans / Code words,Antisemitism,New York,2024,4,2024-04,2
72615,2024-04-28,Slogans / Code words,Antisemitism,West Virginia,2024,4,2024-04,2
72616,2024-02-14,Numbers / Symbols,Antisemitism,Washington D.C.,2024,2,2024-02,1
72617,2024-04-29,Slogans / Code words,Antisemitism,Massachusetts,2024,4,2024-04,2
72618,2024-04-29,Slogans / Code words,Antisemitism,Minnesota,2024,4,2024-04,2
72619,2024-04-29,Groups / Movements,Antisemitism,New York,2024,4,2024-04,2
72620,2024-04-29,Slogans / Code words,Antisemitism,Oregon,2024,4,2024-04,2
72621,2024-04-06,Numbers / Symbols,Antisemitism,Massachusetts,2024,4,2024-04,2
72622,2024-04-06,Numbers / Symbols,Antisemitism,Tennessee,2024,4,2024-04,2
72623,2024-04-06,Slogans / Code words,Antisemitism,Virginia,2024,4,2024-04,2
72624,2024-10-10,Numbers / Symbols,Antisemitism,California,2024,10,2024-10,4
72625,2024-04-30,Slogans / Code words,Antisemitism,California,2024,4,2024-04,2
72626,2024-04-07,Slogans / Code words,Antisemitism,Missouri,2024,4,2024-04,2
72627,2024-04-07,Slogans / Code words,Antisemitism,New Jersey,2024,4,2024-04,2
72628,2024-04-07,Slogans / Code words,Antisemitism,New York,2024,4,2024-04,2
72629,2024-04-07,Numbers / Symbols,Antisemitism,North Carolina,2024,4,2024-04,2
72630,2024-04-07,Slogans / Code words,Antisemitism,North Carolina,2024,4,2024-04,2
72631,2024-05-08,Slogans / Code words,Antisemitism,Pennsylvania,2024,5,2024-05,2
72632,2024-05-25,Slogans / Code words,Antisemitism,Pennsylvania,2024,5,2024-05,2
72633,2024-05-30,Slogans / Code words,Antisemitism,Pennsylvania,2024,5,2024-05,2
72634,2024-10-05,People,Antisemitism,Colorado,2024,10,2024-10,4
72635,2024-10-05,Numbers / Symbols,Antisemitism,Connecticut,2024,10,2024-10,4
72636,2024-10-05,Slogans / Code words,Antisemitism,Delaware,2024,10,2024-10,4
72637,2024-10-05,Slogans / Code words,Antisemitism,Florida,2024,10,2024-10,4
72638,2024-10-05,Groups / Movements,Antisemitism,Florida,2024,10,2024-10,4
72639,2024-10-05,Groups / Movements,Antisemitism,Florida,2024,10,2024-10,4
72640,2024-04-15,Groups / Movements,Antisemitism,Texas,2024,4,2024-04,2
72641,2024-10-20,Numbers / Symbols,Antisemitism,Michigan,2024,10,2024-10,4
72642,2024-10-20,Slogans / Code words,Antisemitism,Mississippi,2024,10,2024-10,4
72643,2024-10-20,Slogans / Code words,Antisemitism,New York,2024,10,2024-10,4
72644,2024-02-08,Slogans / Code words,Antisemitism,Texas,2024,2,2024-02,1
72645,2024-10-21,Slogans / Code words,Antisemitism,New York,2024,10,2024-10,4
72646,2024-10-22,Groups / Movements,Antisemitism,New York,2024,10,2024-10,4
72647,2024-02-10,Slogans / Code words,Antisemitism,Texas,2024,2,2024-02,1
72648,2024-10-24,Slogans / Code words,Antisemitism,New York,2024,10,2024-10,4
72649,2024-10-24,Slogans / Code words,Antisemitism,New York,2024,10,2024-10,4
72650,2024-02-24,Slogans / Code words,Antisemitism,Pennsylvania,2024,2,2024-02,1
72651,2024-09-27,Slogans / Code words,Antisemitism,Massachusetts,2024,9,2024-09,3
72652,2024-09-28,Slogans / Code words,Antisemitism,New Mexico,2024,9,2024-09,3
72653,2024-09-28,Groups / Movements,Antisemitism,Ohio,2024,9,2024-09,3
72654,2024-09-28,Slogans / Code words,Antisemitism,Wisconsin,2024,9,2024-09,3
72655,2024-03-02,Groups / Movements,Antisemitism,Pennsylvania,2024,3,2024-03,1
72656,2024-03-09,Slogans / Code words,Antisemitism,Pennsylvania,2024,3,2024-03,1
72657,2024-09-29,Slogans / Code words,Antisemitism,Michigan,2024,9,2024-09,3
72658,2024-03-18,Numbers / Symbols,Antisemitism,Pennsylvania,2024,3,2024-03,1
72659,2024-03-30,Slogans / Code words,Antisemitism,Pennsylvania,2024,3,2024-03,1
72660,2024-04-05,Slogans / Code words,Antisemitism,Texas,2024,4,2024-04,2
72661,2024-10-08,Numbers / Symbols,Antisemitism,Massachusetts,2024,10,2024-10,4
72662,2024-10-08,Groups / Movements,Antisemitism,New York,2024,10,2024-10,4
72663,2024-10-08,Numbers / Symbols,Antisemitism,Ohio,2024,10,2024-10,4
72664,2024-05-28,Slogans / Code words,Antisemitism,Texas,2024,5,2024-05,2
72665,2024-10-08,Slogans / Code words,Antisemitism,Washington,2024,10,2024-10,4
72666,2024-10-09,Slogans / Code words,Antisemitism,Arkansas,2024,10,2024-10,4
72667,2024-07-06,Slogans / Code words,Antisemitism,Texas,2024,7,2024-07,3
72668,2024-07-16,Groups / Movements,Antisemitism,Texas,2024,7,2024-07,3
72669,2024-10-09,Slogans / Code words,Antisemitism,Indiana,2024,10,2024-10,4
72670,2024-10-27,Numbers / Symbols,Antisemitism,California,2024,10,2024-10,4
72671,2024-03-07,Groups / Movements,Antisemitism,Wisconsin,2024,3,2024-03,1
72672,2024-03-08,Slogans / Code words,Antisemitism,Arizona,2024,3,2024-03,1
72673,2024-03-08,Groups / Movements,Antisemitism,Arizona,2024,3,2024-03,1
72674,2024-11-17,Numbers / Symbols,Antisemitism,California,2024,11,2024-11,4
72675,2024-12-22,Groups / Movements,Antisemitism,California,2024,12,2024-12,4
72676,2024-03-08,Slogans / Code words,Antisemitism,Colorado,2024,3,2024-03,1
72677,2024-01-23,Conspiracy Theories,Antisemitism,California,2024,1,2024-01,1
72678,2024-03-08,Groups / Movements,Antisemitism,Georgia,2024,3,2024-03,1
72679,2024-03-08,Slogans / Code words,Antisemitism,Maryland,2024,3,2024-03,1
72680,2024-03-08,Slogans / Code words,Antisemitism,Michigan,2024,3,2024-03,1
72681,2024-03-08,Slogans / Code words,Antisemitism,New Jersey,2024,3,2024-03,1
72682,2024-03-08,Groups / Movements,Antisemitism,New Mexico,2024,3,2024-03,1
72683,2024-03-08,People,Antisemitism,New York,2024,3,2024-03,1
72684,2024-03-08,Slogans / Code words,Antisemitism,New York,2024,3,2024-03,1
72685,2024-03-08,Slogans / Code words,Antisemitism,New York,2024,3,2024-03,1
72686,2024-03-08,Groups / Movements,Antisemitism,Ohio,2024,3,2024-03,1
72687,2024-03-08,People,Antisemitism,Ohio,2024,3,2024-03,1
72688,2024-01-09,Slogans / Code words,Antisemitism,California,2024,1,2024-01,1
72689,2024-03-08,Groups / Movements,Antisemitism,Rhode Island,2024,3,2024-03,1
72690,2024-10-06,Slogans / Code words,Antisemitism,Massachusetts,2024,10,2024-10,4
72691,2024-10-06,Groups / Movements,Antisemitism,Minnesota,2024,10,2024-10,4
72692,2024-10-06,Groups / Movements,Antisemitism,Missouri,2024,10,2024-10,4
72693,2024-10-06,Slogans / Code words,Antisemitism,New Jersey,2024,10,2024-10,4
72694,2024-10-06,Groups / Movements,Antisemitism,New York,2024,10,2024-10,4
72695,2024-09-03,People,Antisemitism,Pennsylvania,2024,9,2024-09,3
72696,2024-09-25,Slogans / Code words,Antisemitism,Pennsylvania,2024,9,2024-09,3
72697,2024-10-03,Groups / Movements,Antisemitism,Pennsylvania,2024,10,2024-10,4
72698,2024-10-09,Slogans / Code words,Antisemitism,Pennsylvania,2024,10,2024-10,4
72699,2024-02-17,Slogans / Code words,Antisemitism,Pennsylvania,2024,2,2024-02,1
72700,2024-01-01,Groups / Movements,Antisemitism,New York,2024,1,2024-01,1
72701,2024-01-02,Slogans / Code words,Antisemitism,Indiana,2024,1,2024-01,1
72702,2024-02-12,Numbers / Symbols,Antisemitism,California,2024,2,2024-02,1
72703,2024-03-03,Slogans / Code words,Antisemitism,California,2024,3,2024-03,1
72704,2024-03-09,Slogans / Code words,Antisemitism,California,2024,3,2024-03,1
72705,2024-01-05,Slogans / Code words,Antisemitism,Wisconsin,2024,1,2024-01,1
72706,2024-07-03,Numbers / Symbols,Antisemitism,California,2024,7,2024-07,3
72707,2024-10-07,Slogans / Code words,Antisemitism,California,2024,10,2024-10,4
72708,2024-11-01,Numbers / Symbols,Antisemitism,California,2024,11,2024-11,4
72709,2024-03-27,Publications,Antisemitism,California,2024,3,2024-03,1
72710,2024-02-08,Groups / Movements,Antisemitism,Georgia,2024,2,2024-02,1
72711,2024-02-08,Slogans / Code words,Antisemitism,Michigan,2024,2,2024-02,1
72712,2024-02-08,Groups / Movements,Antisemitism,New Jersey,2024,2,2024-02,1
72713,2024-02-08,Slogans / Code words,Antisemitism,New York,2024,2,2024-02,1
72714,2024-04-07,Slogans / Code words,Antisemitism,California,2024,4,2024-04,2
72715,2024-02-09,Slogans / Code words,Antisemitism,New Jersey,2024,2,2024-02,1
72716,2024-02-09,Slogans / Code words,Antisemitism,New Jersey,2024,2,2024-02,1
72717,2024-02-09,Slogans / Code words,Antisemitism,New York,2024,2,2024-02,1
72718,2024-02-09,Slogans / Code words,Antisemitism,Ohio,2024,2,2024-02,1
72719,2024-11-19,Slogans / Code words,Antisemitism,California,2024,11,2024-11,4
72720,2024-03-30,Groups / Movements,Antisemitism,Ohio,2024,3,2024-03,1
72721,2024-03-30,Slogans / Code words,Antisemitism,Ohio,2024,3,2024-03,1
72722,2024-03-30,Slogans / Code words,Antisemitism,Ohio,2024,3,2024-03,1
72723,2024-03-30,Groups / Movements,Antisemitism,Ohio,2024,3,2024-03,1
72724,2024-03-30,Groups / Movements,Antisemitism,Oregon,2024,3,2024-03,1
72725,2024-08-11,Numbers / Symbols,Antisemitism,California,2024,8,2024-08,3
72726,2024-08-29,Slogans / Code words,Antisemitism,California,2024,8,2024-08,3
72727,2024-03-30,Numbers / Symbols,Antisemitism,Rhode Island,2024,3,2024-03,1
72728,2024-09-24,Slogans / Code words,Antisemitism,California,2024,9,2024-09,3
72729,2024-09-29,Groups / Movements,Antisemitism,California,2024,9,2024-09,3
72730,2024-05-18,Numbers / Symbols,Antisemitism,Nevada,2024,5,2024-05,2
72731,2024-05-18,Numbers / Symbols,Antisemitism,New Mexico,2024,5,2024-05,2
72732,2024-05-18,Groups / Movements,Antisemitism,New York,2024,5,2024-05,2
72733,2024-05-18,Numbers / Symbols,Antisemitism,Utah,2024,5,2024-05,2
72734,2024-02-17,Slogans / Code words,Antisemitism,Hawaii,2024,2,2024-02,1
72735,2024-05-19,Groups / Movements,Antisemitism,Georgia,2024,5,2024-05,2
72736,2024-05-19,Numbers / Symbols,Antisemitism,Massachusetts,2024,5,2024-05,2
72737,2024-05-19,Numbers / Symbols,Antisemitism,New Jersey,2024,5,2024-05,2
72738,2024-05-19,Groups / Movements,Antisemitism,North Carolina,2024,5,2024-05,2
72739,2024-03-02,Slogans / Code words,Antisemitism,Hawaii,2024,3,2024-03,1
72740,2024-03-08,Numbers / Symbols,Antisemitism,California,2024,3,2024-03,1
72741,2024-02-15,Slogans / Code words,Antisemitism,Arizona,2024,2,2024-02,1
72742,2024-03-09,Groups / Movements,Antisemitism,California,2024,3,2024-03,1
72743,2024-02-15,Groups / Movements,Antisemitism,Florida,2024,2,2024-02,1
72744,2024-02-15,Numbers / Symbols,Antisemitism,New York,2024,2,2024-02,1
72745,2024-02-15,Groups / Movements,Antisemitism,Wisconsin,2024,2,2024-02,1
72746,2024-02-16,Slogans / Code words,Antisemitism,Arizona,2024,2,2024-02,1
72747,2024-02-16,Slogans / Code words,Antisemitism,Colorado,2024,2,2024-02,1
72748,2024-03-10,Slogans / Code words,Antisemitism,California,2024,3,2024-03,1
72749,2024-02-16,Numbers / Symbols,Antisemitism,Kentucky,2024,2,2024-02,1
72750,2024-05-24,Slogans / Code words,Antisemitism,California,2024,5,2024-05,2
72751,2024-06-03,Groups / Movements,Antisemitism,California,2024,6,2024-06,2
72752,2024-06-08,Slogans / Code words,Antisemitism,California,2024,6,2024-06,2
72753,2024-02-20,Groups / Movements,Antisemitism,Utah,2024,2,2024-02,1
72754,2024-02-20,Slogans / Code words,Antisemitism,Wisconsin,2024,2,2024-02,1
72755,2024-02-21,Slogans / Code words,Antisemitism,Florida,2024,2,2024-02,1
72756,2024-02-21,Numbers / Symbols,Antisemitism,Georgia,2024,2,2024-02,1
72757,2024-02-21,Slogans / Code words,Antisemitism,Minnesota,2024,2,2024-02,1
72758,2024-02-21,Slogans / Code words,Antisemitism,Minnesota,2024,2,2024-02,1
72759,2024-02-21,Numbers / Symbols,Antisemitism,Nebraska,2024,2,2024-02,1
72760,2024-02-21,Groups / Movements,Antisemitism,New Jersey,2024,2,2024-02,1
72761,2024-06-12,Slogans / Code words,Antisemitism,California,2024,6,2024-06,2
72762,2024-02-22,Slogans / Code words,Antisemitism,New York,2024,2,2024-02,1
72763,2024-02-22,Slogans / Code words,Antisemitism,North Carolina,2024,2,2024-02,1
72764,2024-06-12,Slogans / Code words,Antisemitism,California,2024,6,2024-06,2
72765,2024-06-15,Slogans / Code words,Antisemitism,California,2024,6,2024-06,2
72766,2024-02-23,Groups / Movements,Antisemitism,Georgia,2024,2,2024-02,1
72767,2024-07-02,Slogans / Code words,Antisemitism,California,2024,7,2024-07,3
72768,2024-09-24,Slogans / Code words,Antisemitism,California,2024,9,2024-09,3
72769,2024-05-05,Slogans / Code words,Antisemitism,California,2024,5,2024-05,2
72770,2024-05-26,Numbers / Symbols,Antisemitism,California,2024,5,2024-05,2
72771,2024-05-31,Numbers / Symbols,Antisemitism,California,2024,5,2024-05,2
72772,2024-06-02,Slogans / Code words,Antisemitism,California,2024,6,2024-06,2
72773,2024-06-16,Slogans / Code words,Antisemitism,California,2024,6,2024-06,2
72774,2024-03-02,Slogans / Code words,Antisemitism,Colorado,2024,3,2024-03,1
72775,2024-06-30,Slogans / Code words,Antisemitism,California,2024,6,2024-06,2
72776,2024-03-02,Numbers / Symbols,Antisemitism,Florida,2024,3,2024-03,1
72777,2024-03-02,Groups / Movements,Antisemitism,Florida,2024,3,2024-03,1
72778,2024-03-02,Slogans / Code words,Antisemitism,Florida,2024,3,2024-03,1
72779,2024-03-02,Slogans / Code words,Antisemitism,Georgia,2024,3,2024-03,1
72780,2024-07-07,Slogans / Code words,Antisemitism,California,2024,7,2024-07,3
72781,2024-03-02,Slogans / Code words,Antisemitism,Idaho,2024,3,2024-03,1
72782,2024-07-14,Slogans / Code words,Antisemitism,California,2024,7,2024-07,3
72783,2024-08-04,People,Antisemitism,California,2024,8,2024-08,3
72784,2024-03-02,Slogans / Code words,Antisemitism,Indiana,2024,3,2024-03,1
72785,2024-03-02,Groups / Movements,Antisemitism,Indiana,2024,3,2024-03,1
72786,2024-03-02,Numbers / Symbols,Antisemitism,Iowa,2024,3,2024-03,1
72787,2024-03-02,Slogans / Code words,Antisemitism,Kansas,2024,3,2024-03,1
72788,2024-03-02,Numbers / Symbols,Antisemitism,Louisiana,2024,3,2024-03,1
72789,2024-03-10,Slogans / Code words,Antisemitism,New Jersey,2024,3,2024-03,1
72790,2024-03-10,Groups / Movements,Antisemitism,North Carolina,2024,3,2024-03,1
72791,2024-03-10,Groups / Movements,Antisemitism,North Carolina,2024,3,2024-03,1
72792,2024-02-06,Slogans / Code words,Antisemitism,California,2024,2,2024-02,1
72793,2024-03-11,Slogans / Code words,Antisemitism,Washington,2024,3,2024-03,1
72794,2024-02-15,Numbers / Symbols,Antisemitism,California,2024,2,2024-02,1
72795,2024-03-02,Groups / Movements,Antisemitism,California,2024,3,2024-03,1
72796,2024-03-12,Slogans / Code words,Antisemitism,Florida,2024,3,2024-03,1
72797,2024-03-12,Groups / Movements,Antisemitism,Missouri,2024,3,2024-03,1
72798,2024-03-12,Publications,Antisemitism,New Hampshire,2024,3,2024-03,1
72799,2024-03-12,Slogans / Code words,Antisemitism,New York,2024,3,2024-03,1
72800,2024-03-12,Slogans / Code words,Antisemitism,Washington,2024,3,2024-03,1
72801,2024-03-13,Slogans / Code words,Antisemitism,Arizona,2024,3,2024-03,1
72802,2024-03-12,Numbers / Symbols,Antisemitism,California,2024,3,2024-03,1
72803,2024-03-30,Groups / Movements,Antisemitism,California,2024,3,2024-03,1
72804,2024-04-21,Groups / Movements,Antisemitism,California,2024,4,2024-04,2
72805,2024-03-13,Groups / Movements,Antisemitism,Georgia,2024,3,2024-03,1
72806,2024-03-13,Slogans / Code words,Antisemitism,Louisiana,2024,3,2024-03,1
72807,2024-03-13,Slogans / Code words,Antisemitism,Maine,2024,3,2024-03,1
72808,2024-03-13,Slogans / Code words,Antisemitism,Massachusetts,2024,3,2024-03,1
72809,2024-03-16,Slogans / Code words,Antisemitism,Rhode Island,2024,3,2024-03,1
72810,2024-03-17,Slogans / Code words,Antisemitism,Florida,2024,3,2024-03,1
72811,2024-03-17,Groups / Movements,Antisemitism,North Carolina,2024,3,2024-03,1
72812,2024-03-17,Groups / Movements,Antisemitism,Washington,2024,3,2024-03,1
72813,2024-03-18,Slogans / Code words,Antisemitism,New Jersey,2024,3,2024-03,1
72814,2024-03-18,Slogans / Code words,Antisemitism,Ohio,2024,3,2024-03,1
72815,2024-10-05,Numbers / Symbols,Antisemitism,California,2024,10,2024-10,4
72816,2024-03-18,Slogans / Code words,Antisemitism,South Carolina,2024,3,2024-03,1
72817,2024-03-19,Slogans / Code words,Antisemitism,Indiana,2024,3,2024-03,1
72818,2024-03-19,Slogans / Code words,Antisemitism,Massachusetts,2024,3,2024-03,1
72819,2024-03-23,Slogans / Code words,Antisemitism,California,2024,3,2024-03,1
72820,2024-03-22,Slogans / Code words,Antisemitism,New Jersey,2024,3,2024-03,1
72821,2024-03-22,Slogans / Code words,Antisemitism,New Jersey,2024,3,2024-03,1
72822,2024-03-29,Slogans / Code words,Antisemitism,California,2024,3,2024-03,1
72823,2024-03-22,Slogans / Code words,Antisemitism,Virginia,2024,3,2024-03,1
72824,2024-03-22,Slogans / Code words,Antisemitism,Wisconsin,2024,3,2024-03,1
72825,2024-03-23,Slogans / Code words,Antisemitism,Arizona,2024,3,2024-03,1
72826,2024-04-22,Slogans / Code words,Antisemitism,California,2024,4,2024-04,2
72827,2024-09-24,Groups / Movements,Antisemitism,California,2024,9,2024-09,3
72828,2024-03-23,Slogans / Code words,Antisemitism,Colorado,2024,3,2024-03,1
72829,2024-05-11,Groups / Movements,Antisemitism,North Carolina,2024,5,2024-05,2
72830,2024-05-11,Groups / Movements,Antisemitism,North Carolina,2024,5,2024-05,2
72831,2024-09-24,Groups / Movements,Antisemitism,Washington D.C.,2024,9,2024-09,3
72832,2024-10-05,Numbers / Symbols,Antisemitism,Washington D.C.,2024,10,2024-10,4
72833,2024-05-11,Slogans / Code words,Antisemitism,Virginia,2024,5,2024-05,2
72834,2024-05-11,Slogans / Code words,Antisemitism,Virginia,2024,5,2024-05,2
72835,2024-05-11,Numbers / Symbols,Antisemitism,Washington,2024,5,2024-05,2
72836,2024-10-07,Slogans / Code words,Antisemitism,Washington D.C.,2024,10,2024-10,4
72837,2024-05-12,Slogans / Code words,Antisemitism,New Jersey,2024,5,2024-05,2
72838,2024-05-12,Slogans / Code words,Antisemitism,North Carolina,2024,5,2024-05,2
72839,2024-04-07,People,Antisemitism,Virginia,2024,4,2024-04,2
72840,2024-10-08,Numbers / Symbols,Antisemitism,California,2024,10,2024-10,4
72841,2024-04-08,Numbers / Symbols,Antisemitism,Indiana,2024,4,2024-04,2
72842,2024-04-08,Slogans / Code words,Antisemitism,New Jersey,2024,4,2024-04,2
72843,2024-04-08,Slogans / Code words,Antisemitism,New York,2024,4,2024-04,2
72844,2024-04-08,Slogans / Code words,Antisemitism,Wisconsin,2024,4,2024-04,2
72845,2024-04-09,Slogans / Code words,Antisemitism,Arizona,2024,4,2024-04,2
72846,2024-04-09,Slogans / Code words,Antisemitism,Florida,2024,4,2024-04,2
72847,2024-11-26,Numbers / Symbols,Antisemitism,California,2024,11,2024-11,4
72848,2024-04-09,Slogans / Code words,Antisemitism,Minnesota,2024,4,2024-04,2
72849,2024-04-15,Slogans / Code words,Antisemitism,Oregon,2024,4,2024-04,2
72850,2024-04-15,Numbers / Symbols,Antisemitism,Rhode Island,2024,4,2024-04,2
72851,2024-04-22,Groups / Movements,Antisemitism,California,2024,4,2024-04,2
72852,2024-04-15,Slogans / Code words,Antisemitism,Virginia,2024,4,2024-04,2
72853,2024-04-15,Slogans / Code words,Antisemitism,Washington,2024,4,2024-04,2
72854,2024-04-15,Numbers / Symbols,Antisemitism,Washington,2024,4,2024-04,2
72855,2024-04-16,Numbers / Symbols,Antisemitism,Arizona,2024,4,2024-04,2
72856,2024-10-10,Slogans / Code words,Antisemitism,California,2024,10,2024-10,4
72857,2024-04-17,Slogans / Code words,Antisemitism,Maryland,2024,4,2024-04,2
72858,2024-04-20,Numbers / Symbols,Antisemitism,Alabama,2024,4,2024-04,2
72859,2024-04-20,Slogans / Code words,Antisemitism,Arizona,2024,4,2024-04,2
72860,2024-04-20,Slogans / Code words,Antisemitism,Arkansas,2024,4,2024-04,2
72861,2024-04-20,Slogans / Code words,Antisemitism,Colorado,2024,4,2024-04,2
72862,2024-03-02,Numbers / Symbols,Antisemitism,California,2024,3,2024-03,1
72863,2024-04-20,Groups / Movements,Antisemitism,Iowa,2024,4,2024-04,2
72864,2024-04-20,Slogans / Code words,Antisemitism,Maine,2024,4,2024-04,2
72865,2024-04-20,Groups / Movements,Antisemitism,Minnesota,2024,4,2024-04,2
72866,2024-04-20,Groups / Movements,Antisemitism,New York,2024,4,2024-04,2
72867,2024-04-20,Slogans / Code words,Antisemitism,New York,2024,4,2024-04,2
72868,2024-05-07,Numbers / Symbols,Antisemitism,Washington D.C.,2024,5,2024-05,2
72869,2024-05-03,Slogans / Code words,Antisemitism,Missouri,2024,5,2024-05,2
72870,2024-05-24,Numbers / Symbols,Antisemitism,Washington D.C.,2024,5,2024-05,2
72871,2024-05-03,Slogans / Code words,Antisemitism,Washington,2024,5,2024-05,2
72872,2024-05-04,Numbers / Symbols,Antisemitism,Georgia,2024,5,2024-05,2
72873,2024-05-04,Slogans / Code words,Antisemitism,Virginia,2024,5,2024-05,2
72874,2024-05-28,Groups / Movements,Antisemitism,Washington D.C.,2024,5,2024-05,2
72875,2024-05-05,Publications,Antisemitism,New Hampshire,2024,5,2024-05,2
72876,2024-06-08,Groups / Movements,Antisemitism,Washington D.C.,2024,6,2024-06,2
72877,2024-05-06,Slogans / Code words,Antisemitism,Indiana,2024,5,2024-05,2
72878,2024-05-06,Slogans / Code words,Antisemitism,Massachusetts,2024,5,2024-05,2
72879,2024-05-06,Slogans / Code words,Antisemitism,Vermont,2024,5,2024-05,2
72880,2024-07-09,Slogans / Code words,Antisemitism,Washington D.C.,2024,7,2024-07,3
72881,2024-05-07,Numbers / Symbols,Antisemitism,Florida,2024,5,2024-05,2
72882,2024-05-07,Groups / Movements,Antisemitism,Georgia,2024,5,2024-05,2
72883,2024-05-07,Groups / Movements,Antisemitism,Kentucky,2024,5,2024-05,2
72884,2024-05-07,Slogans / Code words,Antisemitism,Maine,2024,5,2024-05,2
72885,2024-05-07,Numbers / Symbols,Antisemitism,New Mexico,2024,5,2024-05,2
72886,2024-05-07,Numbers / Symbols,Antisemitism,New York,2024,5,2024-05,2
72887,2024-07-22,Slogans / Code words,Antisemitism,Washington D.C.,2024,7,2024-07,3
72888,2024-05-09,Groups / Movements,Antisemitism,South Carolina,2024,5,2024-05,2
72889,2024-05-10,Slogans / Code words,Antisemitism,New York,2024,5,2024-05,2
72890,2024-05-11,People,Antisemitism,Florida,2024,5,2024-05,2
72891,2024-05-11,Numbers / Symbols,Antisemitism,Georgia,2024,5,2024-05,2
72892,2024-05-11,Groups / Movements,Antisemitism,Georgia,2024,5,2024-05,2
72893,2024-05-11,Groups / Movements,Antisemitism,Idaho,2024,5,2024-05,2
72894,2024-05-11,Numbers / Symbols,Antisemitism,Maryland,2024,5,2024-05,2
72895,2024-05-11,Groups / Movements,Antisemitism,New Mexico,2024,5,2024-05,2
72896,2024-05-11,Slogans / Code words,Antisemitism,New York,2024,5,2024-05,2
72897,2024-09-24,Groups / Movements,Antisemitism,Rhode Island,2024,9,2024-09,3
72898,2024-02-10,Slogans / Code words,Antisemitism,Pennsylvania,2024,2,2024-02,1
72899,2024-02-13,Groups / Movements,Antisemitism,Pennsylvania,2024,2,2024-02,1
72900,2024-09-24,Slogans / Code words,Antisemitism,Vermont,2024,9,2024-09,3
72901,2024-09-24,Slogans / Code words,Antisemitism,Washington,2024,9,2024-09,3
72902,2024-09-24,Numbers / Symbols,Antisemitism,Wisconsin,2024,9,2024-09,3
72903,2024-03-16,Groups / Movements,Antisemitism,Pennsylvania,2024,3,2024-03,1
72904,2024-09-25,Groups / Movements,Antisemitism,Louisiana,2024,9,2024-09,3
72905,2024-09-25,Groups / Movements,Antisemitism,Massachusetts,2024,9,2024-09,3
72906,2024-09-25,Groups / Movements,Antisemitism,Michigan,2024,9,2024-09,3
72907,2024-10-07,Numbers / Symbols,Antisemitism,New Jersey,2024,10,2024-10,4
72908,2024-10-07,Groups / Movements,Antisemitism,New York,2024,10,2024-10,4
72909,2024-10-07,Slogans / Code words,Antisemitism,New York,2024,10,2024-10,4
72910,2024-10-07,Groups / Movements,Antisemitism,New York,2024,10,2024-10,4
72911,2024-10-07,Slogans / Code words,Antisemitism,New York,2024,10,2024-10,4
72912,2024-10-07,Slogans / Code words,Antisemitism,New York,2024,10,2024-10,4
72913,2024-10-07,Groups / Movements,Antisemitism,North Carolina,2024,10,2024-10,4
72914,2024-10-07,Slogans / Code words,Antisemitism,Ohio,2024,10,2024-10,4
72915,2024-06-08,Slogans / Code words,Antisemitism,New York,2024,6,2024-06,2
72916,2024-06-08,Groups / Movements,Antisemitism,Wisconsin,2024,6,2024-06,2
72917,2024-04-20,Numbers / Symbols,Antisemitism,Illinois,2024,4,2024-04,2
72918,2024-06-09,Slogans / Code words,Antisemitism,Missouri,2024,6,2024-06,2
72919,2024-05-03,Slogans / Code words,Antisemitism,Illinois,2024,5,2024-05,2
72920,2024-05-08,Numbers / Symbols,Antisemitism,Illinois,2024,5,2024-05,2
72921,2024-06-10,Numbers / Symbols,Antisemitism,New York,2024,6,2024-06,2
72922,2024-06-10,Slogans / Code words,Antisemitism,New York,2024,6,2024-06,2
72923,2024-06-11,Slogans / Code words,Antisemitism,North Carolina,2024,6,2024-06,2
72924,2024-06-11,Slogans / Code words,Antisemitism,Virginia,2024,6,2024-06,2
72925,2024-06-27,Numbers / Symbols,Antisemitism,New Mexico,2024,6,2024-06,2
72926,2024-06-28,Groups / Movements,Antisemitism,Arizona,2024,6,2024-06,2
72927,2024-06-28,Slogans / Code words,Antisemitism,Minnesota,2024,6,2024-06,2
72928,2024-06-28,Numbers / Symbols,Antisemitism,New York,2024,6,2024-06,2
72929,2024-06-28,Groups / Movements,Antisemitism,North Carolina,2024,6,2024-06,2
72930,2024-06-28,Slogans / Code words,Antisemitism,Rhode Island,2024,6,2024-06,2
72931,2024-06-29,Slogans / Code words,Antisemitism,Louisiana,2024,6,2024-06,2
72932,2024-06-29,Slogans / Code words,Antisemitism,Maryland,2024,6,2024-06,2
72933,2024-06-29,Slogans / Code words,Antisemitism,Massachusetts,2024,6,2024-06,2
72934,2024-06-29,Slogans / Code words,Antisemitism,New Jersey,2024,6,2024-06,2
72935,2024-09-24,Slogans / Code words,Antisemitism,Massachusetts,2024,9,2024-09,3
72936,2024-09-24,Numbers / Symbols,Antisemitism,Michigan,2024,9,2024-09,3
72937,2024-09-24,Slogans / Code words,Antisemitism,New Mexico,2024,9,2024-09,3
72938,2024-09-24,Slogans / Code words,Antisemitism,New York,2024,9,2024-09,3
72939,2024-09-24,Numbers / Symbols,Antisemitism,New York,2024,9,2024-09,3
72940,2024-09-24,Slogans / Code words,Antisemitism,New York,2024,9,2024-09,3
72941,2024-09-24,Numbers / Symbols,Antisemitism,North Carolina,2024,9,2024-09,3
72942,2024-09-24,Slogans / Code words,Antisemitism,North Carolina,2024,9,2024-09,3
72943,2024-09-24,Groups / Movements,Antisemitism,North Carolina,2024,9,2024-09,3
72944,2024-09-24,Slogans / Code words,Antisemitism,Ohio,2024,9,2024-09,3
72945,2024-11-02,Numbers / Symbols,Antisemitism,Pennsylvania,2024,11,2024-11,4
72946,2024-03-08,Slogans / Code words,Antisemitism,Pennsylvania,2024,3,2024-03,1
72947,2024-10-07,Groups / Movements,Antisemitism,Pennsylvania,2024,10,2024-10,4
72948,2024-02-13,Slogans / Code words,Antisemitism,Pennsylvania,2024,2,2024-02,1
72949,2024-09-25,Slogans / Code words,Antisemitism,Virginia,2024,9,2024-09,3
72950,2024-09-25,Groups / Movements,Antisemitism,Wisconsin,2024,9,2024-09,3
72951,2024-02-17,Numbers / Symbols,Antisemitism,Pennsylvania,2024,2,2024-02,1
72952,2024-09-26,Slogans / Code words,Antisemitism,Colorado,2024,9,2024-09,3
72953,2024-09-26,Numbers / Symbols,Antisemitism,New York,2024,9,2024-09,3
72954,2024-09-26,Numbers / Symbols,Antisemitism,New York,2024,9,2024-09,3
72955,2024-10-05,Numbers / Symbols,Antisemitism,Missouri,2024,10,2024-10,4
72956,2024-10-05,Slogans / Code words,Antisemitism,New Hampshire,2024,10,2024-10,4
72957,2024-10-05,Groups / Movements,Antisemitism,New Mexico,2024,10,2024-10,4
72958,2024-10-05,Slogans / Code words,Antisemitism,New York,2024,10,2024-10,4
72959,2024-10-05,Slogans / Code words,Antisemitism,New York,2024,10,2024-10,4
72960,2024-10-05,Numbers / Symbols,Antisemitism,New York,2024,10,2024-10,4
72961,2024-10-05,Numbers / Symbols,Antisemitism,North Carolina,2024,10,2024-10,4
72962,2024-10-05,Groups / Movements,Antisemitism,Ohio,2024,10,2024-10,4
72963,2024-10-05,Groups / Movements,Antisemitism,Ohio,2024,10,2024-10,4
72964,2024-10-05,Slogans / Code words,Antisemitism,Oklahoma,2024,10,2024-10,4
72965,2024-10-05,Groups / Movements,Antisemitism,Oregon,2024,10,2024-10,4
72966,2024-10-05,Groups / Movements,Antisemitism,Oregon,2024,10,2024-10,4
72967,2024-10-05,Slogans / Code words,Antisemitism,Oregon,2024,10,2024-10,4
72968,2024-10-05,Numbers / Symbols,Antisemitism,Rhode Island,2024,10,2024-10,4
72969,2024-10-05,Numbers / Symbols,Antisemitism,Rhode Island,2024,10,2024-10,4
72970,2024-10-05,Slogans / Code words,Antisemitism,Tennessee,2024,10,2024-10,4
72971,2024-10-05,Groups / Movements,Antisemitism,Tennessee,2024,10,2024-10,4
72972,2024-03-05,Groups / Movements,Antisemitism,Pennsylvania,2024,3,2024-03,1
72973,2024-03-15,Slogans / Code words,Antisemitism,Pennsylvania,2024,3,2024-03,1
72974,2024-03-30,Groups / Movements,Antisemitism,Pennsylvania,2024,3,2024-03,1
72975,2024-10-07,Groups / Movements,Antisemitism,Michigan,2024,10,2024-10,4
72976,2024-10-07,Groups / Movements,Antisemitism,Michigan,2024,10,2024-10,4
72977,2024-10-07,Numbers / Symbols,Antisemitism,Michigan,2024,10,2024-10,4
72978,2024-10-07,People,Antisemitism,Michigan,2024,10,2024-10,4
72979,2024-10-07,Groups / Movements,Antisemitism,Minnesota,2024,10,2024-10,4
72980,2024-10-07,Slogans / Code words,Antisemitism,Minnesota,2024,10,2024-10,4
72981,2024-10-07,Slogans / Code words,Antisemitism,Nebraska,2024,10,2024-10,4
72982,2024-10-07,Slogans / Code words,Antisemitism,Nevada,2024,10,2024-10,4
72983,2024-10-07,Slogans / Code words,Antisemitism,New Hampshire,2024,10,2024-10,4
72984,2024-10-07,Slogans / Code words,Antisemitism,New Jersey,2024,10,2024-10,4
72985,2024-10-07,Slogans / Code words,Antisemitism,Oklahoma,2024,10,2024-10,4
72986,2024-10-07,Slogans / Code words,Antisemitism,Oklahoma,2024,10,2024-10,4
72987,2024-10-07,Groups / Movements,Antisemitism,Oregon,2024,10,2024-10,4
72988,2024-10-07,Slogans / Code words,Antisemitism,Oregon,2024,10,2024-10,4
72989,2024-10-05,Groups / Movements,Antisemitism,Texas,2024,10,2024-10,4
72990,2024-10-07,Groups / Movements,Antisemitism,Tennessee,2024,10,2024-10,4
72991,2024-11-19,Slogans / Code words,Antisemitism,Texas,2024,11,2024-11,4
72992,2024-11-20,Groups / Movements,Antisemitism,Texas,2024,11,2024-11,4
72993,2024-10-07,Slogans / Code words,Antisemitism,Vermont,2024,10,2024-10,4
72994,2024-10-07,Groups / Movements,Antisemitism,Virginia,2024,10,2024-10,4
72995,2024-10-13,Groups / Movements,Antisemitism,Washington,2024,10,2024-10,4
72996,2024-10-14,Slogans / Code words,Antisemitism,New York,2024,10,2024-10,4
72997,2024-11-16,Groups / Movements,Antisemitism,Texas,2024,11,2024-11,4
72998,2024-10-16,Slogans / Code words,Antisemitism,New Jersey,2024,10,2024-10,4
72999,2024-10-17,Groups / Movements,Antisemitism,Wisconsin,2024,10,2024-10,4
73000,2024-10-18,Numbers / Symbols,Antisemitism,Ohio,2024,10,2024-10,4
73001,2024-10-18,Numbers / Symbols,Antisemitism,Virginia,2024,10,2024-10,4
73002,2024-03-07,Slogans / Code words,Antisemitism,Texas,2024,3,2024-03,1
73003,2024-10-19,Numbers / Symbols,Antisemitism,New York,2024,10,2024-10,4
73004,2024-10-19,Numbers / Symbols,Antisemitism,North Carolina,2024,10,2024-10,4
73005,2024-06-09,Slogans / Code words,Antisemitism,Texas,2024,6,2024-06,2
73006,2024-08-03,Numbers / Symbols,Antisemitism,Texas,2024,8,2024-08,3
73007,2024-11-02,Numbers / Symbols,Antisemitism,Virginia,2024,11,2024-11,4
73008,2024-11-02,Groups / Movements,Antisemitism,Virginia,2024,11,2024-11,4
73009,2024-11-02,Groups / Movements,Antisemitism,Washington,2024,11,2024-11,4
73010,2024-11-02,Slogans / Code words,Antisemitism,Wisconsin,2024,11,2024-11,4
73011,2024-08-18,Groups / Movements,Antisemitism,Texas,2024,8,2024-08,3
73012,2024-11-03,Numbers / Symbols,Antisemitism,Minnesota,2024,11,2024-11,4
73013,2024-11-03,Slogans / Code words,Antisemitism,New York,2024,11,2024-11,4
73014,2024-11-04,Slogans / Code words,Antisemitism,New York,2024,11,2024-11,4
73015,2024-11-12,Numbers / Symbols,Antisemitism,Texas,2024,11,2024-11,4
73016,2024-11-26,Slogans / Code words,Antisemitism,Texas,2024,11,2024-11,4
73017,2024-12-04,Slogans / Code words,Antisemitism,Texas,2024,12,2024-12,4
73018,2024-11-17,Slogans / Code words,Antisemitism,New York,2024,11,2024-11,4
73019,2024-12-16,Groups / Movements,Antisemitism,Texas,2024,12,2024-12,4
73020,2024-10-05,Groups / Movements,Antisemitism,Texas,2024,10,2024-10,4
73021,2024-02-22,Slogans / Code words,Antisemitism,Texas,2024,2,2024-02,1
73022,2024-11-20,Slogans / Code words,Antisemitism,Kansas,2024,11,2024-11,4
73023,2024-02-13,Numbers / Symbols,Antisemitism,Texas,2024,2,2024-02,1
73024,2024-12-06,Groups / Movements,Antisemitism,New York,2024,12,2024-12,4
73025,2024-12-07,Slogans / Code words,Antisemitism,New York,2024,12,2024-12,4
73026,2024-12-08,Slogans / Code words,Antisemitism,Nebraska,2024,12,2024-12,4
73027,2024-12-08,Slogans / Code words,Antisemitism,New York,2024,12,2024-12,4
73028,2024-12-09,Slogans / Code words,Antisemitism,New York,2024,12,2024-12,4
73029,2024-12-09,Numbers / Symbols,Antisemitism,New York,2024,12,2024-12,4
73030,2024-12-09,People,Antisemitism,New York,2024,12,2024-12,4
73031,2024-12-15,Numbers / Symbols,Antisemitism,New York,2024,12,2024-12,4
73032,2024-07-02,Groups / Movements,Antisemitism,Texas,2024,7,2024-07,3
73033,2024-12-16,Slogans / Code words,Antisemitism,New Jersey,2024,12,2024-12,4
73034,2024-11-02,Groups / Movements,Antisemitism,Texas,2024,11,2024-11,4
73035,2024-12-18,People,Antisemitism,New York,2024,12,2024-12,4
73036,2024-12-21,Slogans / Code words,Antisemitism,New York,2024,12,2024-12,4
73037,2024-05-15,Numbers / Symbols,Antisemitism,Texas,2024,5,2024-05,2
73038,2024-12-22,Groups / Movements,Antisemitism,Georgia,2024,12,2024-12,4
73039,2024-12-25,People,Antisemitism,Arkansas,2024,12,2024-12,4
73040,2024-10-08,Slogans / Code words,Antisemitism,Texas,2024,10,2024-10,4
73041,2024-12-29,Slogans / Code words,Antisemitism,New York,2024,12,2024-12,4
73042,2024-12-31,Slogans / Code words,Antisemitism,Massachusetts,2024,12,2024-12,4
73043,2024-02-20,Slogans / Code words,Antisemitism,California,2024,2,2024-02,1
68707,2024-12-25,Groups / Movements,Antisemitism,Connecticut,2024,12,2024-12,4
68699,2024-12-24,Groups / Movements,Antisemitism,Colorado,2024,12,2024-12,4
68685,2024-12-23,Groups / Movements,Antisemitism,North Carolina,2024,12,2024-12,4
68720,2024-12-25,Groups / Movements,Antisemitism,Utah,2024,12,2024-12,4
68690,2024-12-23,Groups / Movements,Antisemitism,Pennsylvania,2024,12,2024-12,4
68691,2024-12-23,Groups / Movements,Antisemitism,South Carolina,2024,12,2024-12,4
68692,2024-12-23,Groups / Movements,Antisemitism,South Dakota,2024,12,2024-12,4
68693,2024-12-23,Groups / Movements,Antisemitism,Tennessee,2024,12,2024-12,4
68697,2024-12-23,Groups / Movements,Antisemitism,West Virginia,2024,12,2024-12,4
68698,2024-12-23,Groups / Movements,Antisemitism,West Virginia,2024,12,2024-12,4
68703,2024-12-25,Groups / Movements,Antisemitism,Alabama,2024,12,2024-12,4
68705,2024-12-25,Groups / Movements,Antisemitism,Connecticut,2024,12,2024-12,4
73044,2024-04-25,Slogans / Code words,Antisemitism,Pennsylvania,2024,4,2024-04,2
68811,2024-12-31,Slogans / Code words,Antisemitism,Wisconsin,2024,12,2024-12,4
68807,2024-12-31,Groups / Movements,Antisemitism,North Carolina,2024,12,2024-12,4
68424,2024-12-02,Groups / Movements,Antisemitism,Connecticut,2024,12,2024-12,4
68709,2024-12-25,Groups / Movements,Antisemitism,Louisiana,2024,12,2024-12,4
68710,2024-12-25,Groups / Movements,Antisemitism,Massachusetts,2024,12,2024-12,4
68711,2024-12-25,Groups / Movements,Antisemitism,Massachusetts,2024,12,2024-12,4
68712,2024-12-25,Groups / Movements,Antisemitism,Massachusetts,2024,12,2024-12,4
68716,2024-12-25,Groups / Movements,Antisemitism,North Carolina,2024,12,2024-12,4
68713,2024-12-25,Groups / Movements,Antisemitism,New Hampshire,2024,12,2024-12,4
68717,2024-12-25,Groups / Movements,Antisemitism,Ohio,2024,12,2024-12,4
68718,2024-12-25,Slogans / Code words,Antisemitism,Pennsylvania,2024,12,2024-12,4
68719,2024-12-25,Groups / Movements,Antisemitism,Rhode Island,2024,12,2024-12,4
68778,2024-12-30,Groups / Movements,Antisemitism,California,2024,12,2024-12,4
68779,2024-12-30,Groups / Movements,Antisemitism,California,2024,12,2024-12,4
68781,2024-12-30,Groups / Movements,Antisemitism,California,2024,12,2024-12,4
68782,2024-12-30,Groups / Movements,Antisemitism,California,2024,12,2024-12,4
68783,2024-12-30,Groups / Movements,Antisemitism,Colorado,2024,12,2024-12,4
68784,2024-12-30,Groups / Movements,Antisemitism,Colorado,2024,12,2024-12,4
68789,2024-12-30,Groups / Movements,Antisemitism,Massachusetts,2024,12,2024-12,4
68791,2024-12-30,Groups / Movements,Antisemitism,Massachusetts,2024,12,2024-12,4
68792,2024-12-30,Groups / Movements,Antisemitism,Missouri,2024,12,2024-12,4
68794,2024-12-30,Groups / Movements,Antisemitism,New Hampshire,2024,12,2024-12,4
68752,2024-12-27,Groups / Movements,Antisemitism,Utah,2024,12,2024-12,4
68756,2024-12-27,Groups / Movements,Antisemitism,Wisconsin,2024,12,2024-12,4
68757,2024-12-27,Groups / Movements,Antisemitism,Wisconsin,2024,12,2024-12,4
68754,2024-12-27,Groups / Movements,Antisemitism,West Virginia,2024,12,2024-12,4
68755,2024-12-27,Groups / Movements,Antisemitism,West Virginia,2024,12,2024-12,4
68758,2024-12-27,Groups / Movements,Antisemitism,Wyoming,2024,12,2024-12,4
68762,2024-12-28,Groups / Movements,Antisemitism,Colorado,2024,12,2024-12,4
68763,2024-12-28,Groups / Movements,Antisemitism,Colorado,2024,12,2024-12,4
68764,2024-12-28,Groups / Movements,Antisemitism,Colorado,2024,12,2024-12,4
68765,2024-12-28,Groups / Movements,Antisemitism,Massachusetts,2024,12,2024-12,4
68509,2024-12-08,Groups / Movements,Antisemitism,Wyoming,2024,12,2024-12,4
68651,2024-12-20,Groups / Movements,Antisemitism,Connecticut,2024,12,2024-12,4
68655,2024-12-20,Groups / Movements,Antisemitism,Illinois,2024,12,2024-12,4
68656,2024-12-20,Groups / Movements,Antisemitism,Indiana,2024,12,2024-12,4
68661,2024-12-20,Groups / Movements,Antisemitism,Missouri,2024,12,2024-12,4
68663,2024-12-20,Groups / Movements,Antisemitism,Virginia,2024,12,2024-12,4
68671,2024-12-23,Groups / Movements,Antisemitism,California,2024,12,2024-12,4
68672,2024-12-23,Groups / Movements,Antisemitism,Colorado,2024,12,2024-12,4
68674,2024-12-23,Groups / Movements,Antisemitism,Illinois,2024,12,2024-12,4
68677,2024-12-23,Groups / Movements,Antisemitism,Massachusetts,2024,12,2024-12,4
68678,2024-12-23,Groups / Movements,Antisemitism,Massachusetts,2024,12,2024-12,4
68497,2024-12-08,Groups / Movements,Antisemitism,Alabama,2024,12,2024-12,4
68498,2024-12-08,Groups / Movements,Antisemitism,California,2024,12,2024-12,4
68500,2024-12-08,Groups / Movements,Antisemitism,Colorado,2024,12,2024-12,4
68505,2024-12-08,Groups / Movements,Antisemitism,North Carolina,2024,12,2024-12,4
68506,2024-12-08,Groups / Movements,Antisemitism,Pennsylvania,2024,12,2024-12,4
68507,2024-12-08,Groups / Movements,Antisemitism,Pennsylvania,2024,12,2024-12,4
68508,2024-12-08,Groups / Movements,Antisemitism,South Carolina,2024,12,2024-12,4
68408,2024-10-26,Incidents / Events,Antisemitism,Illinois,2024,10,2024-10,4
68793,2024-12-30,Groups / Movements,Antisemitism,Nevada,2024,12,2024-12,4
68795,2024-12-30,Groups / Movements,Antisemitism,Tennessee,2024,12,2024-12,4
68796,2024-12-30,Groups / Movements,Antisemitism,Texas,2024,12,2024-12,4
68797,2024-12-30,Groups / Movements,Antisemitism,Virginia,2024,12,2024-12,4
68798,2024-12-30,Groups / Movements,Antisemitism,Virginia,2024,12,2024-12,4
68799,2024-12-30,Groups / Movements,Antisemitism,Virginia,2024,12,2024-12,4
68800,2024-12-30,Groups / Movements,Antisemitism,Virginia,2024,12,2024-12,4
68801,2024-12-30,Groups / Movements,Antisemitism,Wyoming,2024,12,2024-12,4
68802,2024-12-31,Groups / Movements,Antisemitism,Alabama,2024,12,2024-12,4
68676,2024-12-23,Groups / Movements,Antisemitism,Maryland,2024,12,2024-12,4
68680,2024-12-23,Groups / Movements,Antisemitism,Michigan,2024,12,2024-12,4
68681,2024-12-23,Groups / Movements,Antisemitism,Missouri,2024,12,2024-12,4
68684,2024-12-23,"Slogans / Code words, Conspiracy Theories",Antisemitism,North Carolina,2024,12,2024-12,4
68682,2024-12-23,Groups / Movements,Antisemitism,New Hampshire,2024,12,2024-12,4
68683,2024-12-23,Slogans / Code words,Antisemitism,New Hampshire,2024,12,2024-12,4
68686,2024-12-23,Groups / Movements,Antisemitism,Ohio,2024,12,2024-12,4
68688,2024-12-23,Groups / Movements,Antisemitism,Oregon,2024,12,2024-12,4
68689,2024-12-23,Groups / Movements,Antisemitism,Pennsylvania,2024,12,2024-12,4
68434,2024-12-03,Groups / Movements,Antisemitism,Alabama,2024,12,2024-12,4
68653,2024-12-20,Groups / Movements,Antisemitism,Connecticut,2024,12,2024-12,4
68673,2024-12-23,Groups / Movements,Antisemitism,Connecticut,2024,12,2024-12,4
68694,2024-12-23,Groups / Movements,Antisemitism,Virginia,2024,12,2024-12,4
68766,2024-12-28,Groups / Movements,Antisemitism,Massachusetts,2024,12,2024-12,4
68767,2024-12-28,Groups / Movements,Antisemitism,Michigan,2024,12,2024-12,4
68768,2024-12-28,Groups / Movements,Antisemitism,Ohio,2024,12,2024-12,4
68769,2024-12-28,Groups / Movements,Antisemitism,Pennsylvania,2024,12,2024-12,4
68770,2024-12-28,Groups / Movements,Antisemitism,Pennsylvania,2024,12,2024-12,4
68771,2024-12-28,Groups / Movements,Antisemitism,Texas,2024,12,2024-12,4
68773,2024-12-29,Groups / Movements,Antisemitism,Colorado,2024,12,2024-12,4
68774,2024-12-29,Groups / Movements,Antisemitism,Colorado,2024,12,2024-12,4
68776,2024-12-29,Groups / Movements,Antisemitism,Virginia,2024,12,2024-12,4
68777,2024-12-29,Groups / Movements,Antisemitism,Virginia,2024,12,2024-12,4
73045,2024-11-11,Key Concepts / Definitions,Antisemitism,Massachusetts,2024,11,2024-11,4
73046,2024-10-01,Key Concepts / Definitions,Antisemitism,Oregon,2024,10,2024-10,4
73047,2024-04-25,People,Antisemitism,New York,2024,4,2024-04,2
73048,2024-04-30,Publications,Antisemitism,New York,2024,4,2024-04,2
73049,2024-02-25,Slogans / Code words,Antisemitism,California,2024,2,2024-02,1
73050,2024-03-28,Slogans / Code words,Antisemitism,New York,2024,3,2024-03,1
73051,2024-03-17,Slogans / Code words,Antisemitism,Florida,2024,3,2024-03,1
73052,2024-04-01,Publications,Antisemitism,New Jersey,2024,4,2024-04,2
73053,2024-03-04,Groups / Movements,Antisemitism,New York,2024,3,2024-03,1
73054,2024-06-05,Slogans / Code words,Antisemitism,New York,2024,6,2024-06,2
73055,2024-04-02,Slogans / Code words,Antisemitism,California,2024,4,2024-04,2
73056,2024-12-04,Slogans / Code words,Antisemitism,Texas,2024,12,2024-12,4
73057,2024-11-04,Slogans / Code words,Antisemitism,New York,2024,11,2024-11,4
73058,2024-04-15,People,Antisemitism,New York,2024,4,2024-04,2
73059,2024-11-19,Slogans / Code words,Antisemitism,New York,2024,11,2024-11,4
73060,2024-11-01,People,Antisemitism,New York,2024,11,2024-11,4
73061,2024-11-01,Slogans / Code words,Antisemitism,New York,2024,11,2024-11,4
73062,2024-11-02,Groups / Movements,Antisemitism,New York,2024,11,2024-11,4
73063,2024-11-15,Groups / Movements,Antisemitism,New York,2024,11,2024-11,4
73064,2024-11-15,Slogans / Code words,Antisemitism,New York,2024,11,2024-11,4
73065,2024-12-28,Numbers / Symbols,Antisemitism,New York,2024,12,2024-12,4
73066,2024-11-18,Incidents / Events,Antisemitism,New York,2024,11,2024-11,4
73067,2024-12-18,Key Concepts / Definitions,Antisemitism,New York,2024,12,2024-12,4
73068,2024-11-05,Platforms / Sites,Antisemitism,New York,2024,11,2024-11,4
73070,2024-11-09,Groups / Movements,Antisemitism,New York,2024,11,2024-11,4
73071,2024-12-18,Key Concepts / Definitions,Antisemitism,New York,2024,12,2024-12,4
73072,2024-11-19,Numbers / Symbols,Antisemitism,New York,2024,11,2024-11,4
73073,2024-11-26,Slogans / Code words,Antisemitism,New York,2024,11,2024-11,4
73074,2024-12-24,Numbers / Symbols,Antisemitism,New York,2024,12,2024-12,4
73075,2024-12-18,People,Antisemitism,New York,2024,12,2024-12,4
73076,2024-12-18,Key Concepts / Definitions,Antisemitism,New York,2024,12,2024-12,4
73077,2024-12-18,Groups / Movements,Antisemitism,New York,2024,12,2024-12,4
73078,2024-12-18,Groups / Movements,Antisemitism,New York,2024,12,2024-12,4
73079,2024-12-21,"Slogans / Code words, Key Concepts / Definitions",Antisemitism,New York,2024,12,2024-12,4
73080,2024-12-22,Slogans / Code words,Antisemitism,New York,2024,12,2024-12,4
73081,2024-12-24,Key Concepts / Definitions,Antisemitism,New York,2024,12,2024-12,4
73082,2024-12-24,Publications,Antisemitism,New York,2024,12,2024-12,4
73083,2024-11-04,Incidents / Events,Antisemitism,New York,2024,11,2024-11,4
73084,2024-11-09,Incidents / Events,Antisemitism,New York,2024,11,2024-11,4
73085,2024-11-14,People,Antisemitism,New York,2024,11,2024-11,4
73086,2024-11-20,Numbers / Symbols,Antisemitism,New York,2024,11,2024-11,4
73087,2024-11-20,Slogans / Code words,Antisemitism,New York,2024,11,2024-11,4
73088,2024-12-04,Slogans / Code words,Antisemitism,New York,2024,12,2024-12,4
73089,2024-12-07,Incidents / Events,Antisemitism,New York,2024,12,2024-12,4
73090,2024-12-12,Incidents / Events,Antisemitism,New York,2024,12,2024-12,4
73091,2024-12-17,Slogans / Code words,Antisemitism,New York,2024,12,2024-12,4
73092,2024-08-14,Key Concepts / Definitions,Antisemitism,Ohio,2024,8,2024-08,3
73093,2024-09-02,Incidents / Events,Antisemitism,Ohio,2024,9,2024-09,3
73094,2024-09-01,Incidents / Events,Antisemitism,Ohio,2024,9,2024-09,3
73095,2024-09-02,Incidents / Events,Antisemitism,Ohio,2024,9,2024-09,3
73096,2024-09-02,Incidents / Events,Antisemitism,Ohio,2024,9,2024-09,3
73097,2024-09-02,Incidents / Events,Antisemitism,Ohio,2024,9,2024-09,3
73098,2024-09-12,Groups / Movements,Antisemitism,New Jersey,2024,9,2024-09,3
73099,2024-09-09,Slogans / Code words,Antisemitism,New Jersey,2024,9,2024-09,3
73100,2024-10-28,Slogans / Code words,Antisemitism,New Jersey,2024,10,2024-10,4
73101,2024-07-08,"Slogans / Code words, Conspiracy Theories",Antisemitism,New Jersey,2024,7,2024-07,3
73102,2024-10-08,Slogans / Code words,Antisemitism,New Jersey,2024,10,2024-10,4
73103,2024-10-19,Slogans / Code words,Antisemitism,New Jersey,2024,10,2024-10,4
73104,2024-11-10,People,Antisemitism,New Jersey,2024,11,2024-11,4
73105,2024-07-04,Slogans / Code words,Antisemitism,New Jersey,2024,7,2024-07,3
73106,2024-07-20,Numbers / Symbols,Antisemitism,New Jersey,2024,7,2024-07,3
73107,2024-08-31,Numbers / Symbols,Antisemitism,New Jersey,2024,8,2024-08,3
73108,2024-09-30,Numbers / Symbols,Antisemitism,New Jersey,2024,9,2024-09,3
73109,2024-10-29,Groups / Movements,Antisemitism,New Jersey,2024,10,2024-10,4
73110,2024-10-31,People,Antisemitism,New Jersey,2024,10,2024-10,4
73111,2024-12-04,Slogans / Code words,Antisemitism,New Jersey,2024,12,2024-12,4
73112,2024-12-17,Numbers / Symbols,Antisemitism,New Jersey,2024,12,2024-12,4
73113,2024-09-18,Numbers / Symbols,Antisemitism,New Jersey,2024,9,2024-09,3
73114,2024-10-28,Numbers / Symbols,Antisemitism,New Jersey,2024,10,2024-10,4
73115,2024-12-30,Numbers / Symbols,Antisemitism,New Jersey,2024,12,2024-12,4
73116,2024-11-03,Numbers / Symbols,Antisemitism,New Jersey,2024,11,2024-11,4
73117,2024-11-05,Slogans / Code words,Antisemitism,New Jersey,2024,11,2024-11,4
73118,2024-10-29,Key Concepts / Definitions,Antisemitism,New Jersey,2024,10,2024-10,4
73119,2024-09-26,Key Concepts / Definitions,Antisemitism,New Jersey,2024,9,2024-09,3
73120,2024-08-20,Incidents / Events,Antisemitism,New Jersey,2024,8,2024-08,3
73121,2024-09-09,Numbers / Symbols,Antisemitism,New Jersey,2024,9,2024-09,3
73122,2024-10-03,People,Antisemitism,New Jersey,2024,10,2024-10,4
73123,2024-11-16,Slogans / Code words,Antisemitism,New Jersey,2024,11,2024-11,4
73124,2024-10-29,Numbers / Symbols,Antisemitism,New Jersey,2024,10,2024-10,4
73125,2024-09-06,Numbers / Symbols,Antisemitism,New Jersey,2024,9,2024-09,3
73126,2024-08-22,Incidents / Events,Antisemitism,New Jersey,2024,8,2024-08,3
73127,2024-10-28,Key Concepts / Definitions,Antisemitism,New Jersey,2024,10,2024-10,4
73128,2024-12-10,Key Concepts / Definitions,Antisemitism,New Jersey,2024,12,2024-12,4
73129,2024-07-30,Numbers / Symbols,Antisemitism,New Jersey,2024,7,2024-07,3
73130,2024-10-26,Slogans / Code words,Antisemitism,New Jersey,2024,10,2024-10,4
73131,2024-10-16,Numbers / Symbols,Antisemitism,New Jersey,2024,10,2024-10,4
73132,2024-12-11,Slogans / Code words,Antisemitism,New Jersey,2024,12,2024-12,4
73133,2024-12-05,Slogans / Code words,Antisemitism,New Jersey,2024,12,2024-12,4
73134,2024-07-05,Incidents / Events,Antisemitism,New Jersey,2024,7,2024-07,3
73135,2024-09-24,Numbers / Symbols,Antisemitism,New Jersey,2024,9,2024-09,3
73136,2024-09-16,Slogans / Code words,Antisemitism,New Jersey,2024,9,2024-09,3
73137,2024-09-12,Incidents / Events,Antisemitism,Ohio,2024,9,2024-09,3
73138,2024-11-10,Incidents / Events,Antisemitism,New Jersey,2024,11,2024-11,4
73139,2024-09-16,Numbers / Symbols,Antisemitism,New Jersey,2024,9,2024-09,3
73140,2024-10-20,Slogans / Code words,Antisemitism,New Jersey,2024,10,2024-10,4
73141,2024-09-07,Numbers / Symbols,Antisemitism,New Jersey,2024,9,2024-09,3
73142,2024-07-27,Slogans / Code words,Antisemitism,New Jersey,2024,7,2024-07,3
73143,2024-08-15,Numbers / Symbols,Antisemitism,New Jersey,2024,8,2024-08,3
73144,2024-10-09,Numbers / Symbols,Antisemitism,New Jersey,2024,10,2024-10,4
73145,2024-08-29,Numbers / Symbols,Antisemitism,New Jersey,2024,8,2024-08,3
73146,2024-10-15,Numbers / Symbols,Antisemitism,New Jersey,2024,10,2024-10,4
73147,2024-07-31,Numbers / Symbols,Antisemitism,New Jersey,2024,7,2024-07,3
73148,2024-12-17,Conspiracy Theories,Antisemitism,New Jersey,2024,12,2024-12,4
73149,2024-10-12,Numbers / Symbols,Antisemitism,New Jersey,2024,10,2024-10,4
73150,2024-10-29,Slogans / Code words,Antisemitism,New Jersey,2024,10,2024-10,4
73151,2024-12-13,Numbers / Symbols,Antisemitism,New Jersey,2024,12,2024-12,4
73152,2024-12-05,Slogans / Code words,Antisemitism,New Jersey,2024,12,2024-12,4
73153,2024-11-13,Groups / Movements,Antisemitism,New Jersey,2024,11,2024-11,4
73154,2024-11-26,Numbers / Symbols,Antisemitism,New Jersey,2024,11,2024-11,4
73155,2024-09-24,Numbers / Symbols,Antisemitism,New Jersey,2024,9,2024-09,3
73156,2024-12-09,Slogans / Code words,Antisemitism,New Jersey,2024,12,2024-12,4
73157,2024-11-19,People,Antisemitism,New Jersey,2024,11,2024-11,4
73158,2024-11-13,Groups / Movements,Antisemitism,New Jersey,2024,11,2024-11,4
73159,2024-10-28,Numbers / Symbols,Antisemitism,New Jersey,2024,10,2024-10,4
73160,2024-07-12,Numbers / Symbols,Antisemitism,New Jersey,2024,7,2024-07,3
73161,2024-09-26,"Key Concepts / Definitions, Tactics",Antisemitism,New Jersey,2024,9,2024-09,3
73162,2024-11-07,Slogans / Code words,Antisemitism,New Jersey,2024,11,2024-11,4
73163,2024-09-03,Incidents / Events,Antisemitism,New Jersey,2024,9,2024-09,3
73164,2024-09-13,Incidents / Events,Antisemitism,New Jersey,2024,9,2024-09,3
73165,2024-11-22,Slogans / Code words,Antisemitism,New Jersey,2024,11,2024-11,4
73166,2024-11-11,Numbers / Symbols,Antisemitism,New Jersey,2024,11,2024-11,4
73167,2024-10-02,Key Concepts / Definitions,Antisemitism,New Jersey,2024,10,2024-10,4
73168,2024-11-13,Slogans / Code words,Antisemitism,New Jersey,2024,11,2024-11,4
73169,2024-09-27,Slogans / Code words,Antisemitism,New Jersey,2024,9,2024-09,3
73170,2024-10-03,Slogans / Code words,Antisemitism,New Jersey,2024,10,2024-10,4
73171,2024-10-07,Slogans / Code words,Antisemitism,New Jersey,2024,10,2024-10,4
73172,2024-10-08,Slogans / Code words,Antisemitism,New Jersey,2024,10,2024-10,4
73173,2024-10-08,Slogans / Code words,Antisemitism,New Jersey,2024,10,2024-10,4
73174,2024-10-07,People,Antisemitism,New Jersey,2024,10,2024-10,4
73176,2024-11-19,Slogans / Code words,Antisemitism,New Jersey,2024,11,2024-11,4
73177,2024-07-07,Numbers / Symbols,Antisemitism,New Jersey,2024,7,2024-07,3
73178,2024-11-10,Numbers / Symbols,Antisemitism,New Jersey,2024,11,2024-11,4
73179,2024-12-19,Numbers / Symbols,Antisemitism,New Jersey,2024,12,2024-12,4
73180,2024-09-26,Slogans / Code words,Antisemitism,New Jersey,2024,9,2024-09,3
73181,2024-10-28,Slogans / Code words,Antisemitism,New Jersey,2024,10,2024-10,4
73182,2024-12-25,Incidents / Events,Antisemitism,New Jersey,2024,12,2024-12,4
73183,2024-10-31,Numbers / Symbols,Antisemitism,New Jersey,2024,10,2024-10,4
73184,2024-12-08,Incidents / Events,Antisemitism,New Jersey,2024,12,2024-12,4
73185,2024-12-17,Publications,Antisemitism,New Jersey,2024,12,2024-12,4
73186,2024-09-13,Numbers / Symbols,Antisemitism,New Jersey,2024,9,2024-09,3
73187,2024-08-05,Numbers / Symbols,Antisemitism,New Jersey,2024,8,2024-08,3
73188,2024-07-10,Numbers / Symbols,Antisemitism,New Jersey,2024,7,2024-07,3
73189,2024-11-14,Slogans / Code words,Antisemitism,New Jersey,2024,11,2024-11,4
73190,2024-07-24,Slogans / Code words,Antisemitism,New Jersey,2024,7,2024-07,3
73191,2024-11-15,Key Concepts / Definitions,Antisemitism,New Jersey,2024,11,2024-11,4
73192,2024-11-08,Slogans / Code words,Antisemitism,New Jersey,2024,11,2024-11,4
73193,2024-11-03,Numbers / Symbols,Antisemitism,New Jersey,2024,11,2024-11,4
73194,2024-12-17,Slogans / Code words,Antisemitism,New Jersey,2024,12,2024-12,4
73195,2024-08-27,Slogans / Code words,Antisemitism,New Jersey,2024,8,2024-08,3
73196,2024-09-08,Numbers / Symbols,Antisemitism,New Jersey,2024,9,2024-09,3
73197,2024-10-13,Slogans / Code words,Antisemitism,New Jersey,2024,10,2024-10,4
73198,2024-11-03,Numbers / Symbols,Antisemitism,New Jersey,2024,11,2024-11,4
73199,2024-10-22,Numbers / Symbols,Antisemitism,New Jersey,2024,10,2024-10,4
73200,2024-10-30,Numbers / Symbols,Antisemitism,New Jersey,2024,10,2024-10,4
73201,2024-12-01,Slogans / Code words,Antisemitism,New Jersey,2024,12,2024-12,4
73202,2024-08-19,Groups / Movements,Antisemitism,New Jersey,2024,8,2024-08,3
73203,2024-07-29,Publications,Antisemitism,New Jersey,2024,7,2024-07,3
73204,2024-12-14,Incidents / Events,Antisemitism,New Jersey,2024,12,2024-12,4
73205,2024-07-03,Numbers / Symbols,Antisemitism,New Jersey,2024,7,2024-07,3
73206,2024-07-17,Publications,Antisemitism,New Jersey,2024,7,2024-07,3
73207,2024-07-28,Slogans / Code words,Antisemitism,New Jersey,2024,7,2024-07,3
73208,2024-08-16,People,Antisemitism,New Jersey,2024,8,2024-08,3
73209,2024-10-14,Incidents / Events,Antisemitism,New Jersey,2024,10,2024-10,4
73210,2024-09-12,Slogans / Code words,Antisemitism,New Jersey,2024,9,2024-09,3
73211,2024-10-25,Numbers / Symbols,Antisemitism,New Jersey,2024,10,2024-10,4
73212,2024-08-20,Slogans / Code words,Antisemitism,New Jersey,2024,8,2024-08,3
73213,2024-09-06,Numbers / Symbols,Antisemitism,New Jersey,2024,9,2024-09,3
73214,2024-07-03,Slogans / Code words,Antisemitism,New Jersey,2024,7,2024-07,3
73215,2024-08-03,Slogans / Code words,Antisemitism,New Jersey,2024,8,2024-08,3
73216,2024-09-02,Slogans / Code words,Antisemitism,New Jersey,2024,9,2024-09,3
73217,2024-09-20,Slogans / Code words,Antisemitism,New Jersey,2024,9,2024-09,3
73218,2024-09-28,Incidents / Events,Antisemitism,New Jersey,2024,9,2024-09,3
73219,2024-12-09,People,Antisemitism,New Jersey,2024,12,2024-12,4
73220,2024-08-29,Numbers / Symbols,Antisemitism,New Jersey,2024,8,2024-08,3
73221,2024-10-24,Incidents / Events,Antisemitism,New Jersey,2024,10,2024-10,4
73222,2024-12-09,Key Concepts / Definitions,Antisemitism,New Jersey,2024,12,2024-12,4
73223,2024-07-03,Numbers / Symbols,Antisemitism,New Jersey,2024,7,2024-07,3
73224,2024-09-18,Slogans / Code words,Antisemitism,New Jersey,2024,9,2024-09,3
73225,2024-12-18,Publications,Antisemitism,New Jersey,2024,12,2024-12,4
73226,2024-07-18,Numbers / Symbols,Antisemitism,New Jersey,2024,7,2024-07,3
73227,2024-09-22,Slogans / Code words,Antisemitism,New Jersey,2024,9,2024-09,3
73228,2024-08-21,Numbers / Symbols,Antisemitism,New Jersey,2024,8,2024-08,3
73229,2024-07-02,Publications,Antisemitism,New Jersey,2024,7,2024-07,3
73230,2024-07-07,Numbers / Symbols,Antisemitism,New Jersey,2024,7,2024-07,3
73231,2024-09-18,People,Antisemitism,New Jersey,2024,9,2024-09,3
73232,2024-10-07,Slogans / Code words,Antisemitism,New Jersey,2024,10,2024-10,4
73233,2024-11-16,Groups / Movements,Antisemitism,New Jersey,2024,11,2024-11,4
73234,2024-10-24,People,Antisemitism,New Jersey,2024,10,2024-10,4
73235,2024-10-28,Slogans / Code words,Antisemitism,New Jersey,2024,10,2024-10,4
73236,2024-10-29,"Slogans / Code words, Key Concepts / Definitions",Antisemitism,New Jersey,2024,10,2024-10,4
73237,2024-11-08,Slogans / Code words,Antisemitism,New Jersey,2024,11,2024-11,4
73238,2024-11-25,Slogans / Code words,Antisemitism,New Jersey,2024,11,2024-11,4
73239,2024-08-22,Slogans / Code words,Antisemitism,New Jersey,2024,8,2024-08,3
73240,2024-09-03,Numbers / Symbols,Antisemitism,New Jersey,2024,9,2024-09,3
73241,2024-09-17,Slogans / Code words,Antisemitism,New Jersey,2024,9,2024-09,3
73242,2024-11-24,Numbers / Symbols,Antisemitism,New Jersey,2024,11,2024-11,4
73243,2024-09-09,Numbers / Symbols,Antisemitism,New Jersey,2024,9,2024-09,3
73244,2024-09-10,Slogans / Code words,Antisemitism,New Jersey,2024,9,2024-09,3
73245,2024-10-16,Numbers / Symbols,Antisemitism,New Jersey,2024,10,2024-10,4
73246,2024-10-23,Numbers / Symbols,Antisemitism,New Jersey,2024,10,2024-10,4
73247,2024-11-18,Numbers / Symbols,Antisemitism,New Jersey,2024,11,2024-11,4
73248,2024-07-27,Slogans / Code words,Antisemitism,New Jersey,2024,7,2024-07,3
73249,2024-09-10,Slogans / Code words,Antisemitism,New Jersey,2024,9,2024-09,3
73250,2024-09-16,People,Antisemitism,New Jersey,2024,9,2024-09,3
73251,2024-10-13,Slogans / Code words,Antisemitism,New Jersey,2024,10,2024-10,4
73252,2024-11-03,Slogans / Code words,Antisemitism,New Jersey,2024,11,2024-11,4
73253,2024-12-06,Slogans / Code words,Antisemitism,New Jersey,2024,12,2024-12,4
73254,2024-12-26,Publications,Antisemitism,New Jersey,2024,12,2024-12,4
73255,2024-10-12,Numbers / Symbols,Antisemitism,New Jersey,2024,10,2024-10,4
73256,2024-12-12,Numbers / Symbols,Antisemitism,New Jersey,2024,12,2024-12,4
73257,2024-09-10,Numbers / Symbols,Antisemitism,New Jersey,2024,9,2024-09,3
73258,2024-10-01,Numbers / Symbols,Antisemitism,New Jersey,2024,10,2024-10,4
73259,2024-07-23,Numbers / Symbols,Antisemitism,New Jersey,2024,7,2024-07,3
73260,2024-10-10,Groups / Movements,Antisemitism,Texas,2024,10,2024-10,4
73261,2024-10-10,Numbers / Symbols,Antisemitism,New Hampshire,2024,10,2024-10,4
73262,2024-12-08,Slogans / Code words,Antisemitism,New York,2024,12,2024-12,4
73263,2024-10-19,Groups / Movements,Antisemitism,Alabama,2024,10,2024-10,4
73264,2024-08-28,Slogans / Code words,Antisemitism,Oregon,2024,8,2024-08,3
73265,2024-06-12,Groups / Movements,Antisemitism,Connecticut,2024,6,2024-06,2
73266,2024-01-14,Slogans / Code words,Antisemitism,Nevada,2024,1,2024-01,1
73267,2024-01-23,"Slogans / Code words, Conspiracy Theories",Antisemitism,Minnesota,2024,1,2024-01,1
73268,2024-01-25,Slogans / Code words,Antisemitism,Wisconsin,2024,1,2024-01,1
73269,2024-01-28,Numbers / Symbols,Antisemitism,Colorado,2024,1,2024-01,1
73270,2024-02-04,Slogans / Code words,Antisemitism,Colorado,2024,2,2024-02,1
73271,2024-02-12,Slogans / Code words,Antisemitism,Colorado,2024,2,2024-02,1
73272,2024-02-19,Slogans / Code words,Antisemitism,Nevada,2024,2,2024-02,1
73273,2024-02-28,Slogans / Code words,Antisemitism,New York,2024,2,2024-02,1
73274,2024-03-03,Slogans / Code words,Antisemitism,Texas,2024,3,2024-03,1
73275,2024-03-19,Slogans / Code words,Antisemitism,Nevada,2024,3,2024-03,1
73276,2024-06-07,Numbers / Symbols,Antisemitism,New York,2024,6,2024-06,2
73277,2024-06-13,Slogans / Code words,Antisemitism,New York,2024,6,2024-06,2
73278,2024-06-14,Slogans / Code words,Antisemitism,Minnesota,2024,6,2024-06,2
73279,2024-06-16,Slogans / Code words,Antisemitism,Colorado,2024,6,2024-06,2
73280,2024-06-16,Slogans / Code words,Antisemitism,Florida,2024,6,2024-06,2
73281,2024-06-23,Slogans / Code words,Antisemitism,Colorado,2024,6,2024-06,2
73282,2024-06-24,Numbers / Symbols,Antisemitism,Louisiana,2024,6,2024-06,2
73283,2024-07-04,Slogans / Code words,Antisemitism,Colorado,2024,7,2024-07,3
73284,2024-07-24,Numbers / Symbols,Antisemitism,Colorado,2024,7,2024-07,3
73285,2024-08-20,Slogans / Code words,Antisemitism,New York,2024,8,2024-08,3
73286,2024-08-26,Slogans / Code words,Antisemitism,Colorado,2024,8,2024-08,3
73287,2024-09-03,Slogans / Code words,Antisemitism,New York,2024,9,2024-09,3
73288,2024-09-10,Slogans / Code words,Antisemitism,New York,2024,9,2024-09,3
73289,2024-10-04,People,Antisemitism,New York,2024,10,2024-10,4
73290,2024-10-05,Groups / Movements,Antisemitism,Colorado,2024,10,2024-10,4
73291,2024-10-15,Slogans / Code words,Antisemitism,New York,2024,10,2024-10,4
73292,2024-10-22,Slogans / Code words,Antisemitism,New York,2024,10,2024-10,4
73293,2024-10-27,Numbers / Symbols,Antisemitism,Washington,2024,10,2024-10,4
73294,2024-10-29,Slogans / Code words,Antisemitism,New York,2024,10,2024-10,4
73295,2024-11-06,Numbers / Symbols,Antisemitism,Colorado,2024,11,2024-11,4
73296,2024-03-25,Slogans / Code words,Antisemitism,Minnesota,2024,3,2024-03,1
73297,2024-04-10,Slogans / Code words,Antisemitism,Colorado,2024,4,2024-04,2
73298,2024-04-15,Numbers / Symbols,Antisemitism,Virginia,2024,4,2024-04,2
73299,2024-04-25,Slogans / Code words,Antisemitism,New York,2024,4,2024-04,2
73300,2024-05-01,Slogans / Code words,Antisemitism,Minnesota,2024,5,2024-05,2
73301,2024-05-01,Numbers / Symbols,Antisemitism,New York,2024,5,2024-05,2
73302,2024-05-08,Slogans / Code words,Antisemitism,Colorado,2024,5,2024-05,2
73303,2024-05-30,Slogans / Code words,Antisemitism,Colorado,2024,5,2024-05,2
73304,2024-06-01,Groups / Movements,Antisemitism,Colorado,2024,6,2024-06,2
73305,2024-06-01,Slogans / Code words,Antisemitism,Minnesota,2024,6,2024-06,2
73306,2024-11-15,Slogans / Code words,Antisemitism,New York,2024,11,2024-11,4
73307,2024-11-15,Slogans / Code words,Antisemitism,Texas,2024,11,2024-11,4
73308,2024-11-19,Slogans / Code words,Antisemitism,New York,2024,11,2024-11,4
73309,2024-11-21,Slogans / Code words,Antisemitism,New York,2024,11,2024-11,4
73310,2024-11-25,Groups / Movements,Antisemitism,Florida,2024,11,2024-11,4
73311,2024-11-29,Slogans / Code words,Antisemitism,Minnesota,2024,11,2024-11,4
73312,2024-11-29,Slogans / Code words,Antisemitism,New York,2024,11,2024-11,4
73313,2024-11-29,Slogans / Code words,Antisemitism,New York,2024,11,2024-11,4
73314,2024-12-03,Slogans / Code words,Antisemitism,New York,2024,12,2024-12,4
73315,2024-12-13,Slogans / Code words,Antisemitism,Illinois,2024,12,2024-12,4
73316,2024-01-01,Incidents / Events,Antisemitism,New York,2024,1,2024-01,1
73317,2024-10-28,Slogans / Code words,Antisemitism,Georgia,2024,10,2024-10,4
